timestamp,price,quantity,side,trade_id
1735776059999000000,94627.53,5.109670,BUY,0
1735776119999000000,94597.85,4.561980,SELL,1
1735776179999000000,94557.86,19.732030,SELL,2
1735776239999000000,94538.18,7.769430,SELL,3
1735776299999000000,94472.98,39.397760,SELL,4
1735776359999000000,94517.32,12.898630,BUY,5
1735776419999000000,94552.56,6.362160,BUY,6
1735776479999000000,94525.15,10.427400,SELL,7
1735776539999000000,94586.60,5.691000,BUY,8
1735776599999000000,94564.01,4.783160,SELL,9
1735776659999000000,94544.00,5.030010,SELL,10
1735776719999000000,94483.24,3.005180,SELL,11
1735776779999000000,94469.71,4.674630,SELL,12
1735776839999000000,94522.92,9.975600,BUY,13
1735776899999000000,94530.31,7.102560,BUY,14
1735776959999000000,94590.89,5.368500,BUY,15
1735777019999000000,94493.56,7.006280,SELL,16
1735777079999000000,94457.23,14.973990,SELL,17
1735777139999000000,94505.38,15.064280,BUY,18
1735777199999000000,94468.08,6.707040,SELL,19
1735777259999000000,94523.52,13.210850,BUY,20
1735777319999000000,94506.06,5.017510,SELL,21
1735777379999000000,94525.55,15.581640,BUY,22
1735777439999000000,94670.32,24.290090,BUY,23
1735777499999000000,94852.07,29.439670,BUY,24
1735777559999000000,95000.00,40.996830,BUY,25
1735777619999000000,95050.08,57.625190,BUY,26
1735777679999000000,95036.01,61.608390,SELL,27
1735777739999000000,94924.24,29.758890,SELL,28
1735777799999000000,94928.71,26.406640,BUY,29
1735777859999000000,94819.38,22.473980,SELL,30
1735777919999000000,94825.46,14.408900,BUY,31
1735777979999000000,94949.63,24.696040,BUY,32
1735778039999000000,95025.33,61.915840,BUY,33
1735778099999000000,95045.46,18.601610,BUY,34
1735778159999000000,95055.21,53.501770,BUY,35
1735778219999000000,94998.27,29.251510,SELL,36
1735778279999000000,95071.99,18.730000,BUY,37
1735778339999000000,95091.09,18.087400,BUY,38
1735778399999000000,95111.52,29.970350,BUY,39
1735778459999000000,95083.89,16.950190,SELL,40
1735778519999000000,95123.66,19.243980,BUY,41
1735778579999000000,95093.51,17.277190,SELL,42
1735778639999000000,95106.15,26.256120,BUY,43
1735778699999000000,95105.00,12.619390,SELL,44
1735778759999000000,95044.45,14.295610,SELL,45
1735778819999000000,95284.06,63.312870,BUY,46
1735778879999000000,95268.57,41.587940,SELL,47
1735778939999000000,95339.50,36.844630,BUY,48
1735778999999000000,95320.20,15.191810,SELL,49
1735779059999000000,95295.64,27.957440,SELL,50
1735779119999000000,95336.31,10.941440,BUY,51
1735779179999000000,95272.00,12.688250,SELL,52
1735779239999000000,95271.99,14.112460,SELL,53
1735779299999000000,95266.70,11.899480,SELL,54
1735779359999000000,95207.29,15.152050,SELL,55
1735779419999000000,95186.27,8.994490,SELL,56
1735779479999000000,95112.85,8.481140,SELL,57
1735779539999000000,95085.41,9.619740,SELL,58
1735779599999000000,95128.59,7.125120,BUY,59
1735779659999000000,95123.01,15.577670,SELL,60
1735779719999000000,95344.70,251.300820,BUY,61
1735779779999000000,95291.36,21.953690,SELL,62
1735779839999000000,95258.81,10.134110,SELL,63
1735779899999000000,95254.76,44.095170,SELL,64
1735779959999000000,95384.00,51.359350,BUY,65
1735780019999000000,95426.33,21.808100,BUY,66
1735780079999000000,95509.37,48.216030,BUY,67
1735780139999000000,95506.58,20.524870,SELL,68
1735780199999000000,95392.01,7.751130,SELL,69
1735780259999000000,95369.10,20.932980,SELL,70
1735780319999000000,95353.34,9.646000,SELL,71
1735780379999000000,95272.37,15.627610,SELL,72
1735780439999000000,95339.87,7.563440,BUY,73
1735780499999000000,95337.00,9.015500,SELL,74
1735780559999000000,95399.99,20.284470,BUY,75
1735780619999000000,95329.53,39.994500,SELL,76
1735780679999000000,95292.54,10.179010,SELL,77
1735780739999000000,95260.58,5.229450,SELL,78
1735780799999000000,95238.64,9.536670,SELL,79
1735780859999000000,95251.91,11.411170,BUY,80
1735780919999000000,95205.56,6.623940,SELL,81
1735780979999000000,95200.00,4.544020,SELL,82
1735781039999000000,95147.95,11.932680,SELL,83
1735781099999000000,95067.99,31.638900,SELL,84
1735781159999000000,95103.98,9.993020,BUY,85
1735781219999000000,95128.86,6.136020,BUY,86
1735781279999000000,95112.51,17.202830,SELL,87
1735781339999000000,95112.53,4.106530,BUY,88
1735781399999000000,95081.09,4.795150,SELL,89
1735781459999000000,95022.89,7.700130,SELL,90
1735781519999000000,94907.38,9.730240,SELL,91
1735781579999000000,94759.53,172.496040,SELL,92
1735781639999000000,94786.23,10.343660,BUY,93
1735781699999000000,94776.01,25.863770,SELL,94
1735781759999000000,94789.19,8.886610,BUY,95
1735781819999000000,94815.01,14.859120,BUY,96
1735781879999000000,94949.99,13.466860,BUY,97
1735781939999000000,94931.97,21.827800,SELL,98
1735781999999000000,95015.15,6.533650,BUY,99
1735782059999000000,94984.85,6.796180,SELL,100
1735782119999000000,95012.46,8.851030,BUY,101
1735782179999000000,95002.01,9.299810,SELL,102
1735782239999000000,94972.15,2.660700,SELL,103
1735782299999000000,94996.50,5.562160,BUY,104
1735782359999000000,95001.35,4.373350,BUY,105
1735782419999000000,94939.55,5.590820,SELL,106
1735782479999000000,94854.06,4.308250,SELL,107
1735782539999000000,94914.22,8.636430,BUY,108
1735782599999000000,94903.90,5.615270,SELL,109
1735782659999000000,94904.20,2.527470,BUY,110
1735782719999000000,94927.87,3.216090,BUY,111
1735782779999000000,94929.69,3.331550,BUY,112
1735782839999000000,94960.00,5.672760,BUY,113
1735782899999000000,94942.25,3.988500,SELL,114
1735782959999000000,94913.49,7.759580,SELL,115
1735783019999000000,94885.10,4.694090,SELL,116
1735783079999000000,94857.29,3.770160,SELL,117
1735783139999000000,94863.61,2.807760,BUY,118
1735783199999000000,94862.72,3.081500,SELL,119
1735783259999000000,94863.63,7.361210,BUY,120
1735783319999000000,94841.85,5.782320,SELL,121
1735783379999000000,94866.40,5.280960,BUY,122
1735783439999000000,94865.57,6.214150,SELL,123
1735783499999000000,94871.99,2.787130,BUY,124
1735783559999000000,94868.35,3.426650,SELL,125
1735783619999000000,94976.89,7.267880,BUY,126
1735783679999000000,95014.50,16.562220,BUY,127
1735783739999000000,95017.38,5.358770,BUY,128
1735783799999000000,95033.88,11.188000,BUY,129
1735783859999000000,95106.61,9.464630,BUY,130
1735783919999000000,95067.02,2.734950,SELL,131
1735783979999000000,95052.48,1.618340,SELL,132
1735784039999000000,95036.35,4.127980,SELL,133
1735784099999000000,95020.53,2.060350,SELL,134
1735784159999000000,94969.25,3.742320,SELL,135
1735784219999000000,94894.81,3.419410,SELL,136
1735784279999000000,94905.43,2.181260,BUY,137
1735784339999000000,94883.97,6.167900,SELL,138
1735784399999000000,94912.07,2.654900,BUY,139
1735784459999000000,94965.81,4.313530,BUY,140
1735784519999000000,95002.43,6.106300,BUY,141
1735784579999000000,94992.00,8.304370,SELL,142
1735784639999000000,94984.84,4.451770,SELL,143
1735784699999000000,94988.72,3.954130,BUY,144
1735784759999000000,95009.34,3.604430,BUY,145
1735784819999000000,95028.28,2.307780,BUY,146
1735784879999000000,95108.41,4.431990,BUY,147
1735784939999000000,95015.09,89.025870,SELL,148
1735784999999000000,95026.52,1.554370,BUY,149
1735785059999000000,94956.00,3.901050,SELL,150
1735785119999000000,94910.69,6.971660,SELL,151
1735785179999000000,94845.56,10.063310,SELL,152
1735785239999000000,94905.29,3.268960,BUY,153
1735785299999000000,94924.22,3.772240,BUY,154
1735785359999000000,95005.13,29.666460,BUY,155
1735785419999000000,95068.10,9.871050,BUY,156
1735785479999000000,95004.00,3.216240,SELL,157
1735785539999000000,95015.56,2.717180,BUY,158
1735785599999000000,95074.76,6.100020,BUY,159
1735785659999000000,95069.79,1.379130,SELL,160
1735785719999000000,95071.19,1.584760,BUY,161
1735785779999000000,95052.91,1.905870,SELL,162
1735785839999000000,95097.79,16.522510,BUY,163
1735785899999000000,95027.01,12.141090,SELL,164
1735785959999000000,95082.88,21.587710,BUY,165
1735786019999000000,95099.63,3.557920,BUY,166
1735786079999000000,95151.92,7.687590,BUY,167
1735786139999000000,95080.99,15.553230,SELL,168
1735786199999000000,95072.00,1.399080,SELL,169
1735786259999000000,95118.86,3.805430,BUY,170
1735786319999000000,95131.23,4.641360,BUY,171
1735786379999000000,95147.99,1.771120,BUY,172
1735786439999000000,95131.23,4.819120,SELL,173
1735786499999000000,95147.40,3.119700,BUY,174
1735786559999000000,95188.36,5.997360,BUY,175
1735786619999000000,95183.41,2.830500,SELL,176
1735786679999000000,95165.88,8.423450,SELL,177
1735786739999000000,95144.12,2.260680,SELL,178
1735786799999000000,95234.36,17.658350,BUY,179
1735786859999000000,95276.05,13.425670,BUY,180
1735786919999000000,95207.42,11.283780,SELL,181
1735786979999000000,95107.96,7.223180,SELL,182
1735787039999000000,95161.80,16.912670,BUY,183
1735787099999000000,95136.66,15.441720,SELL,184
1735787159999000000,95075.62,4.693920,SELL,185
1735787219999000000,95042.35,5.719540,SELL,186
1735787279999000000,95027.87,7.397050,SELL,187
1735787339999000000,95022.56,6.370610,SELL,188
1735787399999000000,94999.99,4.659760,SELL,189
1735787459999000000,95000.96,1.431310,BUY,190
1735787519999000000,95008.01,2.183110,BUY,191
1735787579999000000,94978.68,5.565440,SELL,192
1735787639999000000,94994.75,1.081050,BUY,193
1735787699999000000,95005.10,4.275000,BUY,194
1735787759999000000,95059.48,23.685080,BUY,195
1735787819999000000,95017.65,2.695270,SELL,196
1735787879999000000,95050.05,6.191250,BUY,197
1735787939999000000,95124.74,11.920670,BUY,198
1735787999999000000,95064.29,3.724330,SELL,199
1735788059999000000,95103.57,2.431000,BUY,200
1735788119999000000,95098.72,0.990850,SELL,201
1735788179999000000,95130.02,1.782390,BUY,202
1735788239999000000,95090.52,3.465550,SELL,203
1735788299999000000,95097.81,2.958410,BUY,204
1735788359999000000,95121.79,1.695990,BUY,205
1735788419999000000,95097.81,2.035050,SELL,206
1735788479999000000,95081.35,1.152070,SELL,207
1735788539999000000,95076.01,4.182810,SELL,208
1735788599999000000,95075.77,2.257160,SELL,209
1735788659999000000,95086.65,4.305010,BUY,210
1735788719999000000,95020.00,6.031730,SELL,211
1735788779999000000,95008.00,1.623930,SELL,212
1735788839999000000,95015.98,3.049810,BUY,213
1735788899999000000,94967.47,6.217790,SELL,214
1735788959999000000,94987.37,4.299990,BUY,215
1735789019999000000,95010.77,3.286520,BUY,216
1735789079999000000,95004.01,0.914800,SELL,217
1735789139999000000,94976.42,3.296330,SELL,218
1735789199999000000,94952.00,2.159410,SELL,219
1735789259999000000,94984.55,5.013540,BUY,220
1735789319999000000,94992.34,1.377470,BUY,221
1735789379999000000,94988.98,2.247650,SELL,222
1735789439999000000,94975.02,2.730910,SELL,223
1735789499999000000,94922.26,5.001850,SELL,224
1735789559999000000,94953.49,4.390080,BUY,225
1735789619999000000,94918.72,3.592380,SELL,226
1735789679999000000,94913.75,4.391230,SELL,227
1735789739999000000,94955.71,14.280710,BUY,228
1735789799999000000,94936.25,2.979740,SELL,229
1735789859999000000,94968.03,2.009490,BUY,230
1735789919999000000,94934.43,3.344590,SELL,231
1735789979999000000,94984.85,4.482050,BUY,232
1735790039999000000,95009.53,4.248860,BUY,233
1735790099999000000,95009.53,2.328670,BUY,234
1735790159999000000,95009.53,2.046530,BUY,235
1735790219999000000,95009.52,1.326790,BUY,236
1735790279999000000,95017.45,3.778090,BUY,237
1735790339999000000,95007.84,5.209710,SELL,238
1735790399999000000,95010.33,1.488510,BUY,239
1735790459999000000,95143.19,29.325850,BUY,240
1735790519999000000,95036.82,14.083660,SELL,241
1735790579999000000,95018.12,1.940560,SELL,242
1735790639999000000,95073.42,7.819910,BUY,243
1735790699999000000,95018.12,13.302340,SELL,244
1735790759999000000,95020.12,1.460400,BUY,245
1735790819999000000,94984.85,7.461980,SELL,246
1735790879999000000,95112.80,12.384370,BUY,247
1735790939999000000,95148.96,11.399770,BUY,248
1735790999999000000,95163.45,4.628630,BUY,249
1735791059999000000,95222.00,6.168710,BUY,250
1735791119999000000,95202.12,18.327560,SELL,251
1735791179999000000,95273.45,12.903910,BUY,252
1735791239999000000,95208.45,18.985840,SELL,253
1735791299999000000,95157.15,8.969880,SELL,254
1735791359999000000,95176.80,6.347960,BUY,255
1735791419999000000,95171.13,3.652660,SELL,256
1735791479999000000,95129.98,5.332460,SELL,257
1735791539999000000,95100.00,4.718120,SELL,258
1735791599999000000,95113.26,2.855350,BUY,259
1735791659999000000,95091.69,2.546620,SELL,260
1735791719999000000,95049.62,5.865090,SELL,261
1735791779999000000,95099.02,4.676630,BUY,262
1735791839999000000,95130.00,8.792310,BUY,263
1735791899999000000,95123.57,2.461180,SELL,264
1735791959999000000,95172.02,3.128720,BUY,265
1735792019999000000,95166.67,2.803880,SELL,266
1735792079999000000,95155.19,2.809060,SELL,267
1735792139999000000,95168.42,6.378630,BUY,268
1735792199999000000,95173.88,2.715180,BUY,269
1735792259999000000,95197.22,2.366630,BUY,270
1735792319999000000,95293.44,6.985290,BUY,271
1735792379999000000,95366.71,8.949360,BUY,272
1735792439999000000,95322.50,8.435890,SELL,273
1735792499999000000,95312.78,7.711550,SELL,274
1735792559999000000,95374.27,7.140860,BUY,275
1735792619999000000,95390.02,5.117160,BUY,276
1735792679999000000,95445.40,7.343070,BUY,277
1735792739999000000,95658.22,224.338970,BUY,278
1735792799999000000,95732.00,27.192570,BUY,279
1735792859999000000,95736.43,20.284330,BUY,280
1735792919999000000,95894.85,58.286540,BUY,281
1735792979999000000,95924.12,48.688750,BUY,282
1735793039999000000,95915.99,17.811520,SELL,283
1735793099999000000,95812.79,23.050500,SELL,284
1735793159999000000,95896.50,26.295210,BUY,285
1735793219999000000,95942.79,18.891330,BUY,286
1735793279999000000,95994.71,31.952910,BUY,287
1735793339999000000,95979.18,18.146640,SELL,288
1735793399999000000,95917.65,15.462170,SELL,289
1735793459999000000,95967.63,9.175190,BUY,290
1735793519999000000,95884.50,22.426300,SELL,291
1735793579999000000,95815.97,16.073040,SELL,292
1735793639999000000,95856.13,16.112220,BUY,293
1735793699999000000,95788.66,9.117360,SELL,294
1735793759999000000,95758.75,12.458880,SELL,295
1735793819999000000,95723.35,9.686480,SELL,296
1735793879999000000,95706.90,6.259500,SELL,297
1735793939999000000,95699.00,4.169050,SELL,298
1735793999999000000,95708.07,1.442700,BUY,299
1735794059999000000,95556.56,20.483660,SELL,300
1735794119999000000,95600.54,10.227490,BUY,301
1735794179999000000,95537.94,5.894300,SELL,302
1735794239999000000,95560.60,7.686550,BUY,303
1735794299999000000,95524.74,4.366120,SELL,304
1735794359999000000,95459.18,31.665810,SELL,305
1735794419999000000,95481.12,13.280060,BUY,306
1735794479999000000,95472.48,12.153450,SELL,307
1735794539999000000,95473.55,17.841330,BUY,308
1735794599999000000,95483.11,5.639900,BUY,309
1735794659999000000,95548.78,10.647670,BUY,310
1735794719999000000,95487.30,6.910860,SELL,311
1735794779999000000,95480.80,5.498190,SELL,312
1735794839999000000,95480.81,3.987230,BUY,313
1735794899999000000,95470.01,8.462270,SELL,314
1735794959999000000,95430.82,9.841910,SELL,315
1735795019999000000,95395.21,7.657270,SELL,316
1735795079999000000,95470.11,10.418320,BUY,317
1735795139999000000,95514.53,23.076650,BUY,318
1735795199999000000,95588.50,20.824720,BUY,319
1735795259999000000,95618.98,91.061890,BUY,320
1735795319999000000,95595.96,6.235100,SELL,321
1735795379999000000,95631.62,4.707120,BUY,322
1735795439999000000,95661.92,9.702340,BUY,323
1735795499999000000,95617.08,9.481260,SELL,324
1735795559999000000,95689.99,32.893620,BUY,325
1735795619999000000,95779.99,51.008730,BUY,326
1735795679999000000,95797.15,12.515210,BUY,327
1735795739999000000,95756.81,57.332080,SELL,328
1735795799999000000,95760.99,2.658340,BUY,329
1735795859999000000,95740.00,6.738490,SELL,330
1735795919999000000,95706.22,5.779680,SELL,331
1735795979999000000,95739.34,4.000800,BUY,332
1735796039999000000,95712.94,1.626320,SELL,333
1735796099999000000,95702.00,3.318990,SELL,334
1735796159999000000,95748.88,4.280670,BUY,335
1735796219999000000,95712.13,11.025570,SELL,336
1735796279999000000,95732.86,6.196800,BUY,337
1735796339999000000,95746.70,2.070260,BUY,338
1735796399999000000,95742.43,4.607440,SELL,339
1735796459999000000,95740.00,3.536560,SELL,340
1735796519999000000,95736.98,2.946770,SELL,341
1735796579999000000,95716.00,3.202820,SELL,342
1735796639999000000,95770.12,4.746130,BUY,343
1735796699999000000,95772.72,1.446510,BUY,344
1735796759999000000,95733.55,3.552600,SELL,345
1735796819999000000,95749.95,5.106570,BUY,346
1735796879999000000,95732.98,3.266770,SELL,347
1735796939999000000,95700.00,3.645060,SELL,348
1735796999999000000,95695.99,6.371430,SELL,349
1735797059999000000,95659.80,5.540900,SELL,350
1735797119999000000,95586.34,5.529820,SELL,351
1735797179999000000,95547.98,49.991750,SELL,352
1735797239999000000,95662.83,8.619710,BUY,353
1735797299999000000,95644.36,2.732660,SELL,354
1735797359999000000,95619.29,4.286790,SELL,355
1735797419999000000,95583.33,10.304620,SELL,356
1735797479999000000,95561.06,3.944450,SELL,357
1735797539999000000,95573.91,5.406630,BUY,358
1735797599999000000,95596.48,4.134190,BUY,359
1735797659999000000,95590.24,13.791310,SELL,360
1735797719999000000,95590.79,9.071800,BUY,361
1735797779999000000,95633.82,5.247520,BUY,362
1735797839999000000,95677.08,4.686450,BUY,363
1735797899999000000,95668.01,6.505390,SELL,364
1735797959999000000,95685.47,5.294800,BUY,365
1735798019999000000,95656.31,4.449830,SELL,366
1735798079999000000,95596.49,4.069720,SELL,367
1735798139999000000,95559.36,5.048810,SELL,368
1735798199999000000,95513.24,11.357530,SELL,369
1735798259999000000,95493.10,8.310730,SELL,370
1735798319999000000,95516.00,2.955590,BUY,371
1735798379999000000,95530.71,3.546690,BUY,372
1735798439999000000,95533.08,1.312530,BUY,373
1735798499999000000,95531.25,4.178220,SELL,374
1735798559999000000,95511.61,2.336860,SELL,375
1735798619999000000,95482.55,2.070780,SELL,376
1735798679999000000,95426.03,10.473710,SELL,377
1735798739999000000,95422.43,3.705230,SELL,378
1735798799999000000,95444.99,7.851960,BUY,379
1735798859999000000,95471.31,6.774470,BUY,380
1735798919999000000,95436.07,4.069920,SELL,381
1735798979999000000,95422.43,16.990140,SELL,382
1735799039999000000,95415.39,21.760440,SELL,383
1735799099999000000,95459.83,7.473220,BUY,384
1735799159999000000,95486.21,5.019830,BUY,385
1735799219999000000,95506.63,2.726630,BUY,386
1735799279999000000,95495.12,2.775070,SELL,387
1735799339999000000,95487.44,4.609250,SELL,388
1735799399999000000,95460.00,3.062630,SELL,389
1735799459999000000,95429.07,83.096650,SELL,390
1735799519999000000,95452.92,54.383660,BUY,391
1735799579999000000,95450.00,25.172550,SELL,392
1735799639999000000,95472.68,43.276750,BUY,393
1735799699999000000,95487.15,2.363850,BUY,394
1735799759999000000,95483.86,4.595940,SELL,395
1735799819999000000,95487.48,2.856550,BUY,396
1735799879999000000,95541.63,8.050530,BUY,397
1735799939999000000,95559.82,5.465030,BUY,398
1735799999999000000,95561.25,5.444240,BUY,399
1735800059999000000,95581.75,2.514390,BUY,400
1735800119999000000,95536.05,8.823620,SELL,401
1735800179999000000,95536.88,2.368590,BUY,402
1735800239999000000,95530.31,1.238230,SELL,403
1735800299999000000,95530.30,1.628270,BUY,404
1735800359999000000,95528.91,2.891070,SELL,405
1735800419999000000,95521.20,2.116660,SELL,406
1735800479999000000,95560.61,5.274550,BUY,407
1735800539999000000,95516.39,3.681730,SELL,408
1735800599999000000,95469.07,5.869440,SELL,409
1735800659999000000,95499.96,6.475310,BUY,410
1735800719999000000,95512.26,9.892830,BUY,411
1735800779999000000,95534.05,2.689720,BUY,412
1735800839999000000,95539.24,2.585920,BUY,413
1735800899999000000,95506.34,10.087110,SELL,414
1735800959999000000,95509.47,3.301730,BUY,415
1735801019999000000,95537.08,3.504970,BUY,416
1735801079999000000,95560.59,2.107060,BUY,417
1735801139999000000,95570.14,11.265740,BUY,418
1735801199999000000,95574.99,2.917970,BUY,419
1735801259999000000,95592.51,9.424690,BUY,420
1735801319999000000,95588.03,3.347060,SELL,421
1735801379999000000,95560.82,4.657490,SELL,422
1735801439999000000,95530.98,2.762220,SELL,423
1735801499999000000,95530.30,6.324480,SELL,424
1735801559999000000,95580.51,5.488980,BUY,425
1735801619999000000,95615.87,6.198440,BUY,426
1735801679999000000,95623.60,6.379340,BUY,427
1735801739999000000,95665.42,6.174700,BUY,428
1735801799999000000,95678.19,2.312840,BUY,429
1735801859999000000,95687.92,4.955200,BUY,430
1735801919999000000,95683.63,8.341640,SELL,431
1735801979999000000,95710.61,3.079100,BUY,432
1735802039999000000,95728.07,5.493410,BUY,433
1735802099999000000,95699.98,5.800790,SELL,434
1735802159999000000,95695.99,4.017330,SELL,435
1735802219999000000,95695.99,1.882590,SELL,436
1735802279999000000,95696.00,9.874960,BUY,437
1735802339999000000,95741.56,10.466480,BUY,438
1735802399999000000,95728.10,17.624060,SELL,439
1735802459999000000,95718.54,2.151620,SELL,440
1735802519999000000,95757.50,14.582230,BUY,441
1735802579999000000,95800.00,4.333180,BUY,442
1735802639999000000,95833.22,10.062510,BUY,443
1735802699999000000,95836.00,4.530630,BUY,444
1735802759999000000,95799.22,20.951220,SELL,445
1735802819999000000,95795.29,11.209510,SELL,446
1735802879999000000,95795.99,12.010370,BUY,447
1735802939999000000,95796.00,1.943520,BUY,448
1735802999999000000,95773.30,3.881810,SELL,449
1735803059999000000,95777.47,6.528690,BUY,450
1735803119999000000,95804.00,7.934740,BUY,451
1735803179999000000,95818.49,4.253380,BUY,452
1735803239999000000,95833.33,2.315040,BUY,453
1735803299999000000,95825.28,3.875610,SELL,454
1735803359999000000,95809.64,3.189260,SELL,455
1735803419999000000,95809.64,1.647810,BUY,456
1735803479999000000,95809.64,1.505360,BUY,457
1735803539999000000,95879.97,23.685190,BUY,458
1735803599999000000,95865.11,7.044500,SELL,459
1735803659999000000,95836.01,4.546560,SELL,460
1735803719999000000,95871.99,6.555380,BUY,461
1735803779999000000,95869.88,2.848900,SELL,462
1735803839999000000,95824.38,5.796230,SELL,463
1735803899999000000,95840.00,2.429540,BUY,464
1735803959999000000,95794.63,3.363700,SELL,465
1735804019999000000,95772.86,8.952220,SELL,466
1735804079999000000,95778.33,9.421980,BUY,467
1735804139999000000,95791.06,3.339010,BUY,468
1735804199999000000,95799.49,3.514930,BUY,469
1735804259999000000,95805.50,13.926080,BUY,470
1735804319999000000,95745.63,9.017450,SELL,471
1735804379999000000,95718.58,6.041260,SELL,472
1735804439999000000,95714.05,13.947460,SELL,473
1735804499999000000,95745.00,10.883780,BUY,474
1735804559999000000,95783.46,12.594750,BUY,475
1735804619999000000,95847.50,33.836410,BUY,476
1735804679999000000,95812.45,17.163460,SELL,477
1735804739999000000,95833.33,7.632430,BUY,478
1735804799999000000,95822.00,4.574220,SELL,479
1735804859999000000,95865.40,19.850570,BUY,480
1735804919999000000,95841.36,17.220430,SELL,481
1735804979999000000,95860.29,8.441260,BUY,482
1735805039999000000,95870.01,2.475430,BUY,483
1735805099999000000,95893.94,5.679200,BUY,484
1735805159999000000,95880.01,4.595060,SELL,485
1735805219999000000,95834.51,30.668980,SELL,486
1735805279999000000,95848.00,9.877680,BUY,487
1735805339999000000,95857.49,7.118110,BUY,488
1735805399999000000,95890.86,5.100610,BUY,489
1735805459999000000,95875.54,3.099630,SELL,490
1735805519999000000,95963.70,10.131170,BUY,491
1735805579999000000,95984.25,9.878280,BUY,492
1735805639999000000,95984.26,71.975740,BUY,493
1735805699999000000,95963.58,16.385000,SELL,494
1735805759999000000,95889.22,12.322110,SELL,495
1735805819999000000,95915.47,60.042490,BUY,496
1735805879999000000,95905.10,12.032960,SELL,497
1735805939999000000,95861.71,5.712060,SELL,498
1735805999999000000,95845.60,7.313810,SELL,499
1735806059999000000,95800.01,9.589380,SELL,500
1735806119999000000,95800.01,4.182350,BUY,501
1735806179999000000,95793.35,20.138640,SELL,502
1735806239999000000,95761.80,15.731840,SELL,503
1735806299999000000,95693.56,14.751420,SELL,504
1735806359999000000,95692.00,11.701340,SELL,505
1735806419999000000,95724.80,6.670860,BUY,506
1735806479999000000,95749.38,3.189340,BUY,507
1735806539999000000,95700.07,5.695920,SELL,508
1735806599999000000,95721.42,4.128490,BUY,509
1735806659999000000,95717.63,3.560120,SELL,510
1735806719999000000,95673.25,5.500200,SELL,511
1735806779999000000,95712.00,10.253630,BUY,512
1735806839999000000,95788.79,9.477990,BUY,513
1735806899999000000,95783.93,6.061810,SELL,514
1735806959999000000,95770.84,5.376570,SELL,515
1735807019999000000,95770.83,2.050930,SELL,516
1735807079999000000,95767.00,2.340460,SELL,517
1735807139999000000,95773.71,3.967340,BUY,518
1735807199999000000,95784.29,3.021730,BUY,519
1735807259999000000,95856.33,7.290690,BUY,520
1735807319999000000,95886.28,2.082080,BUY,521
1735807379999000000,95940.55,8.574060,BUY,522
1735807439999000000,95902.59,3.598380,SELL,523
1735807499999000000,95944.31,32.329540,BUY,524
1735807559999000000,95944.31,5.974920,BUY,525
1735807619999000000,95951.93,8.168070,BUY,526
1735807679999000000,95951.94,4.454420,BUY,527
1735807739999000000,96000.00,5.841070,BUY,528
1735807799999000000,96015.16,7.247740,BUY,529
1735807859999000000,95982.38,19.558170,SELL,530
1735807919999000000,96027.67,8.105660,BUY,531
1735807979999000000,96075.39,27.974280,BUY,532
1735808039999000000,96063.99,10.978180,SELL,533
1735808099999000000,96150.00,25.107420,BUY,534
1735808159999000000,96125.86,10.327800,SELL,535
1735808219999000000,96172.44,12.194430,BUY,536
1735808279999000000,96090.60,91.455330,SELL,537
1735808339999000000,96152.72,35.050020,BUY,538
1735808399999000000,96150.00,51.138430,SELL,539
1735808459999000000,96110.16,63.025630,SELL,540
1735808519999000000,96100.00,9.112970,SELL,541
1735808579999000000,96082.00,50.053570,SELL,542
1735808639999000000,96157.31,9.097860,BUY,543
1735808699999000000,96197.49,7.482070,BUY,544
1735808759999000000,96197.51,19.698590,BUY,545
1735808819999000000,96142.79,7.020030,SELL,546
1735808879999000000,96175.95,6.727450,BUY,547
1735808939999000000,96131.31,10.254200,SELL,548
1735808999999000000,96137.71,3.324050,BUY,549
1735809059999000000,96137.71,1.987420,SELL,550
1735809119999000000,96190.09,13.822670,BUY,551
1735809179999000000,96185.41,19.408370,SELL,552
1735809239999000000,96206.06,1.399210,BUY,553
1735809299999000000,96199.96,5.904900,SELL,554
1735809359999000000,96211.91,18.887020,BUY,555
1735809419999000000,96300.00,18.620890,BUY,556
1735809479999000000,96263.11,22.433640,SELL,557
1735809539999000000,96432.44,36.511750,BUY,558
1735809599999000000,96379.49,24.143970,SELL,559
1735809659999000000,96425.04,5.562970,BUY,560
1735809719999000000,96351.22,12.464150,SELL,561
1735809779999000000,96333.34,11.119580,SELL,562
1735809839999000000,96378.40,10.119040,BUY,563
1735809899999000000,96413.61,4.488930,BUY,564
1735809959999000000,96394.45,19.423080,SELL,565
1735810019999000000,96390.00,13.841660,SELL,566
1735810079999000000,96348.49,24.205150,SELL,567
1735810139999000000,96339.81,7.744540,SELL,568
1735810199999000000,96393.50,8.594970,BUY,569
1735810259999000000,96376.79,10.502190,SELL,570
1735810319999000000,96386.14,5.420800,BUY,571
1735810379999000000,96387.09,3.595400,BUY,572
1735810439999000000,96487.18,15.746760,BUY,573
1735810499999000000,96484.57,4.770170,SELL,574
1735810559999000000,96460.32,3.646460,SELL,575
1735810619999000000,96442.31,5.932960,SELL,576
1735810679999000000,96481.05,11.645670,BUY,577
1735810739999000000,96442.31,11.658290,SELL,578
1735810799999000000,96410.23,7.780770,SELL,579
1735810859999000000,96387.84,13.320060,SELL,580
1735810919999000000,96388.41,5.752070,BUY,581
1735810979999000000,96400.00,5.470600,BUY,582
1735811039999000000,96383.59,5.496930,SELL,583
1735811099999000000,96350.00,4.786530,SELL,584
1735811159999000000,96363.99,25.586470,BUY,585
1735811219999000000,96307.31,23.142640,SELL,586
1735811279999000000,96288.51,21.407510,SELL,587
1735811339999000000,96297.48,12.810310,BUY,588
1735811399999000000,96345.25,10.711620,BUY,589
1735811459999000000,96409.10,11.021770,BUY,590
1735811519999000000,96439.39,10.312370,BUY,591
1735811579999000000,96480.01,6.159900,BUY,592
1735811639999000000,96537.40,47.221610,BUY,593
1735811699999000000,96532.70,9.698500,SELL,594
1735811759999000000,96596.99,64.314450,BUY,595
1735811819999000000,96731.04,47.217760,BUY,596
1735811879999000000,96705.54,66.338050,SELL,597
1735811939999000000,96709.15,11.925090,BUY,598
1735811999999000000,96755.51,26.151240,BUY,599
1735812059999000000,96677.03,32.758750,SELL,600
1735812119999000000,96722.15,24.968480,BUY,601
1735812179999000000,96644.01,25.338690,SELL,602
1735812239999000000,96723.66,45.176950,BUY,603
1735812299999000000,96654.59,6.988960,SELL,604
1735812359999000000,96642.01,43.002260,SELL,605
1735812419999000000,96648.01,4.906000,BUY,606
1735812479999000000,96615.51,9.335670,SELL,607
1735812539999000000,96613.01,15.252140,SELL,608
1735812599999000000,96627.36,7.126520,BUY,609
1735812659999000000,96662.47,7.764780,BUY,610
1735812719999000000,96680.00,37.594580,BUY,611
1735812779999000000,96689.99,10.249000,BUY,612
1735812839999000000,96586.53,25.555900,SELL,613
1735812899999000000,96606.14,3.885630,BUY,614
1735812959999000000,96649.99,7.539150,BUY,615
1735813019999000000,96682.70,2.966150,BUY,616
1735813079999000000,96652.00,66.783520,SELL,617
1735813139999000000,96653.72,18.477790,BUY,618
1735813199999000000,96695.00,8.806970,BUY,619
1735813259999000000,96700.00,18.532400,BUY,620
1735813319999000000,96743.63,17.528420,BUY,621
1735813379999000000,96733.32,5.353340,SELL,622
1735813439999000000,96729.87,13.332680,SELL,623
1735813499999000000,96686.73,25.232890,SELL,624
1735813559999000000,96711.99,11.912910,BUY,625
1735813619999000000,96733.60,10.042150,BUY,626
1735813679999000000,96700.50,11.960280,SELL,627
1735813739999000000,96701.82,12.286920,BUY,628
1735813799999000000,96697.95,10.715480,SELL,629
1735813859999000000,96706.97,2.672870,BUY,630
1735813919999000000,96688.55,9.690390,SELL,631
1735813979999000000,96628.00,14.185530,SELL,632
1735814039999000000,96714.23,4.507370,BUY,633
1735814099999000000,96742.02,7.644810,BUY,634
1735814159999000000,96725.96,8.853040,SELL,635
1735814219999000000,96651.52,6.733400,SELL,636
1735814279999000000,96684.36,19.483440,BUY,637
1735814339999000000,96708.11,8.155260,BUY,638
1735814399999000000,96689.83,6.350650,SELL,639
1735814459999000000,96657.89,10.385050,SELL,640
1735814519999000000,96679.81,8.582500,BUY,641
1735814579999000000,96616.00,13.723040,SELL,642
1735814639999000000,96599.99,13.862400,SELL,643
1735814699999000000,96610.39,2.685040,BUY,644
1735814759999000000,96648.01,27.329980,BUY,645
1735814819999000000,96654.38,5.256210,BUY,646
1735814879999000000,96636.82,3.585160,SELL,647
1735814939999000000,96683.74,4.739440,BUY,648
1735814999999000000,96604.17,10.873830,SELL,649
1735815059999000000,96608.31,7.669840,BUY,650
1735815119999000000,96582.40,7.495570,SELL,651
1735815179999000000,96553.55,11.822280,SELL,652
1735815239999000000,96599.97,5.353130,BUY,653
1735815299999000000,96594.69,4.680510,SELL,654
1735815359999000000,96634.61,3.444240,BUY,655
1735815419999000000,96683.74,4.957470,BUY,656
1735815479999000000,96711.95,40.824600,BUY,657
1735815539999000000,96718.22,2.508070,BUY,658
1735815599999000000,96708.00,7.316380,SELL,659
1735815659999000000,96696.37,8.776160,SELL,660
1735815719999000000,96692.00,19.232270,SELL,661
1735815779999000000,96711.51,5.627710,BUY,662
1735815839999000000,96694.44,8.854110,SELL,663
1735815899999000000,96692.34,8.040360,SELL,664
1735815959999000000,96682.90,5.934040,SELL,665
1735816019999000000,96733.91,9.358390,BUY,666
1735816079999000000,96789.00,8.575720,BUY,667
1735816139999000000,96875.01,19.049880,BUY,668
1735816199999000000,96833.61,14.090330,SELL,669
1735816259999000000,96851.11,12.669780,BUY,670
1735816319999000000,96842.47,5.728930,SELL,671
1735816379999000000,96788.99,12.552550,SELL,672
1735816439999000000,96731.87,10.995400,SELL,673
1735816499999000000,96759.98,7.052330,BUY,674
1735816559999000000,96680.00,20.928640,SELL,675
1735816619999000000,96713.10,6.768280,BUY,676
1735816679999000000,96696.09,9.774900,SELL,677
1735816739999000000,96702.00,8.970670,BUY,678
1735816799999000000,96702.01,1.523640,BUY,679
1735816859999000000,96678.30,4.671050,SELL,680
1735816919999000000,96612.62,15.200470,SELL,681
1735816979999000000,96611.99,19.614870,SELL,682
1735817039999000000,96559.52,16.830110,SELL,683
1735817099999000000,96490.84,37.808320,SELL,684
1735817159999000000,96490.21,13.406800,SELL,685
1735817219999000000,96532.77,18.253960,BUY,686
1735817279999000000,96538.45,6.077420,BUY,687
1735817339999000000,96576.22,16.897160,BUY,688
1735817399999000000,96556.16,11.047910,SELL,689
1735817459999000000,96581.10,15.571460,BUY,690
1735817519999000000,96560.45,8.326360,SELL,691
1735817579999000000,96610.35,4.894540,BUY,692
1735817639999000000,96584.01,6.853200,SELL,693
1735817699999000000,96586.01,2.713880,BUY,694
1735817759999000000,96636.37,4.148210,BUY,695
1735817819999000000,96610.95,7.203800,SELL,696
1735817879999000000,96643.65,2.962520,BUY,697
1735817939999000000,96680.00,5.463280,BUY,698
1735817999999000000,96702.69,7.787570,BUY,699
1735818059999000000,96686.05,9.571730,SELL,700
1735818119999000000,96662.64,8.483290,SELL,701
1735818179999000000,96727.27,8.655090,BUY,702
1735818239999000000,96666.68,4.723310,SELL,703
1735818299999000000,96691.90,2.034570,BUY,704
1735818359999000000,96715.50,5.528420,BUY,705
1735818419999000000,96749.77,3.288270,BUY,706
1735818479999000000,96789.46,5.504990,BUY,707
1735818539999000000,96774.32,5.856670,SELL,708
1735818599999000000,96754.34,3.873580,SELL,709
1735818659999000000,96732.01,3.356120,SELL,710
1735818719999000000,96668.01,4.071680,SELL,711
1735818779999000000,96642.00,9.702630,SELL,712
1735818839999000000,96643.11,3.855380,BUY,713
1735818899999000000,96643.13,0.959870,BUY,714
1735818959999000000,96670.82,8.208670,BUY,715
1735819019999000000,96732.01,7.130300,BUY,716
1735819079999000000,96724.00,3.448890,SELL,717
1735819139999000000,96730.78,3.392450,BUY,718
1735819199999000000,96732.99,1.780850,BUY,719
1735819259999000000,96745.25,38.097680,BUY,720
1735819319999000000,96757.57,10.802650,BUY,721
1735819379999000000,96747.65,4.313630,SELL,722
1735819439999000000,96769.00,5.451550,BUY,723
1735819499999000000,96787.88,2.227300,BUY,724
1735819559999000000,96772.13,4.093900,SELL,725
1735819619999000000,96779.99,5.282620,BUY,726
1735819679999000000,96747.56,16.027610,SELL,727
1735819739999000000,96688.01,8.836360,SELL,728
1735819799999000000,96727.99,26.683220,BUY,729
1735819859999000000,96714.99,4.507250,SELL,730
1735819919999000000,96715.00,1.906140,BUY,731
1735819979999000000,96863.92,26.452410,BUY,732
1735820039999000000,96839.60,11.039270,SELL,733
1735820099999000000,96806.26,4.843430,SELL,734
1735820159999000000,96826.90,13.042170,BUY,735
1735820219999000000,96829.44,5.990090,BUY,736
1735820279999000000,96836.90,5.563150,BUY,737
1735820339999000000,96868.01,19.268580,BUY,738
1735820399999000000,96887.27,3.980990,BUY,739
1735820459999000000,96794.08,23.801850,SELL,740
1735820519999000000,96694.81,16.266860,SELL,741
1735820579999000000,96666.67,39.183940,SELL,742
1735820639999000000,96609.42,11.719060,SELL,743
1735820699999000000,96660.01,5.548980,BUY,744
1735820759999000000,96655.45,17.487070,SELL,745
1735820819999000000,96715.99,9.789570,BUY,746
1735820879999000000,96656.00,9.575820,SELL,747
1735820939999000000,96743.51,6.107550,BUY,748
1735820999999000000,96754.72,2.135290,BUY,749
1735821059999000000,96754.02,21.051600,SELL,750
1735821119999000000,96655.99,13.018870,SELL,751
1735821179999000000,96679.34,8.820310,BUY,752
1735821239999000000,96638.52,13.855900,SELL,753
1735821299999000000,96660.00,7.428340,BUY,754
1735821359999000000,96638.47,3.283350,SELL,755
1735821419999000000,96674.93,2.562030,BUY,756
1735821479999000000,96648.97,5.206870,SELL,757
1735821539999000000,96684.55,15.081040,BUY,758
1735821599999000000,96688.37,5.724460,BUY,759
1735821659999000000,96707.37,4.762990,BUY,760
1735821719999000000,96696.96,9.177780,SELL,761
1735821779999000000,96696.97,6.549570,BUY,762
1735821839999000000,96666.66,2.926110,SELL,763
1735821899999000000,96672.01,7.879870,BUY,764
1735821959999000000,96709.99,6.504570,BUY,765
1735822019999000000,96804.99,9.112710,BUY,766
1735822079999000000,96828.40,36.099560,BUY,767
1735822139999000000,96790.07,10.564620,SELL,768
1735822199999000000,96819.39,5.454740,BUY,769
1735822259999000000,96791.51,6.602800,SELL,770
1735822319999000000,96806.18,25.433890,BUY,771
1735822379999000000,96839.26,4.197120,BUY,772
1735822439999000000,96830.59,17.152810,SELL,773
1735822499999000000,96821.16,9.780810,SELL,774
1735822559999000000,96848.48,5.808510,BUY,775
1735822619999000000,96850.01,11.885110,BUY,776
1735822679999000000,96827.93,26.987160,SELL,777
1735822739999000000,96865.05,9.760620,BUY,778
1735822799999000000,96850.01,4.604990,SELL,779
1735822859999000000,96846.46,6.118760,SELL,780
1735822919999000000,96871.65,10.386210,BUY,781
1735822979999000000,96839.98,9.413220,SELL,782
1735823039999000000,96785.72,16.728040,SELL,783
1735823099999000000,96816.54,11.795320,BUY,784
1735823159999000000,96820.48,6.472160,BUY,785
1735823219999000000,96802.24,18.376630,SELL,786
1735823279999000000,96833.76,11.303480,BUY,787
1735823339999000000,96863.94,4.123130,BUY,788
1735823399999000000,96863.94,1.408560,BUY,789
1735823459999000000,96842.45,13.054950,SELL,790
1735823519999000000,96839.43,7.935440,SELL,791
1735823579999000000,96939.39,55.395520,BUY,792
1735823639999000000,96791.21,19.859860,SELL,793
1735823699999000000,96764.52,22.000560,SELL,794
1735823759999000000,96800.88,12.476370,BUY,795
1735823819999000000,96837.16,6.286620,BUY,796
1735823879999000000,96662.82,161.084970,SELL,797
1735823939999000000,96695.17,9.180850,BUY,798
1735823999999000000,96714.63,4.001460,BUY,799
1735824059999000000,96677.99,19.342160,SELL,800
1735824119999000000,96658.25,8.412150,SELL,801
1735824179999000000,96702.89,20.303910,BUY,802
1735824239999000000,96708.03,4.815290,BUY,803
1735824299999000000,96702.94,10.356550,SELL,804
1735824359999000000,96743.48,7.857170,BUY,805
1735824419999000000,96806.02,9.385090,BUY,806
1735824479999000000,96826.92,6.841550,BUY,807
1735824539999000000,96818.19,4.670330,SELL,808
1735824599999000000,96763.60,14.757180,SELL,809
1735824659999000000,96696.44,22.145180,SELL,810
1735824719999000000,96655.99,17.382030,SELL,811
1735824779999000000,96754.64,22.687960,BUY,812
1735824839999000000,96741.98,5.449760,SELL,813
1735824899999000000,96697.34,7.253650,SELL,814
1735824959999000000,96687.47,7.438670,SELL,815
1735825019999000000,96662.65,6.877160,SELL,816
1735825079999000000,96730.76,5.293220,BUY,817
1735825139999000000,96648.97,31.517010,SELL,818
1735825199999000000,96667.69,2.750540,BUY,819
1735825259999000000,96664.31,13.285620,SELL,820
1735825319999000000,96668.00,5.865170,BUY,821
1735825379999000000,96694.63,8.108070,BUY,822
1735825439999000000,96682.69,17.043580,SELL,823
1735825499999000000,96668.00,9.530510,SELL,824
1735825559999000000,96643.94,6.482380,SELL,825
1735825619999000000,96615.99,6.474920,SELL,826
1735825679999000000,96493.10,46.381390,SELL,827
1735825739999000000,96534.73,14.445950,BUY,828
1735825799999000000,96577.51,5.184850,BUY,829
1735825859999000000,96619.32,13.984970,BUY,830
1735825919999000000,96616.51,7.135410,SELL,831
1735825979999000000,96582.11,14.704560,SELL,832
1735826039999000000,96476.19,36.256470,SELL,833
1735826099999000000,96442.44,19.626470,SELL,834
1735826159999000000,96470.88,4.964970,BUY,835
1735826219999000000,96455.25,10.873630,SELL,836
1735826279999000000,96468.00,4.622720,BUY,837
1735826339999000000,96450.55,6.910750,SELL,838
1735826399999000000,96458.17,8.453410,BUY,839
1735826459999000000,96401.38,21.579250,SELL,840
1735826519999000000,96277.90,59.600080,SELL,841
1735826579999000000,96220.51,56.310650,SELL,842
1735826639999000000,96132.66,51.578260,SELL,843
1735826699999000000,96000.00,105.439340,SELL,844
1735826759999000000,96018.76,37.898430,BUY,845
1735826819999000000,96152.76,14.982720,BUY,846
1735826879999000000,96321.15,24.656550,BUY,847
1735826939999000000,96296.50,22.731550,SELL,848
1735826999999000000,96425.51,67.491830,BUY,849
1735827059999000000,96344.08,29.834640,SELL,850
1735827119999000000,96300.00,23.080000,SELL,851
1735827179999000000,96280.00,13.895980,SELL,852
1735827239999000000,96321.02,13.671790,BUY,853
1735827299999000000,96368.06,12.302150,BUY,854
1735827359999000000,96385.99,15.240000,BUY,855
1735827419999000000,96321.63,14.060380,SELL,856
1735827479999000000,96239.83,8.574880,SELL,857
1735827539999000000,96213.19,15.601370,SELL,858
1735827599999000000,96199.98,17.062260,SELL,859
1735827659999000000,96193.98,8.721260,SELL,860
1735827719999000000,96250.00,18.119620,BUY,861
1735827779999000000,96316.50,13.351910,BUY,862
1735827839999000000,96298.90,7.535060,SELL,863
1735827899999000000,96353.63,6.277710,BUY,864
1735827959999000000,96393.27,4.090830,BUY,865
1735828019999000000,96393.94,15.725900,BUY,866
1735828079999000000,96429.83,9.979650,BUY,867
1735828139999000000,96452.97,36.912350,BUY,868
1735828199999000000,96474.83,9.239830,BUY,869
1735828259999000000,96441.46,48.345350,SELL,870
1735828319999000000,97044.98,145.089580,BUY,871
1735828379999000000,96946.02,335.906930,SELL,872
1735828439999000000,96658.62,105.058520,SELL,873
1735828499999000000,96668.00,83.237250,BUY,874
1735828559999000000,96448.00,85.046360,SELL,875
1735828619999000000,96434.15,83.037570,SELL,876
1735828679999000000,96389.45,50.859860,SELL,877
1735828739999000000,96480.25,80.117940,BUY,878
1735828799999000000,96306.18,42.953280,SELL,879
1735828859999000000,96520.00,59.511690,BUY,880
1735828919999000000,96716.47,39.394200,BUY,881
1735828979999000000,96824.90,66.801210,BUY,882
1735829039999000000,96797.79,32.081140,SELL,883
1735829099999000000,96812.44,27.353490,BUY,884
1735829159999000000,96978.48,49.633820,BUY,885
1735829219999000000,97209.26,88.402150,BUY,886
1735829279999000000,97115.78,119.387880,SELL,887
1735829339999000000,97044.01,78.298350,SELL,888
1735829399999000000,97131.00,38.766570,BUY,889
1735829459999000000,96944.85,40.754960,SELL,890
1735829519999000000,97051.51,20.386730,BUY,891
1735829579999000000,97063.24,29.242990,BUY,892
1735829639999000000,97134.74,81.855130,BUY,893
1735829699999000000,97340.00,125.775470,BUY,894
1735829759999000000,97228.53,28.589610,SELL,895
1735829819999000000,97125.11,68.218820,SELL,896
1735829879999000000,97164.46,29.597680,BUY,897
1735829939999000000,97216.69,68.715820,BUY,898
1735829999999000000,97256.49,99.137980,BUY,899
1735830059999000000,97176.00,40.872230,SELL,900
1735830119999000000,97167.96,40.144200,SELL,901
1735830179999000000,96974.31,82.718720,SELL,902
1735830239999000000,96989.90,37.524190,BUY,903
1735830299999000000,97136.94,32.780740,BUY,904
1735830359999000000,97142.47,43.819710,BUY,905
1735830419999000000,97088.54,38.430770,SELL,906
1735830479999000000,97069.69,17.989300,SELL,907
1735830539999000000,97209.00,36.376410,BUY,908
1735830599999000000,97140.48,20.525540,SELL,909
1735830659999000000,97171.97,30.735820,BUY,910
1735830719999000000,97099.08,29.448510,SELL,911
1735830779999000000,97079.59,48.666180,SELL,912
1735830839999000000,97094.17,18.867480,BUY,913
1735830899999000000,97034.78,25.543560,SELL,914
1735830959999000000,96994.61,51.574790,SELL,915
1735831019999000000,97062.78,27.301860,BUY,916
1735831079999000000,96950.02,23.886340,SELL,917
1735831139999000000,96901.13,26.867950,SELL,918
1735831199999000000,96690.81,38.264860,SELL,919
1735831259999000000,96602.28,39.774730,SELL,920
1735831319999000000,96494.16,54.469310,SELL,921
1735831379999000000,96394.24,44.006190,SELL,922
1735831439999000000,96487.34,53.375110,BUY,923
1735831499999000000,96424.83,44.608140,SELL,924
1735831559999000000,96561.54,26.830480,BUY,925
1735831619999000000,96594.66,34.200950,BUY,926
1735831679999000000,96618.41,21.186260,BUY,927
1735831739999000000,96563.56,18.024280,SELL,928
1735831799999000000,96666.85,12.392010,BUY,929
1735831859999000000,96565.02,26.378670,SELL,930
1735831919999000000,96414.47,70.746050,SELL,931
1735831979999000000,96456.11,36.016880,BUY,932
1735832039999000000,96407.66,19.940160,SELL,933
1735832099999000000,96362.40,72.817200,SELL,934
1735832159999000000,96342.00,112.162480,SELL,935
1735832219999000000,96354.00,29.105690,BUY,936
1735832279999000000,96393.07,29.094960,BUY,937
1735832339999000000,96377.70,29.226820,SELL,938
1735832399999000000,96429.15,30.960110,BUY,939
1735832459999000000,96460.00,37.358750,BUY,940
1735832519999000000,96233.36,32.041570,SELL,941
1735832579999000000,96272.18,20.636230,BUY,942
1735832639999000000,96245.08,15.131440,SELL,943
1735832699999000000,96346.24,11.869150,BUY,944
1735832759999000000,96328.90,19.026890,SELL,945
1735832819999000000,96223.69,38.133600,SELL,946
1735832879999000000,96337.37,19.389740,BUY,947
1735832939999000000,96570.64,22.200120,BUY,948
1735832999999000000,96587.30,17.802980,BUY,949
1735833059999000000,96570.00,42.757560,SELL,950
1735833119999000000,96521.37,15.843470,SELL,951
1735833179999000000,96460.67,39.074750,SELL,952
1735833239999000000,96408.15,18.895780,SELL,953
1735833299999000000,96528.82,17.905800,BUY,954
1735833359999000000,96491.33,34.275820,SELL,955
1735833419999000000,96523.72,15.486350,BUY,956
1735833479999000000,96490.39,45.202110,SELL,957
1735833539999000000,96498.63,11.040940,BUY,958
1735833599999000000,96455.01,15.318310,SELL,959
1735833659999000000,96504.65,29.275900,BUY,960
1735833719999000000,96503.98,22.904110,SELL,961
1735833779999000000,96315.44,50.418870,SELL,962
1735833839999000000,96210.09,20.572320,SELL,963
1735833899999000000,96130.75,51.073000,SELL,964
1735833959999000000,96187.49,26.600430,BUY,965
1735834019999000000,96283.86,27.965390,BUY,966
1735834079999000000,96310.58,10.942990,BUY,967
1735834139999000000,96309.91,42.046440,SELL,968
1735834199999000000,96376.75,8.351610,BUY,969
1735834259999000000,96363.64,43.234530,SELL,970
1735834319999000000,96480.19,17.215080,BUY,971
1735834379999000000,96482.09,36.409450,BUY,972
1735834439999000000,96578.95,13.791740,BUY,973
1735834499999000000,96652.57,10.971400,BUY,974
1735834559999000000,96748.98,14.816450,BUY,975
1735834619999000000,96878.78,10.232080,BUY,976
1735834679999000000,96947.15,59.255260,BUY,977
1735834739999000000,96904.64,66.752980,SELL,978
1735834799999000000,96971.29,16.641490,BUY,979
1735834859999000000,96981.83,30.071900,BUY,980
1735834919999000000,96998.34,38.362930,BUY,981
1735834979999000000,96959.71,36.939910,SELL,982
1735835039999000000,97086.61,13.647090,BUY,983
1735835099999000000,97218.92,64.368730,BUY,984
1735835159999000000,97273.20,30.795440,BUY,985
1735835219999000000,97350.00,25.295850,BUY,986
1735835279999000000,97288.71,37.106820,SELL,987
1735835339999000000,97348.60,28.342330,BUY,988
1735835399999000000,97387.15,33.631920,BUY,989
1735835459999000000,97281.87,35.135970,SELL,990
1735835519999000000,97300.00,23.221600,BUY,991
1735835579999000000,97307.46,21.792920,BUY,992
1735835639999000000,97393.94,21.423720,BUY,993
1735835699999000000,97533.54,71.449900,BUY,994
1735835759999000000,97562.05,22.861250,BUY,995
1735835819999000000,97545.74,33.507860,SELL,996
1735835879999000000,97529.42,16.784910,SELL,997
1735835939999000000,97496.49,29.690020,SELL,998
1735835999999000000,97563.44,20.078860,BUY,999
1735836059999000000,97571.59,30.728640,BUY,1000
1735836119999000000,97405.96,47.107040,SELL,1001
1735836179999000000,97385.78,30.943990,SELL,1002
1735836239999000000,97379.18,52.013460,SELL,1003
1735836299999000000,97438.33,18.662210,BUY,1004
1735836359999000000,97482.35,10.147630,BUY,1005
1735836419999000000,97397.28,15.432520,SELL,1006
1735836479999000000,97419.99,15.614840,BUY,1007
1735836539999000000,97499.50,26.422250,BUY,1008
1735836599999000000,97614.93,48.513220,BUY,1009
1735836659999000000,97533.45,19.599930,SELL,1010
1735836719999000000,97506.95,14.109020,SELL,1011
1735836779999000000,97375.97,49.196160,SELL,1012
1735836839999000000,97328.78,37.510070,SELL,1013
1735836899999000000,97220.00,26.847400,SELL,1014
1735836959999000000,97239.54,24.135150,BUY,1015
1735837019999000000,97268.09,9.183490,BUY,1016
1735837079999000000,97199.01,12.364420,SELL,1017
1735837139999000000,97254.31,10.039890,BUY,1018
1735837199999000000,97229.74,12.477120,SELL,1019
1735837259999000000,97125.84,24.216910,SELL,1020
1735837319999000000,97229.22,6.770380,BUY,1021
1735837379999000000,97163.29,10.755050,SELL,1022
1735837439999000000,97234.57,6.625400,BUY,1023
1735837499999000000,97320.64,8.331040,BUY,1024
1735837559999000000,97264.01,9.231930,SELL,1025
1735837619999000000,97200.00,11.254420,SELL,1026
1735837679999000000,97181.84,7.285030,SELL,1027
1735837739999000000,97225.86,6.640560,BUY,1028
1735837799999000000,97218.37,6.754670,SELL,1029
1735837859999000000,97271.33,5.208310,BUY,1030
1735837919999000000,97292.47,8.619870,BUY,1031
1735837979999000000,97415.47,5.665930,BUY,1032
1735838039999000000,97565.01,19.873100,BUY,1033
1735838099999000000,97546.33,59.638910,SELL,1034
1735838159999000000,97554.33,12.504140,BUY,1035
1735838219999000000,97475.85,13.779970,SELL,1036
1735838279999000000,97451.91,12.575680,SELL,1037
1735838339999000000,97512.98,12.122750,BUY,1038
1735838399999000000,97518.29,11.331890,BUY,1039
1735838459999000000,97418.35,11.612690,SELL,1040
1735838519999000000,97446.62,35.022040,BUY,1041
1735838579999000000,97393.50,11.261020,SELL,1042
1735838639999000000,97292.56,11.099690,SELL,1043
1735838699999000000,97297.95,8.263710,BUY,1044
1735838759999000000,97322.43,10.249500,BUY,1045
1735838819999000000,97279.84,9.443400,SELL,1046
1735838879999000000,97200.04,11.623230,SELL,1047
1735838939999000000,97182.19,54.251870,SELL,1048
1735838999999000000,97084.41,62.464780,SELL,1049
1735839059999000000,97012.77,15.090940,SELL,1050
1735839119999000000,96994.01,63.342470,SELL,1051
1735839179999000000,96946.85,20.891660,SELL,1052
1735839239999000000,96851.99,32.063490,SELL,1053
1735839299999000000,96806.44,22.697550,SELL,1054
1735839359999000000,96706.81,21.506210,SELL,1055
1735839419999000000,96630.66,23.163360,SELL,1056
1735839479999000000,96516.00,42.173930,SELL,1057
1735839539999000000,96471.23,20.813870,SELL,1058
1735839599999000000,96366.44,52.226840,SELL,1059
1735839659999000000,96409.92,72.835970,BUY,1060
1735839719999000000,96527.32,31.460260,BUY,1061
1735839779999000000,96462.99,27.310730,SELL,1062
1735839839999000000,96699.49,52.985570,BUY,1063
1735839899999000000,96660.00,21.470410,SELL,1064
1735839959999000000,96645.82,12.577870,SELL,1065
1735840019999000000,96556.01,19.564800,SELL,1066
1735840079999000000,96449.89,30.581280,SELL,1067
1735840139999000000,96460.63,18.217260,BUY,1068
1735840199999000000,96364.25,12.203320,SELL,1069
1735840259999000000,96483.20,22.954260,BUY,1070
1735840319999000000,96539.99,25.439370,BUY,1071
1735840379999000000,96585.10,15.450010,BUY,1072
1735840439999000000,96625.16,20.642740,BUY,1073
1735840499999000000,96619.13,22.181360,SELL,1074
1735840559999000000,96594.44,18.974630,SELL,1075
1735840619999000000,96654.48,12.295430,BUY,1076
1735840679999000000,96609.95,10.022240,SELL,1077
1735840739999000000,96626.98,12.769110,BUY,1078
1735840799999000000,96757.57,14.372940,BUY,1079
1735840859999000000,96778.59,22.376700,BUY,1080
1735840919999000000,96730.77,20.536240,SELL,1081
1735840979999000000,96592.95,31.908310,SELL,1082
1735841039999000000,96515.77,11.401370,SELL,1083
1735841099999000000,96466.97,11.620860,SELL,1084
1735841159999000000,96517.49,15.373300,BUY,1085
1735841219999000000,96584.00,13.358750,BUY,1086
1735841279999000000,96705.51,16.331870,BUY,1087
1735841339999000000,96836.36,13.906970,BUY,1088
1735841399999000000,96966.01,24.179670,BUY,1089
1735841459999000000,96982.60,31.975850,BUY,1090
1735841519999000000,96879.18,25.884230,SELL,1091
1735841579999000000,96787.88,17.376930,SELL,1092
1735841639999000000,96823.95,12.880740,BUY,1093
1735841699999000000,96848.49,10.616710,BUY,1094
1735841759999000000,96823.27,15.895810,SELL,1095
1735841819999000000,96825.79,18.402470,BUY,1096
1735841879999000000,96763.09,29.161370,SELL,1097
1735841939999000000,96873.16,12.059030,BUY,1098
1735841999999000000,96859.77,7.718160,SELL,1099
1735842059999000000,97039.01,18.229310,BUY,1100
1735842119999000000,96941.39,22.321430,SELL,1101
1735842179999000000,96923.08,11.669110,SELL,1102
1735842239999000000,96919.01,17.178830,SELL,1103
1735842299999000000,96859.99,11.325730,SELL,1104
1735842359999000000,96803.70,8.594910,SELL,1105
1735842419999000000,96767.70,6.178410,SELL,1106
1735842479999000000,96819.36,14.341780,BUY,1107
1735842539999000000,96820.90,3.670890,BUY,1108
1735842599999000000,96903.00,2.674440,BUY,1109
1735842659999000000,96790.00,7.715090,SELL,1110
1735842719999000000,96659.40,30.345150,SELL,1111
1735842779999000000,96697.56,10.388000,BUY,1112
1735842839999000000,96748.00,11.628560,BUY,1113
1735842899999000000,96652.03,3.956630,SELL,1114
1735842959999000000,96689.78,8.382480,BUY,1115
1735843019999000000,96826.93,10.398850,BUY,1116
1735843079999000000,96923.07,8.892030,BUY,1117
1735843139999000000,96870.00,5.089580,SELL,1118
1735843199999000000,96906.07,5.054200,BUY,1119
1735843259999000000,96885.02,14.271050,SELL,1120
1735843319999000000,96945.42,7.521290,BUY,1121
1735843379999000000,96945.78,6.931330,BUY,1122
1735843439999000000,97061.08,19.271550,BUY,1123
1735843499999000000,97090.54,17.454250,BUY,1124
1735843559999000000,97178.32,16.682590,BUY,1125
1735843619999000000,97199.77,17.447370,BUY,1126
1735843679999000000,97181.81,12.551810,SELL,1127
1735843739999000000,97115.38,10.415710,SELL,1128
1735843799999000000,97112.67,10.410070,SELL,1129
1735843859999000000,97099.99,16.450360,SELL,1130
1735843919999000000,97047.65,21.302600,SELL,1131
1735843979999000000,97050.94,11.086610,BUY,1132
1735844039999000000,97124.00,7.397250,BUY,1133
1735844099999000000,97119.02,5.574950,SELL,1134
1735844159999000000,97189.87,13.756890,BUY,1135
1735844219999000000,97284.00,19.547970,BUY,1136
1735844279999000000,97269.79,10.144890,SELL,1137
1735844339999000000,97309.99,7.329740,BUY,1138
1735844399999000000,97319.74,13.355570,BUY,1139
1735844459999000000,97257.44,6.726730,SELL,1140
1735844519999000000,97237.63,10.175740,SELL,1141
1735844579999000000,97306.99,10.501580,BUY,1142
1735844639999000000,97334.01,16.083820,BUY,1143
1735844699999000000,97433.61,20.118840,BUY,1144
1735844759999000000,97446.55,14.203910,BUY,1145
1735844819999000000,97550.08,36.421500,BUY,1146
1735844879999000000,97469.52,14.471410,SELL,1147
1735844939999000000,97505.23,34.985670,BUY,1148
1735844999999000000,97561.61,14.917200,BUY,1149
1735845059999000000,97562.51,25.469160,BUY,1150
1735845119999000000,97579.35,7.149680,BUY,1151
1735845179999000000,97580.37,9.442810,BUY,1152
1735845239999000000,97488.01,9.472970,SELL,1153
1735845299999000000,97482.91,12.294700,SELL,1154
1735845359999000000,97503.56,8.711450,BUY,1155
1735845419999000000,97495.29,9.888930,SELL,1156
1735845479999000000,97545.62,6.238660,BUY,1157
1735845539999000000,97579.77,7.102140,BUY,1158
1735845599999000000,97561.74,5.440110,SELL,1159
1735845659999000000,97569.89,3.048690,BUY,1160
1735845719999000000,97545.03,7.097480,SELL,1161
1735845779999000000,97589.19,14.008680,BUY,1162
1735845839999000000,97599.99,4.626180,BUY,1163
1735845899999000000,97600.00,5.256330,BUY,1164
1735845959999000000,97727.03,49.291930,BUY,1165
1735846019999000000,97710.94,14.663550,SELL,1166
1735846079999000000,97677.19,12.985330,SELL,1167
1735846139999000000,97620.02,10.063460,SELL,1168
1735846199999000000,97600.00,4.994500,SELL,1169
1735846259999000000,97427.94,23.047340,SELL,1170
1735846319999000000,97383.76,35.427670,SELL,1171
1735846379999000000,97370.30,17.587400,SELL,1172
1735846439999000000,97338.20,7.555490,SELL,1173
1735846499999000000,97326.00,6.608370,SELL,1174
1735846559999000000,97211.52,5.522980,SELL,1175
1735846619999000000,97254.68,19.111060,BUY,1176
1735846679999000000,97288.04,8.847250,BUY,1177
1735846739999000000,97372.61,10.529470,BUY,1178
1735846799999000000,97297.29,6.897870,SELL,1179
1735846859999000000,97345.84,5.025970,BUY,1180
1735846919999000000,97351.99,9.437010,BUY,1181
1735846979999000000,97439.24,6.546090,BUY,1182
1735847039999000000,97401.07,4.619300,SELL,1183
1735847099999000000,97415.65,4.997850,BUY,1184
1735847159999000000,97443.61,20.773720,BUY,1185
1735847219999000000,97324.59,11.178020,SELL,1186
1735847279999000000,97410.13,18.078980,BUY,1187
1735847339999000000,97556.43,6.667230,BUY,1188
1735847399999000000,97471.50,10.598260,SELL,1189
1735847459999000000,97434.13,9.945510,SELL,1190
1735847519999000000,97515.15,4.699160,BUY,1191
1735847579999000000,97582.42,10.514780,BUY,1192
1735847639999000000,97468.00,5.504460,SELL,1193
1735847699999000000,97531.43,5.188650,BUY,1194
1735847759999000000,97489.34,4.256570,SELL,1195
1735847819999000000,97417.48,7.270080,SELL,1196
1735847879999000000,97343.36,9.881470,SELL,1197
1735847939999000000,97326.59,5.683040,SELL,1198
1735847999999000000,97317.74,6.555460,SELL,1199
1735848059999000000,97434.00,21.469780,BUY,1200
1735848119999000000,97491.98,10.743920,BUY,1201
1735848179999000000,97496.02,5.797770,BUY,1202
1735848239999000000,97566.29,10.042760,BUY,1203
1735848299999000000,97679.99,13.168010,BUY,1204
1735848359999000000,97620.02,9.838100,SELL,1205
1735848419999000000,97562.00,6.986160,SELL,1206
1735848479999000000,97590.12,3.696740,BUY,1207
1735848539999000000,97636.40,7.251910,BUY,1208
1735848599999000000,97629.94,10.704710,SELL,1209
1735848659999000000,97678.00,10.129320,BUY,1210
1735848719999000000,97659.99,6.783370,SELL,1211
1735848779999000000,97705.89,9.636300,BUY,1212
1735848839999000000,97713.29,11.843280,BUY,1213
1735848899999000000,97769.23,14.405210,BUY,1214
1735848959999000000,97672.00,14.139340,SELL,1215
1735849019999000000,97649.65,6.617920,SELL,1216
1735849079999000000,97688.27,5.841440,BUY,1217
1735849139999000000,97751.54,7.701970,BUY,1218
1735849199999000000,97773.61,8.893550,BUY,1219
1735849259999000000,97818.10,38.786500,BUY,1220
1735849319999000000,97812.01,23.496170,SELL,1221
1735849379999000000,97775.67,15.732500,SELL,1222
1735849439999000000,97802.34,11.403960,BUY,1223
1735849499999000000,97827.75,4.049080,BUY,1224
1735849559999000000,97750.32,13.460180,SELL,1225
1735849619999000000,97701.59,8.029010,SELL,1226
1735849679999000000,97688.88,15.251020,SELL,1227
1735849739999000000,97731.49,6.048470,BUY,1228
1735849799999000000,97600.00,9.765950,SELL,1229
1735849859999000000,97520.39,16.374450,SELL,1230
1735849919999000000,97712.00,15.585050,BUY,1231
1735849979999000000,97607.98,14.752170,SELL,1232
1735850039999000000,97602.78,9.159540,SELL,1233
1735850099999000000,97529.31,9.960730,SELL,1234
1735850159999000000,97450.48,13.454100,SELL,1235
1735850219999000000,97352.94,20.671360,SELL,1236
1735850279999000000,97373.74,12.134280,BUY,1237
1735850339999000000,97470.29,5.307020,BUY,1238
1735850399999000000,97402.53,7.665600,SELL,1239
1735850459999000000,97485.01,4.917900,BUY,1240
1735850519999000000,97479.87,8.335570,SELL,1241
1735850579999000000,97440.00,7.913840,SELL,1242
1735850639999000000,97425.37,10.036450,SELL,1243
1735850699999000000,97462.00,5.871380,BUY,1244
1735850759999000000,97445.35,12.416830,SELL,1245
1735850819999000000,97468.04,19.346220,BUY,1246
1735850879999000000,97523.17,6.270310,BUY,1247
1735850939999000000,97566.66,12.273280,BUY,1248
1735850999999000000,97608.99,3.482440,BUY,1249
1735851059999000000,97648.59,26.309490,BUY,1250
1735851119999000000,97597.21,8.966890,SELL,1251
1735851179999000000,97539.94,14.824270,SELL,1252
1735851239999000000,97510.03,11.366340,SELL,1253
1735851299999000000,97393.94,12.889040,SELL,1254
1735851359999000000,97429.76,12.699650,BUY,1255
1735851419999000000,97405.89,26.796000,SELL,1256
1735851479999000000,97377.96,3.764980,SELL,1257
1735851539999000000,97317.47,9.949570,SELL,1258
1735851599999000000,97306.46,33.637650,SELL,1259
1735851659999000000,97333.34,8.510360,BUY,1260
1735851719999000000,97350.66,3.532070,BUY,1261
1735851779999000000,97311.98,2.758910,SELL,1262
1735851839999000000,97335.15,18.974670,BUY,1263
1735851899999000000,97312.01,2.615540,SELL,1264
1735851959999000000,97239.43,22.745650,SELL,1265
1735852019999000000,97213.91,13.264520,SELL,1266
1735852079999000000,97185.12,10.938790,SELL,1267
1735852139999000000,97190.99,5.258740,BUY,1268
1735852199999000000,97203.54,3.458910,BUY,1269
1735852259999000000,97186.16,2.359040,SELL,1270
1735852319999000000,97211.34,17.629600,BUY,1271
1735852379999000000,97261.52,7.830070,BUY,1272
1735852439999000000,97232.19,3.078140,SELL,1273
1735852499999000000,97219.73,3.582580,SELL,1274
1735852559999000000,97181.82,3.509980,SELL,1275
1735852619999000000,97205.20,10.636640,BUY,1276
1735852679999000000,97211.53,5.286930,BUY,1277
1735852739999000000,97251.27,12.582720,BUY,1278
1735852799999000000,97212.13,2.851990,SELL,1279
1735852859999000000,97184.00,2.414180,SELL,1280
1735852919999000000,97122.10,10.169660,SELL,1281
1735852979999000000,97077.14,8.242870,SELL,1282
1735853039999000000,97107.99,11.481800,BUY,1283
1735853099999000000,97147.63,6.183230,BUY,1284
1735853159999000000,97150.85,3.840010,BUY,1285
1735853219999000000,97166.90,5.470720,BUY,1286
1735853279999000000,97156.43,2.545480,SELL,1287
1735853339999000000,97124.48,4.205570,SELL,1288
1735853399999000000,97124.48,0.520270,BUY,1289
1735853459999000000,97124.48,3.717550,BUY,1290
1735853519999000000,97056.37,7.692560,SELL,1291
1735853579999000000,97052.74,6.144840,SELL,1292
1735853639999000000,97083.96,4.333990,BUY,1293
1735853699999000000,97116.84,8.680290,BUY,1294
1735853759999000000,97146.63,2.007670,BUY,1295
1735853819999000000,97140.63,8.351650,SELL,1296
1735853879999000000,97194.50,6.145260,BUY,1297
1735853939999000000,97236.77,6.217230,BUY,1298
1735853999999000000,97236.99,6.752300,BUY,1299
1735854059999000000,97241.92,5.121690,BUY,1300
1735854119999000000,97242.80,1.919080,BUY,1301
1735854179999000000,97217.31,4.499430,SELL,1302
1735854239999000000,97249.01,2.244360,BUY,1303
1735854299999000000,97200.00,4.168150,SELL,1304
1735854359999000000,97181.60,11.603290,SELL,1305
1735854419999000000,97200.00,12.062550,BUY,1306
1735854479999000000,97230.00,11.297250,BUY,1307
1735854539999000000,97190.25,3.187740,SELL,1308
1735854599999000000,97190.26,0.815970,BUY,1309
1735854659999000000,97143.50,6.269550,SELL,1310
1735854719999000000,97170.62,4.180940,BUY,1311
1735854779999000000,97181.82,3.788460,BUY,1312
1735854839999000000,97246.10,15.540070,BUY,1313
1735854899999000000,97243.98,7.150540,SELL,1314
1735854959999000000,97224.29,5.327590,SELL,1315
1735855019999000000,97202.82,1.663650,SELL,1316
1735855079999000000,97203.09,1.808390,BUY,1317
1735855139999000000,97216.71,8.480650,BUY,1318
1735855199999000000,97212.68,6.494940,SELL,1319
1735855259999000000,97133.48,9.778530,SELL,1320
1735855319999000000,97147.71,6.379160,BUY,1321
1735855379999000000,97142.03,2.054440,SELL,1322
1735855439999000000,97077.85,5.254850,SELL,1323
1735855499999000000,97064.77,2.254110,SELL,1324
1735855559999000000,97055.00,1.886330,SELL,1325
1735855619999000000,97088.00,5.040760,BUY,1326
1735855679999000000,97123.33,3.622190,BUY,1327
1735855739999000000,97131.97,8.004890,BUY,1328
1735855799999000000,97131.96,0.943210,SELL,1329
1735855859999000000,97067.70,7.319820,SELL,1330
1735855919999000000,97105.06,4.933160,BUY,1331
1735855979999000000,97063.00,2.936650,SELL,1332
1735856039999000000,97013.83,4.751360,SELL,1333
1735856099999000000,97000.48,3.401710,SELL,1334
1735856159999000000,96943.24,11.758070,SELL,1335
1735856219999000000,96884.08,13.109760,SELL,1336
1735856279999000000,96915.08,14.577130,BUY,1337
1735856339999000000,96888.95,11.828220,SELL,1338
1735856399999000000,96872.01,8.171100,SELL,1339
1735856459999000000,96825.38,15.735310,SELL,1340
1735856519999000000,96796.31,7.480620,SELL,1341
1735856579999000000,96800.18,14.308340,BUY,1342
1735856639999000000,96746.75,40.237700,SELL,1343
1735856699999000000,96722.74,3.768140,SELL,1344
1735856759999000000,96884.79,11.975380,BUY,1345
1735856819999000000,96888.93,9.940480,BUY,1346
1735856879999000000,96970.00,13.978380,BUY,1347
1735856939999000000,96862.80,18.304590,SELL,1348
1735856999999000000,96882.80,9.105840,BUY,1349
1735857059999000000,96935.41,13.306670,BUY,1350
1735857119999000000,96935.41,1.184840,BUY,1351
1735857179999000000,96953.51,4.899770,BUY,1352
1735857239999000000,97042.26,6.584290,BUY,1353
1735857299999000000,97004.57,5.254210,SELL,1354
1735857359999000000,96982.24,2.750920,SELL,1355
1735857419999000000,96876.28,8.559090,SELL,1356
1735857479999000000,96909.94,6.407160,BUY,1357
1735857539999000000,96923.07,3.104990,BUY,1358
1735857599999000000,96946.69,2.588970,BUY,1359
1735857659999000000,96899.99,8.571760,SELL,1360
1735857719999000000,96915.03,2.433660,BUY,1361
1735857779999000000,96923.57,4.593900,BUY,1362
1735857839999000000,96863.34,5.713930,SELL,1363
1735857899999000000,96916.95,5.603020,BUY,1364
1735857959999000000,96930.50,7.546600,BUY,1365
1735858019999000000,96965.46,3.519920,BUY,1366
1735858079999000000,96983.55,2.342760,BUY,1367
1735858139999000000,96990.94,6.241050,BUY,1368
1735858199999000000,96960.50,8.803860,SELL,1369
1735858259999000000,96971.14,6.080410,BUY,1370
1735858319999000000,96952.75,1.507850,SELL,1371
1735858379999000000,96952.74,2.996470,SELL,1372
1735858439999000000,96940.01,3.150160,SELL,1373
1735858499999000000,96940.00,1.064720,BUY,1374
1735858559999000000,96959.56,2.204960,BUY,1375
1735858619999000000,96946.29,7.159680,SELL,1376
1735858679999000000,96935.17,1.679340,SELL,1377
1735858739999000000,96923.08,2.506610,SELL,1378
1735858799999000000,96911.04,7.579120,SELL,1379
1735858859999000000,96969.69,10.103680,BUY,1380
1735858919999000000,96971.98,2.288490,BUY,1381
1735858979999000000,97002.95,8.413650,BUY,1382
1735859039999000000,96988.01,11.690250,SELL,1383
1735859099999000000,97010.24,14.286850,BUY,1384
1735859159999000000,96875.34,8.052170,SELL,1385
1735859219999000000,96906.44,15.281670,BUY,1386
1735859279999000000,96862.88,3.677150,SELL,1387
1735859339999000000,96819.29,18.663490,SELL,1388
1735859399999000000,96768.91,62.131480,SELL,1389
1735859459999000000,96826.93,14.228160,BUY,1390
1735859519999000000,96796.00,9.676380,SELL,1391
1735859579999000000,96808.80,5.633400,BUY,1392
1735859639999000000,96837.39,4.170890,BUY,1393
1735859699999000000,96848.49,6.369630,BUY,1394
1735859759999000000,96823.31,3.031630,SELL,1395
1735859819999000000,96834.03,2.528860,BUY,1396
1735859879999000000,96869.49,7.199360,BUY,1397
1735859939999000000,96894.53,2.273060,BUY,1398
1735859999999000000,96904.04,2.886990,BUY,1399
1735860059999000000,96911.56,11.784620,BUY,1400
1735860119999000000,96904.59,2.400580,SELL,1401
1735860179999000000,96904.59,1.357430,SELL,1402
1735860239999000000,96940.00,11.232890,BUY,1403
1735860299999000000,96881.43,18.816810,SELL,1404
1735860359999000000,96907.98,6.020810,BUY,1405
1735860419999000000,96948.97,4.184600,BUY,1406
1735860479999000000,96979.99,3.840100,BUY,1407
1735860539999000000,96956.16,4.362380,SELL,1408
1735860599999000000,96973.53,1.633630,BUY,1409
1735860659999000000,97000.00,2.558200,BUY,1410
1735860719999000000,97060.61,8.115240,BUY,1411
1735860779999000000,97049.13,8.365360,SELL,1412
1735860839999000000,97008.60,3.904580,SELL,1413
1735860899999000000,96972.02,2.664470,SELL,1414
1735860959999000000,96989.72,4.466320,BUY,1415
1735861019999000000,97005.19,2.088690,BUY,1416
1735861079999000000,96984.83,3.500380,SELL,1417
1735861139999000000,96955.47,4.180510,SELL,1418
1735861199999000000,96955.38,12.496340,SELL,1419
1735861259999000000,96920.75,11.985270,SELL,1420
1735861319999000000,96921.06,1.912570,BUY,1421
1735861379999000000,96939.36,3.597070,BUY,1422
1735861439999000000,96959.99,1.692470,BUY,1423
1735861499999000000,96997.53,2.611930,BUY,1424
1735861559999000000,96979.99,4.380480,SELL,1425
1735861619999000000,96874.82,24.159560,SELL,1426
1735861679999000000,96892.17,11.195070,BUY,1427
1735861739999000000,96913.88,9.128730,BUY,1428
1735861799999000000,96916.67,8.880970,BUY,1429
1735861859999000000,96939.49,2.116360,BUY,1430
1735861919999000000,96967.97,5.735810,BUY,1431
1735861979999000000,96968.30,2.526070,BUY,1432
1735862039999000000,96960.01,4.344930,SELL,1433
1735862099999000000,96949.15,1.064910,SELL,1434
1735862159999000000,96961.32,7.353080,BUY,1435
1735862219999000000,96961.32,0.852460,BUY,1436
1735862279999000000,96967.01,1.303440,BUY,1437
1735862339999000000,96984.79,4.997750,BUY,1438
1735862399999000000,96984.79,1.384230,BUY,1439
1735862459999000000,96984.79,8.518750,BUY,1440
1735862519999000000,96961.31,6.013910,SELL,1441
1735862579999000000,97000.00,6.386350,BUY,1442
1735862639999000000,97028.08,4.905630,BUY,1443
1735862699999000000,96981.56,6.796430,SELL,1444
1735862759999000000,96976.24,1.912590,SELL,1445
1735862819999000000,97017.47,3.945380,BUY,1446
1735862879999000000,97062.51,8.926020,BUY,1447
1735862939999000000,97072.47,9.135150,BUY,1448
1735862999999000000,97008.83,9.715730,SELL,1449
1735863059999000000,96974.70,2.924790,SELL,1450
1735863119999000000,96951.09,4.544060,SELL,1451
1735863179999000000,96950.25,8.780990,SELL,1452
1735863239999000000,96946.44,2.401430,SELL,1453
1735863299999000000,96945.21,1.075490,SELL,1454
1735863359999000000,96941.91,1.109830,SELL,1455
1735863419999000000,96905.53,3.759470,SELL,1456
1735863479999000000,96862.00,3.315040,SELL,1457
1735863539999000000,96849.29,2.118390,SELL,1458
1735863599999000000,96848.49,1.466620,SELL,1459
1735863659999000000,96866.08,8.592770,BUY,1460
1735863719999000000,96797.20,9.515320,SELL,1461
1735863779999000000,96945.05,32.207830,BUY,1462
1735863839999000000,96905.23,4.543510,SELL,1463
1735863899999000000,96905.19,1.426730,SELL,1464
1735863959999000000,96967.15,5.932670,BUY,1465
1735864019999000000,96954.08,10.607470,SELL,1466
1735864079999000000,96965.45,3.336140,BUY,1467
1735864139999000000,97039.52,6.768490,BUY,1468
1735864199999000000,97025.92,7.730000,SELL,1469
1735864259999000000,97038.45,3.335940,BUY,1470
1735864319999000000,97033.58,5.900860,SELL,1471
1735864379999000000,96979.24,5.256510,SELL,1472
1735864439999000000,97009.66,4.492130,BUY,1473
1735864499999000000,96967.51,5.166910,SELL,1474
1735864559999000000,96979.23,4.179380,BUY,1475
1735864619999000000,96978.54,3.086600,SELL,1476
1735864679999000000,96978.54,1.651440,BUY,1477
1735864739999000000,96981.27,2.335810,BUY,1478
1735864799999000000,96906.34,12.982560,SELL,1479
1735864859999000000,96947.38,8.859010,BUY,1480
1735864919999000000,96955.84,2.433660,BUY,1481
1735864979999000000,96950.18,0.709710,SELL,1482
1735865039999000000,96925.04,2.927190,SELL,1483
1735865099999000000,96913.84,1.464710,SELL,1484
1735865159999000000,96954.16,3.022820,BUY,1485
1735865219999000000,96969.71,4.112260,BUY,1486
1735865279999000000,96964.01,3.387350,SELL,1487
1735865339999000000,96900.01,4.452780,SELL,1488
1735865399999000000,96888.38,1.101640,SELL,1489
1735865459999000000,96813.51,10.137100,SELL,1490
1735865519999000000,96853.89,8.491150,BUY,1491
1735865579999000000,96853.89,3.376550,BUY,1492
1735865639999000000,96844.39,2.185820,SELL,1493
1735865699999000000,96844.38,0.644360,BUY,1494
1735865759999000000,96843.63,2.191480,SELL,1495
1735865819999000000,96866.34,2.885630,BUY,1496
1735865879999000000,96850.19,13.059450,SELL,1497
1735865939999000000,96825.82,1.164700,SELL,1498
1735865999999000000,96825.82,1.601240,SELL,1499
1735866059999000000,96829.32,13.751170,BUY,1500
1735866119999000000,96813.58,5.601530,SELL,1501
1735866179999000000,96797.20,4.924590,SELL,1502
1735866239999000000,96778.85,7.304520,SELL,1503
1735866299999000000,96814.85,4.696000,BUY,1504
1735866359999000000,96776.52,3.196610,SELL,1505
1735866419999000000,96843.99,10.839580,BUY,1506
1735866479999000000,96812.93,7.281210,SELL,1507
1735866539999000000,96791.98,4.827650,SELL,1508
1735866599999000000,96832.01,14.613190,BUY,1509
1735866659999000000,96792.97,8.212180,SELL,1510
1735866719999000000,96722.73,12.695820,SELL,1511
1735866779999000000,96732.24,12.176520,BUY,1512
1735866839999000000,96716.00,2.687920,SELL,1513
1735866899999000000,96730.00,2.640660,BUY,1514
1735866959999000000,96702.66,10.738810,SELL,1515
1735867019999000000,96719.36,1.763610,BUY,1516
1735867079999000000,96661.68,8.662970,SELL,1517
1735867139999000000,96657.56,3.258100,SELL,1518
1735867199999000000,96711.60,4.801380,BUY,1519
1735867259999000000,96794.56,7.289900,BUY,1520
1735867319999000000,96772.10,6.659180,SELL,1521
1735867379999000000,96730.77,4.551660,SELL,1522
1735867439999000000,96833.32,8.573210,BUY,1523
1735867499999000000,96872.68,2.061250,BUY,1524
1735867559999000000,96826.93,5.172830,SELL,1525
1735867619999000000,96856.03,2.123350,BUY,1526
1735867679999000000,96875.60,2.610210,BUY,1527
1735867739999000000,96904.04,1.706530,BUY,1528
1735867799999000000,96907.12,2.874520,BUY,1529
1735867859999000000,96859.51,3.231440,SELL,1530
1735867919999000000,96828.00,4.705180,SELL,1531
1735867979999000000,96793.11,3.462700,SELL,1532
1735868039999000000,96787.08,1.698240,SELL,1533
1735868099999000000,96780.01,1.520970,SELL,1534
1735868159999000000,96762.94,8.884650,SELL,1535
1735868219999000000,96712.10,4.422190,SELL,1536
1735868279999000000,96723.61,3.483870,BUY,1537
1735868339999000000,96723.62,0.878190,BUY,1538
1735868399999000000,96746.46,2.686480,BUY,1539
1735868459999000000,96722.78,3.589070,SELL,1540
1735868519999000000,96694.64,4.402910,SELL,1541
1735868579999000000,96699.65,5.690830,BUY,1542
1735868639999000000,96693.95,4.932200,SELL,1543
1735868699999000000,96746.46,5.564180,BUY,1544
1735868759999000000,96702.39,5.666990,SELL,1545
1735868819999000000,96784.30,5.924730,BUY,1546
1735868879999000000,96780.04,4.688850,SELL,1547
1735868939999000000,96784.00,4.078640,BUY,1548
1735868999999000000,96772.40,5.344880,SELL,1549
1735869059999000000,96867.96,7.613910,BUY,1550
1735869119999000000,96914.13,20.009440,BUY,1551
1735869179999000000,96978.58,8.094710,BUY,1552
1735869239999000000,96999.99,4.196530,BUY,1553
1735869299999000000,96999.99,3.016820,BUY,1554
1735869359999000000,96984.49,6.589190,SELL,1555
1735869419999000000,97000.00,8.503800,BUY,1556
1735869479999000000,96992.43,4.494110,SELL,1557
1735869539999000000,96974.40,3.920930,SELL,1558
1735869599999000000,96985.47,2.765850,BUY,1559
1735869659999000000,96980.37,2.926030,SELL,1560
1735869719999000000,96934.85,4.346060,SELL,1561
1735869779999000000,96892.65,5.942250,SELL,1562
1735869839999000000,96869.02,3.963690,SELL,1563
1735869899999000000,96874.42,4.961580,BUY,1564
1735869959999000000,96869.49,4.395270,SELL,1565
1735870019999000000,96915.90,3.018460,BUY,1566
1735870079999000000,96971.50,3.531070,BUY,1567
1735870139999000000,96988.96,3.862600,BUY,1568
1735870199999000000,96991.53,3.139080,BUY,1569
1735870259999000000,97000.00,13.001030,BUY,1570
1735870319999000000,97053.01,5.391540,BUY,1571
1735870379999000000,97086.50,4.626560,BUY,1572
1735870439999000000,97086.49,6.118570,BUY,1573
1735870499999000000,97100.00,5.142960,BUY,1574
1735870559999000000,97161.13,6.845290,BUY,1575
1735870619999000000,97201.09,9.294740,BUY,1576
1735870679999000000,97270.57,16.967570,BUY,1577
1735870739999000000,97272.74,5.371270,BUY,1578
1735870799999000000,97252.02,6.974180,SELL,1579
1735870859999000000,97271.69,12.289640,BUY,1580
1735870919999000000,97270.66,7.405600,SELL,1581
1735870979999000000,97295.45,6.655770,BUY,1582
1735871039999000000,97273.37,2.378110,SELL,1583
1735871099999000000,97265.81,14.425520,SELL,1584
1735871159999000000,97265.01,8.077400,SELL,1585
1735871219999000000,97189.34,15.553950,SELL,1586
1735871279999000000,97183.88,10.038050,SELL,1587
1735871339999000000,97203.99,16.570450,BUY,1588
1735871399999000000,97259.00,8.209750,BUY,1589
1735871459999000000,97214.01,8.453760,SELL,1590
1735871519999000000,97171.29,14.345290,SELL,1591
1735871579999000000,97202.58,10.125690,BUY,1592
1735871639999000000,97175.90,2.257430,SELL,1593
1735871699999000000,97156.50,4.446970,SELL,1594
1735871759999000000,97076.87,8.473590,SELL,1595
1735871819999000000,97115.38,5.782420,BUY,1596
1735871879999000000,97140.14,2.797760,BUY,1597
1735871939999000000,97175.83,7.632370,BUY,1598
1735871999999000000,97163.09,5.235020,SELL,1599
1735872059999000000,97163.50,6.973300,BUY,1600
1735872119999000000,97158.08,7.225760,SELL,1601
1735872179999000000,97153.28,1.415580,SELL,1602
1735872239999000000,97093.61,4.499280,SELL,1603
1735872299999000000,97083.90,2.259050,SELL,1604
1735872359999000000,97077.20,4.541750,SELL,1605
1735872419999000000,97106.69,12.840650,BUY,1606
1735872479999000000,97115.39,5.159140,BUY,1607
1735872539999000000,97122.92,1.786130,BUY,1608
1735872599999000000,97101.40,1.828160,SELL,1609
1735872659999000000,97137.09,5.552260,BUY,1610
1735872719999000000,97089.32,3.231340,SELL,1611
1735872779999000000,97035.23,4.852530,SELL,1612
1735872839999000000,97049.13,3.745590,BUY,1613
1735872899999000000,97031.57,5.566410,SELL,1614
1735872959999000000,97010.77,3.083750,SELL,1615
1735873019999000000,97029.10,5.213110,BUY,1616
1735873079999000000,97000.00,5.389380,SELL,1617
1735873139999000000,96952.67,7.328810,SELL,1618
1735873199999000000,96966.85,5.173760,BUY,1619
1735873259999000000,96996.43,8.972930,BUY,1620
1735873319999000000,97025.55,2.500860,BUY,1621
1735873379999000000,96998.33,7.693300,SELL,1622
1735873439999000000,97022.71,4.976030,BUY,1623
1735873499999000000,97004.86,2.504100,SELL,1624
1735873559999000000,97059.42,14.905580,BUY,1625
1735873619999000000,97057.19,2.124010,SELL,1626
1735873679999000000,97067.31,3.339510,BUY,1627
1735873739999000000,97043.99,16.738600,SELL,1628
1735873799999000000,97025.43,2.855460,SELL,1629
1735873859999000000,97018.17,3.649740,SELL,1630
1735873919999000000,97018.18,1.125650,BUY,1631
1735873979999000000,97014.37,1.021210,SELL,1632
1735874039999000000,96980.01,5.516430,SELL,1633
1735874099999000000,96980.01,1.075890,BUY,1634
1735874159999000000,96966.86,3.347280,SELL,1635
1735874219999000000,96966.85,4.942240,SELL,1636
1735874279999000000,96968.68,4.896900,BUY,1637
1735874339999000000,96949.99,4.407030,SELL,1638
1735874399999000000,96961.70,1.688690,BUY,1639
1735874459999000000,96901.28,7.456580,SELL,1640
1735874519999000000,96849.79,16.769920,SELL,1641
1735874579999000000,96870.65,10.802970,BUY,1642
1735874639999000000,96909.09,4.001030,BUY,1643
1735874699999000000,96936.47,1.793180,BUY,1644
1735874759999000000,96983.84,4.715210,BUY,1645
1735874819999000000,96948.66,3.428880,SELL,1646
1735874879999000000,96957.27,6.902130,BUY,1647
1735874939999000000,96957.00,2.380050,SELL,1648
1735874999999000000,96941.88,1.513490,SELL,1649
1735875059999000000,96916.47,2.815830,SELL,1650
1735875119999000000,96907.10,4.307390,SELL,1651
1735875179999000000,96919.81,7.220040,BUY,1652
1735875239999000000,96943.99,4.860610,BUY,1653
1735875299999000000,96965.75,1.854110,BUY,1654
1735875359999000000,96992.52,5.685430,BUY,1655
1735875419999000000,96993.33,1.994560,BUY,1656
1735875479999000000,96961.25,2.810400,SELL,1657
1735875539999000000,96964.76,2.614210,BUY,1658
1735875599999000000,96952.89,1.097480,SELL,1659
1735875659999000000,96952.89,0.752170,BUY,1660
1735875719999000000,96930.54,3.007310,SELL,1661
1735875779999000000,96948.00,1.885530,BUY,1662
1735875839999000000,96908.34,2.510430,SELL,1663
1735875899999000000,96936.04,4.987320,BUY,1664
1735875959999000000,96946.41,5.138280,BUY,1665
1735876019999000000,96934.32,1.698060,SELL,1666
1735876079999000000,96918.01,0.985840,SELL,1667
1735876139999000000,96945.20,2.396630,BUY,1668
1735876199999000000,96989.50,1.807250,BUY,1669
1735876259999000000,97044.43,6.901880,BUY,1670
1735876319999000000,97005.11,3.379340,SELL,1671
1735876379999000000,97052.00,6.772070,BUY,1672
1735876439999000000,97069.61,1.681950,BUY,1673
1735876499999000000,97082.83,1.937550,BUY,1674
1735876559999000000,97075.48,3.119320,SELL,1675
1735876619999000000,97067.78,1.750480,SELL,1676
1735876679999000000,97044.27,3.560260,SELL,1677
1735876739999000000,97086.87,5.812260,BUY,1678
1735876799999000000,97062.30,2.360330,SELL,1679
1735876859999000000,96996.63,14.916650,SELL,1680
1735876919999000000,96970.85,5.247510,SELL,1681
1735876979999000000,97034.34,5.229350,BUY,1682
1735877039999000000,96992.01,8.791460,SELL,1683
1735877099999000000,97004.00,9.011940,BUY,1684
1735877159999000000,96980.62,4.532210,SELL,1685
1735877219999000000,96964.02,2.333890,SELL,1686
1735877279999000000,96981.40,2.371310,BUY,1687
1735877339999000000,97009.73,2.336670,BUY,1688
1735877399999000000,97000.01,1.233860,SELL,1689
1735877459999000000,96991.14,2.195930,SELL,1690
1735877519999000000,97000.00,5.572610,BUY,1691
1735877579999000000,96996.82,1.128880,SELL,1692
1735877639999000000,96950.48,5.101070,SELL,1693
1735877699999000000,96962.40,2.803220,BUY,1694
1735877759999000000,96989.14,2.812080,BUY,1695
1735877819999000000,96984.18,5.104570,SELL,1696
1735877879999000000,96964.00,2.077040,SELL,1697
1735877939999000000,96988.39,2.422510,BUY,1698
1735877999999000000,96999.99,2.283970,BUY,1699
1735878059999000000,96994.26,1.237710,SELL,1700
1735878119999000000,96958.47,7.558980,SELL,1701
1735878179999000000,96963.15,3.447610,BUY,1702
1735878239999000000,96950.46,1.624290,SELL,1703
1735878299999000000,96923.07,2.004850,SELL,1704
1735878359999000000,96904.15,9.020230,SELL,1705
1735878419999000000,96924.83,5.116890,BUY,1706
1735878479999000000,96919.85,1.725750,SELL,1707
1735878539999000000,96924.36,1.744200,BUY,1708
1735878599999000000,96920.26,1.502670,SELL,1709
1735878659999000000,96962.56,2.041720,BUY,1710
1735878719999000000,96953.01,6.098300,SELL,1711
1735878779999000000,96946.81,0.838700,SELL,1712
1735878839999000000,96944.36,0.857220,SELL,1713
1735878899999000000,96931.62,1.414790,SELL,1714
1735878959999000000,96888.01,2.985090,SELL,1715
1735879019999000000,96865.99,4.636840,SELL,1716
1735879079999000000,96865.99,3.102120,BUY,1717
1735879139999000000,96874.10,5.227220,BUY,1718
1735879199999000000,96844.08,4.452600,SELL,1719
1735879259999000000,96867.99,14.332080,BUY,1720
1735879319999000000,96862.80,5.885900,SELL,1721
1735879379999000000,96809.68,5.438470,SELL,1722
1735879439999000000,96863.58,13.095530,BUY,1723
1735879499999000000,96895.99,1.652300,BUY,1724
1735879559999000000,96838.65,7.464880,SELL,1725
1735879619999000000,96818.87,1.402090,SELL,1726
1735879679999000000,96813.76,2.064780,SELL,1727
1735879739999000000,96842.29,13.009270,BUY,1728
1735879799999000000,96867.28,2.075100,BUY,1729
1735879859999000000,96812.67,8.641880,SELL,1730
1735879919999000000,96805.01,3.909030,SELL,1731
1735879979999000000,96766.51,5.727970,SELL,1732
1735880039999000000,96792.71,2.869180,BUY,1733
1735880099999000000,96792.71,1.142550,BUY,1734
1735880159999000000,96787.99,3.668750,SELL,1735
1735880219999000000,96800.00,3.779440,BUY,1736
1735880279999000000,96809.68,6.879550,BUY,1737
1735880339999000000,96805.46,4.491670,SELL,1738
1735880399999000000,96813.41,3.847200,BUY,1739
1735880459999000000,96822.83,3.271990,BUY,1740
1735880519999000000,96860.48,1.748700,BUY,1741
1735880579999000000,96813.39,4.495820,SELL,1742
1735880639999000000,96743.99,6.796670,SELL,1743
1735880699999000000,96733.01,3.854470,SELL,1744
1735880759999000000,96749.58,2.686650,BUY,1745
1735880819999000000,96733.52,1.860300,SELL,1746
1735880879999000000,96693.61,4.815280,SELL,1747
1735880939999000000,96644.92,22.491260,SELL,1748
1735880999999000000,96676.35,4.637820,BUY,1749
1735881059999000000,96727.28,10.420170,BUY,1750
1735881119999000000,96730.77,3.418110,BUY,1751
1735881179999000000,96732.25,4.979620,BUY,1752
1735881239999000000,96778.50,5.966280,BUY,1753
1735881299999000000,96769.15,4.732190,SELL,1754
1735881359999000000,96720.46,6.986160,SELL,1755
1735881419999000000,96767.00,4.755530,BUY,1756
1735881479999000000,96791.11,5.383050,BUY,1757
1735881539999000000,96791.14,2.882830,BUY,1758
1735881599999000000,96792.83,3.996390,BUY,1759
1735881659999000000,96740.25,9.545310,SELL,1760
1735881719999000000,96651.83,14.204110,SELL,1761
1735881779999000000,96654.03,8.430930,BUY,1762
1735881839999000000,96688.25,12.507660,BUY,1763
1735881899999000000,96640.87,9.182750,SELL,1764
1735881959999000000,96590.35,8.046950,SELL,1765
1735882019999000000,96600.01,5.548090,BUY,1766
1735882079999000000,96607.90,3.340360,BUY,1767
1735882139999000000,96678.76,5.138260,BUY,1768
1735882199999000000,96678.76,2.888350,BUY,1769
1735882259999000000,96640.23,3.563980,SELL,1770
1735882319999000000,96639.70,3.093470,SELL,1771
1735882379999000000,96639.70,0.430540,BUY,1772
1735882439999000000,96672.14,9.176670,BUY,1773
1735882499999000000,96664.98,3.780700,SELL,1774
1735882559999000000,96682.69,6.374030,BUY,1775
1735882619999000000,96727.49,3.645770,BUY,1776
1735882679999000000,96726.49,7.124060,SELL,1777
1735882739999000000,96746.67,7.923300,BUY,1778
1735882799999000000,96746.68,0.988440,BUY,1779
1735882859999000000,96778.84,1.780010,BUY,1780
1735882919999000000,96714.50,6.620260,SELL,1781
1735882979999000000,96726.76,3.507280,BUY,1782
1735883039999000000,96744.18,4.179110,BUY,1783
1735883099999000000,96750.36,2.247820,BUY,1784
1735883159999000000,96712.92,3.203490,SELL,1785
1735883219999000000,96727.97,1.606160,BUY,1786
1735883279999000000,96774.36,6.140520,BUY,1787
1735883339999000000,96770.99,13.126630,SELL,1788
1735883399999000000,96777.41,1.188350,BUY,1789
1735883459999000000,96780.74,2.322030,BUY,1790
1735883519999000000,96794.03,5.682020,BUY,1791
1735883579999000000,96808.23,7.308700,BUY,1792
1735883639999000000,96797.13,3.992970,SELL,1793
1735883699999000000,96760.14,7.242240,SELL,1794
1735883759999000000,96775.80,2.726780,BUY,1795
1735883819999000000,96772.73,4.616110,SELL,1796
1735883879999000000,96772.72,1.511100,BUY,1797
1735883939999000000,96765.34,1.448360,SELL,1798
1735883999999000000,96765.34,0.900350,BUY,1799
1735884059999000000,96730.77,6.758240,SELL,1800
1735884119999000000,96715.61,6.112930,SELL,1801
1735884179999000000,96733.72,4.201910,BUY,1802
1735884239999000000,96735.24,10.021160,BUY,1803
1735884299999000000,96775.82,3.671870,BUY,1804
1735884359999000000,96813.84,5.218990,BUY,1805
1735884419999000000,96885.80,7.024490,BUY,1806
1735884479999000000,96918.56,8.477360,BUY,1807
1735884539999000000,96884.05,3.245840,SELL,1808
1735884599999000000,96857.85,3.498270,SELL,1809
1735884659999000000,96884.00,2.678490,BUY,1810
1735884719999000000,96883.49,2.957910,SELL,1811
1735884779999000000,96853.33,2.648740,SELL,1812
1735884839999000000,96865.19,4.066390,BUY,1813
1735884899999000000,96865.19,2.474230,BUY,1814
1735884959999000000,96843.32,3.821300,SELL,1815
1735885019999000000,96876.84,4.738970,BUY,1816
1735885079999000000,96888.27,8.781250,BUY,1817
1735885139999000000,96828.42,6.780930,SELL,1818
1735885199999000000,96795.73,12.805330,SELL,1819
1735885259999000000,96735.20,4.219420,SELL,1820
1735885319999000000,96742.10,4.787900,BUY,1821
1735885379999000000,96624.59,10.877470,SELL,1822
1735885439999000000,96650.42,13.031850,BUY,1823
1735885499999000000,96619.99,14.286980,SELL,1824
1735885559999000000,96639.44,10.630260,BUY,1825
1735885619999000000,96700.44,12.944520,BUY,1826
1735885679999000000,96688.90,6.954040,SELL,1827
1735885739999000000,96682.60,2.953150,SELL,1828
1735885799999000000,96668.00,6.587380,SELL,1829
1735885859999000000,96674.59,6.422650,BUY,1830
1735885919999000000,96689.39,11.405410,BUY,1831
1735885979999000000,96712.49,11.453810,BUY,1832
1735886039999000000,96703.84,6.818820,SELL,1833
1735886099999000000,96700.00,1.879820,SELL,1834
1735886159999000000,96700.02,6.810470,BUY,1835
1735886219999000000,96700.02,1.330970,BUY,1836
1735886279999000000,96665.14,7.650470,SELL,1837
1735886339999000000,96648.01,9.682100,SELL,1838
1735886399999000000,96670.47,6.605130,BUY,1839
1735886459999000000,96687.29,8.270140,BUY,1840
1735886519999000000,96726.91,3.341540,BUY,1841
1735886579999000000,96700.00,7.942400,SELL,1842
1735886639999000000,96667.37,5.056520,SELL,1843
1735886699999000000,96672.00,6.478270,BUY,1844
1735886759999000000,96681.90,1.884880,BUY,1845
1735886819999000000,96558.01,26.644020,SELL,1846
1735886879999000000,96579.48,9.543850,BUY,1847
1735886939999000000,96558.75,3.536510,SELL,1848
1735886999999000000,96586.53,7.431980,BUY,1849
1735887059999000000,96600.00,3.126620,BUY,1850
1735887119999000000,96559.46,7.053780,SELL,1851
1735887179999000000,96611.02,2.926970,BUY,1852
1735887239999000000,96600.24,1.514810,SELL,1853
1735887299999000000,96600.23,1.347810,BUY,1854
1735887359999000000,96579.79,1.652210,SELL,1855
1735887419999000000,96554.57,6.068470,SELL,1856
1735887479999000000,96555.20,3.507160,BUY,1857
1735887539999000000,96555.00,2.891130,SELL,1858
1735887599999000000,96539.49,4.866340,SELL,1859
1735887659999000000,96549.12,7.385680,BUY,1860
1735887719999000000,96544.02,5.803370,SELL,1861
1735887779999000000,96549.92,8.377060,BUY,1862
1735887839999000000,96542.44,6.201900,SELL,1863
1735887899999000000,96524.77,3.417250,SELL,1864
1735887959999000000,96507.74,6.692050,SELL,1865
1735888019999000000,96549.35,12.125580,BUY,1866
1735888079999000000,96571.98,16.964500,BUY,1867
1735888139999000000,96538.46,29.729610,SELL,1868
1735888199999000000,96494.72,3.614910,SELL,1869
1735888259999000000,96457.04,12.898150,SELL,1870
1735888319999000000,96477.38,5.545940,BUY,1871
1735888379999000000,96534.86,4.836510,BUY,1872
1735888439999000000,96549.34,3.037020,BUY,1873
1735888499999000000,96542.05,2.893350,SELL,1874
1735888559999000000,96592.43,4.975080,BUY,1875
1735888619999000000,96617.26,9.397710,BUY,1876
1735888679999000000,96583.97,2.939890,SELL,1877
1735888739999000000,96597.67,2.122540,BUY,1878
1735888799999000000,96604.82,1.460680,BUY,1879
1735888859999000000,96548.54,6.089410,SELL,1880
1735888919999000000,96534.82,6.712020,SELL,1881
1735888979999000000,96515.16,4.649190,SELL,1882
1735889039999000000,96538.47,5.109790,BUY,1883
1735889099999000000,96500.80,4.297090,SELL,1884
1735889159999000000,96454.54,3.522200,SELL,1885
1735889219999000000,96450.00,8.578120,SELL,1886
1735889279999000000,96415.74,11.020420,SELL,1887
1735889339999000000,96426.84,3.642620,BUY,1888
1735889399999000000,96452.07,15.899580,BUY,1889
1735889459999000000,96448.52,4.149380,SELL,1890
1735889519999000000,96470.67,9.522830,BUY,1891
1735889579999000000,96430.30,18.935300,SELL,1892
1735889639999000000,96440.53,31.938540,BUY,1893
1735889699999000000,96427.28,9.524250,SELL,1894
1735889759999000000,96408.40,3.877390,SELL,1895
1735889819999000000,96410.25,12.464950,BUY,1896
1735889879999000000,96379.95,5.644510,SELL,1897
1735889939999000000,96376.84,1.894720,SELL,1898
1735889999999000000,96340.00,9.720980,SELL,1899
1735890059999000000,96341.22,13.714870,BUY,1900
1735890119999000000,96328.00,20.513730,SELL,1901
1735890179999000000,96329.91,41.247160,BUY,1902
1735890239999000000,96382.00,15.929900,BUY,1903
1735890299999000000,96384.84,6.530170,BUY,1904
1735890359999000000,96361.96,16.102120,SELL,1905
1735890419999000000,96344.27,3.381690,SELL,1906
1735890479999000000,96390.32,5.137130,BUY,1907
1735890539999000000,96359.19,15.268310,SELL,1908
1735890599999000000,96352.01,12.942240,SELL,1909
1735890659999000000,96358.26,9.179240,BUY,1910
1735890719999000000,96368.02,6.173470,BUY,1911
1735890779999000000,96347.13,3.484940,SELL,1912
1735890839999000000,96339.48,2.711690,SELL,1913
1735890899999000000,96326.02,11.821570,SELL,1914
1735890959999000000,96320.60,3.180320,SELL,1915
1735891019999000000,96373.66,10.008040,BUY,1916
1735891079999000000,96360.33,3.740390,SELL,1917
1735891139999000000,96318.14,7.867880,SELL,1918
1735891199999000000,96304.00,10.322360,SELL,1919
1735891259999000000,96370.00,13.109510,BUY,1920
1735891319999000000,96339.60,17.449620,SELL,1921
1735891379999000000,96347.99,1.338930,BUY,1922
1735891439999000000,96376.73,5.329600,BUY,1923
1735891499999000000,96388.00,16.758970,BUY,1924
1735891559999000000,96410.50,13.070070,BUY,1925
1735891619999000000,96437.26,17.908950,BUY,1926
1735891679999000000,96404.61,13.043050,SELL,1927
1735891739999000000,96466.65,7.827730,BUY,1928
1735891799999000000,96408.00,5.287230,SELL,1929
1735891859999000000,96420.61,4.609380,BUY,1930
1735891919999000000,96435.36,4.938700,BUY,1931
1735891979999000000,96438.65,7.638820,BUY,1932
1735892039999000000,96454.55,4.049060,BUY,1933
1735892099999000000,96463.93,2.213960,BUY,1934
1735892159999000000,96460.00,8.066350,SELL,1935
1735892219999000000,96460.00,2.848660,BUY,1936
1735892279999000000,96489.04,2.051460,BUY,1937
1735892339999000000,96498.69,7.472660,BUY,1938
1735892399999000000,96528.01,16.885560,BUY,1939
1735892459999000000,96504.82,3.625040,SELL,1940
1735892519999000000,96486.61,3.395520,SELL,1941
1735892579999000000,96499.74,3.132340,BUY,1942
1735892639999000000,96506.33,7.361650,BUY,1943
1735892699999000000,96498.49,3.590570,SELL,1944
1735892759999000000,96482.56,6.246990,SELL,1945
1735892819999000000,96479.74,1.832510,SELL,1946
1735892879999000000,96420.10,9.703090,SELL,1947
1735892939999000000,96355.55,14.683270,SELL,1948
1735892999999000000,96341.01,3.661080,SELL,1949
1735893059999000000,96271.71,22.118390,SELL,1950
1735893119999000000,96194.32,56.868130,SELL,1951
1735893179999000000,96147.15,8.247120,SELL,1952
1735893239999000000,96131.61,12.765500,SELL,1953
1735893299999000000,96125.79,9.255180,SELL,1954
1735893359999000000,96136.05,40.383100,BUY,1955
1735893419999000000,96151.69,5.561980,BUY,1956
1735893479999000000,96193.79,6.064880,BUY,1957
1735893539999000000,96215.99,4.664000,BUY,1958
1735893599999000000,96220.00,8.004130,BUY,1959
1735893659999000000,96220.00,3.288330,BUY,1960
1735893719999000000,96244.87,6.344630,BUY,1961
1735893779999000000,96232.48,8.662740,SELL,1962
1735893839999000000,96232.48,5.484470,SELL,1963
1735893899999000000,96266.41,4.631700,BUY,1964
1735893959999000000,96254.59,11.272310,SELL,1965
1735894019999000000,96254.58,3.172100,SELL,1966
1735894079999000000,96221.83,6.120550,SELL,1967
1735894139999000000,96233.45,4.650530,BUY,1968
1735894199999000000,96218.58,3.462970,SELL,1969
1735894259999000000,96228.99,7.470580,BUY,1970
1735894319999000000,96221.03,2.451970,SELL,1971
1735894379999000000,96228.99,5.165400,BUY,1972
1735894439999000000,96221.44,5.600170,SELL,1973
1735894499999000000,96204.68,9.705050,SELL,1974
1735894559999000000,96204.69,1.845180,BUY,1975
1735894619999000000,96161.25,19.841970,SELL,1976
1735894679999000000,96111.74,12.474150,SELL,1977
1735894739999000000,96104.96,12.129410,SELL,1978
1735894799999000000,96129.97,6.554260,BUY,1979
1735894859999000000,96134.73,27.229720,BUY,1980
1735894919999000000,96174.72,11.667130,BUY,1981
1735894979999000000,96188.81,5.200800,BUY,1982
1735895039999000000,96193.88,2.872740,BUY,1983
1735895099999000000,96211.99,3.463970,BUY,1984
1735895159999000000,96164.48,8.843010,SELL,1985
1735895219999000000,96205.72,4.617290,BUY,1986
1735895279999000000,96195.87,2.144620,SELL,1987
1735895339999000000,96221.43,4.677920,BUY,1988
1735895399999000000,96218.01,3.676860,SELL,1989
1735895459999000000,96245.78,3.838070,BUY,1990
1735895519999000000,96249.99,9.455480,BUY,1991
1735895579999000000,96247.50,10.111930,SELL,1992
1735895639999000000,96247.50,3.277930,BUY,1993
1735895699999000000,96337.69,7.323100,BUY,1994
1735895759999000000,96382.15,7.356280,BUY,1995
1735895819999000000,96432.00,11.527830,BUY,1996
1735895879999000000,96465.69,6.068020,BUY,1997
1735895939999000000,96456.96,8.928790,SELL,1998
1735895999999000000,96453.49,55.572660,SELL,1999
1735896059999000000,96476.68,25.875430,BUY,2000
1735896119999000000,96486.30,29.453900,BUY,2001
1735896179999000000,96539.99,24.850180,BUY,2002
1735896239999000000,96485.82,14.717890,SELL,2003
1735896299999000000,96534.82,3.649960,BUY,2004
1735896359999000000,96536.51,4.465200,BUY,2005
1735896419999000000,96495.28,2.383670,SELL,2006
1735896479999000000,96484.47,12.567020,SELL,2007
1735896539999000000,96507.38,15.632760,BUY,2008
1735896599999000000,96491.86,5.024090,SELL,2009
1735896659999000000,96459.14,2.364510,SELL,2010
1735896719999000000,96472.99,5.721280,BUY,2011
1735896779999000000,96467.29,3.059750,SELL,2012
1735896839999000000,96534.27,6.825880,BUY,2013
1735896899999000000,96600.00,8.395240,BUY,2014
1735896959999000000,96560.01,4.353400,SELL,2015
1735897019999000000,96607.73,12.347020,BUY,2016
1735897079999000000,96602.46,4.247440,SELL,2017
1735897139999000000,96614.56,12.904430,BUY,2018
1735897199999000000,96664.24,6.746720,BUY,2019
1735897259999000000,96660.46,6.729910,SELL,2020
1735897319999000000,96687.99,5.165430,BUY,2021
1735897379999000000,96666.67,5.314590,SELL,2022
1735897439999000000,96663.76,5.752700,SELL,2023
1735897499999000000,96637.81,2.440440,SELL,2024
1735897559999000000,96607.05,8.587160,SELL,2025
1735897619999000000,96636.36,5.661320,BUY,2026
1735897679999000000,96608.22,3.771030,SELL,2027
1735897739999000000,96600.01,1.825150,SELL,2028
1735897799999000000,96593.58,2.589180,SELL,2029
1735897859999000000,96643.99,5.002370,BUY,2030
1735897919999000000,96679.99,2.794370,BUY,2031
1735897979999000000,96667.61,12.500010,SELL,2032
1735898039999000000,96661.65,3.921200,SELL,2033
1735898099999000000,96651.99,11.921070,SELL,2034
1735898159999000000,96610.00,6.989610,SELL,2035
1735898219999000000,96599.62,12.629110,SELL,2036
1735898279999000000,96584.35,16.131670,SELL,2037
1735898339999000000,96584.34,2.145270,BUY,2038
1735898399999000000,96554.32,2.683340,SELL,2039
1735898459999000000,96477.87,20.379900,SELL,2040
1735898519999000000,96489.68,9.595230,BUY,2041
1735898579999000000,96478.29,18.177310,SELL,2042
1735898639999000000,96459.53,15.491140,SELL,2043
1735898699999000000,96484.27,4.386060,BUY,2044
1735898759999000000,96486.02,6.362780,BUY,2045
1735898819999000000,96467.61,4.100160,SELL,2046
1735898879999000000,96499.99,2.652690,BUY,2047
1735898939999000000,96484.85,3.041120,SELL,2048
1735898999999000000,96445.30,3.103610,SELL,2049
1735899059999000000,96467.99,3.286460,BUY,2050
1735899119999000000,96442.87,4.020340,SELL,2051
1735899179999000000,96407.49,8.016620,SELL,2052
1735899239999000000,96415.75,7.207120,BUY,2053
1735899299999000000,96426.51,22.375190,BUY,2054
1735899359999000000,96498.71,4.807270,BUY,2055
1735899419999000000,96476.89,4.189340,SELL,2056
1735899479999000000,96499.74,4.806670,BUY,2057
1735899539999000000,96518.98,3.316230,BUY,2058
1735899599999000000,96501.31,2.826230,SELL,2059
1735899659999000000,96510.69,2.287430,BUY,2060
1735899719999000000,96490.34,4.148750,SELL,2061
1735899779999000000,96460.35,7.454780,SELL,2062
1735899839999000000,96435.66,3.999580,SELL,2063
1735899899999000000,96467.99,5.533940,BUY,2064
1735899959999000000,96522.23,5.392190,BUY,2065
1735900019999000000,96543.15,4.314240,BUY,2066
1735900079999000000,96545.46,5.788470,BUY,2067
1735900139999000000,96522.23,4.485190,SELL,2068
1735900199999000000,96537.00,3.240220,BUY,2069
1735900259999000000,96536.99,2.386090,SELL,2070
1735900319999000000,96545.80,6.573770,BUY,2071
1735900379999000000,96599.98,10.351750,BUY,2072
1735900439999000000,96632.67,8.979640,BUY,2073
1735900499999000000,96608.01,5.014910,SELL,2074
1735900559999000000,96623.99,4.692640,BUY,2075
1735900619999000000,96625.54,2.322450,BUY,2076
1735900679999000000,96623.10,3.214200,SELL,2077
1735900739999000000,96617.93,3.427940,SELL,2078
1735900799999000000,96567.94,4.094890,SELL,2079
1735900859999000000,96567.94,3.506250,BUY,2080
1735900919999000000,96545.45,5.581380,SELL,2081
1735900979999000000,96476.45,6.907140,SELL,2082
1735901039999000000,96479.08,6.445200,BUY,2083
1735901099999000000,96482.71,5.310200,BUY,2084
1735901159999000000,96518.65,5.816870,BUY,2085
1735901219999000000,96499.63,4.179080,SELL,2086
1735901279999000000,96512.00,4.000030,BUY,2087
1735901339999000000,96493.82,4.694410,SELL,2088
1735901399999000000,96511.16,8.045700,BUY,2089
1735901459999000000,96495.02,19.909730,SELL,2090
1735901519999000000,96454.38,4.405090,SELL,2091
1735901579999000000,96454.36,1.981070,SELL,2092
1735901639999000000,96454.36,2.919210,BUY,2093
1735901699999000000,96454.37,2.095320,BUY,2094
1735901759999000000,96454.36,5.960530,SELL,2095
1735901819999000000,96468.83,5.414130,BUY,2096
1735901879999000000,96489.99,3.955010,BUY,2097
1735901939999000000,96502.58,2.310680,BUY,2098
1735901999999000000,96488.53,2.095120,SELL,2099
1735902059999000000,96495.23,1.954380,BUY,2100
1735902119999000000,96490.39,5.019060,SELL,2101
1735902179999000000,96533.88,4.908880,BUY,2102
1735902239999000000,96515.12,4.105240,SELL,2103
1735902299999000000,96533.23,2.352760,BUY,2104
1735902359999000000,96538.45,3.018760,BUY,2105
1735902419999000000,96538.46,1.453690,BUY,2106
1735902479999000000,96510.63,3.681400,SELL,2107
1735902539999000000,96526.43,2.049800,BUY,2108
1735902599999000000,96509.20,2.126420,SELL,2109
1735902659999000000,96523.49,3.015420,BUY,2110
1735902719999000000,96522.96,2.192130,SELL,2111
1735902779999000000,96500.01,2.854960,SELL,2112
1735902839999000000,96503.91,6.448460,BUY,2113
1735902899999000000,96510.04,3.160890,BUY,2114
1735902959999000000,96510.04,1.349220,BUY,2115
1735903019999000000,96510.03,1.180090,BUY,2116
1735903079999000000,96552.24,9.308840,BUY,2117
1735903139999000000,96549.89,1.348870,SELL,2118
1735903199999000000,96580.26,2.503570,BUY,2119
1735903259999000000,96624.40,22.323340,BUY,2120
1735903319999000000,96633.92,6.433270,BUY,2121
1735903379999000000,96666.66,5.281270,BUY,2122
1735903439999000000,96670.38,4.677910,BUY,2123
1735903499999000000,96793.37,43.127330,BUY,2124
1735903559999000000,96800.09,14.394070,BUY,2125
1735903619999000000,96759.11,41.999020,SELL,2126
1735903679999000000,96748.00,9.968000,SELL,2127
1735903739999000000,96750.00,5.858240,BUY,2128
1735903799999000000,96750.00,5.779920,BUY,2129
1735903859999000000,96762.86,7.499940,BUY,2130
1735903919999000000,96799.99,9.260100,BUY,2131
1735903979999000000,96769.59,4.353250,SELL,2132
1735904039999000000,96724.94,20.847920,SELL,2133
1735904099999000000,96690.44,11.505640,SELL,2134
1735904159999000000,96673.88,5.837560,SELL,2135
1735904219999000000,96690.51,3.098160,BUY,2136
1735904279999000000,96729.52,4.039650,BUY,2137
1735904339999000000,96748.20,5.980680,BUY,2138
1735904399999000000,96703.70,3.950710,SELL,2139
1735904459999000000,96665.38,2.312880,SELL,2140
1735904519999000000,96662.85,1.527870,SELL,2141
1735904579999000000,96661.68,1.152350,SELL,2142
1735904639999000000,96677.34,5.247760,BUY,2143
1735904699999000000,96677.34,1.925120,SELL,2144
1735904759999000000,96687.20,3.620930,BUY,2145
1735904819999000000,96727.82,5.036520,BUY,2146
1735904879999000000,96725.31,6.638210,SELL,2147
1735904939999000000,96720.58,2.293950,SELL,2148
1735904999999000000,96725.36,2.015060,BUY,2149
1735905059999000000,96684.53,4.675700,SELL,2150
1735905119999000000,96713.67,2.610630,BUY,2151
1735905179999000000,96726.50,25.420500,BUY,2152
1735905239999000000,96774.63,11.266640,BUY,2153
1735905299999000000,96788.11,4.836610,BUY,2154
1735905359999000000,96809.89,4.464180,BUY,2155
1735905419999000000,96811.99,7.864500,BUY,2156
1735905479999000000,96811.99,17.948530,SELL,2157
1735905539999000000,96791.98,29.812620,SELL,2158
1735905599999000000,96757.58,7.495700,SELL,2159
1735905659999000000,96720.00,13.634470,SELL,2160
1735905719999000000,96752.28,3.056040,BUY,2161
1735905779999000000,96787.87,3.214670,BUY,2162
1735905839999000000,96831.54,4.432640,BUY,2163
1735905899999000000,96818.67,7.257660,SELL,2164
1735905959999000000,96817.02,4.863630,SELL,2165
1735906019999000000,96835.78,3.383500,BUY,2166
1735906079999000000,96836.35,12.442550,BUY,2167
1735906139999000000,96848.00,6.990820,BUY,2168
1735906199999000000,96848.00,2.838930,BUY,2169
1735906259999000000,96826.67,14.103450,SELL,2170
1735906319999000000,96828.49,18.840520,BUY,2171
1735906379999000000,96838.05,15.078070,BUY,2172
1735906439999000000,96841.45,5.627070,BUY,2173
1735906499999000000,96859.67,7.440830,BUY,2174
1735906559999000000,96800.01,8.158600,SELL,2175
1735906619999000000,96720.22,14.938860,SELL,2176
1735906679999000000,96783.66,5.644680,BUY,2177
1735906739999000000,96848.48,13.478220,BUY,2178
1735906799999000000,96810.87,5.182550,SELL,2179
1735906859999000000,96804.10,6.840120,SELL,2180
1735906919999000000,96800.01,4.177870,SELL,2181
1735906979999000000,96796.33,3.516300,SELL,2182
1735907039999000000,96788.28,7.464620,SELL,2183
1735907099999000000,96785.45,4.761230,SELL,2184
1735907159999000000,96744.01,3.370170,SELL,2185
1735907219999000000,96737.64,2.830180,SELL,2186
1735907279999000000,96839.99,10.839630,BUY,2187
1735907339999000000,96824.62,2.209950,SELL,2188
1735907399999000000,96893.04,10.658480,BUY,2189
1735907459999000000,96907.17,2.172850,BUY,2190
1735907519999000000,96902.41,8.622230,SELL,2191
1735907579999000000,96841.89,5.233990,SELL,2192
1735907639999000000,96859.05,7.477300,BUY,2193
1735907699999000000,96812.43,5.020540,SELL,2194
1735907759999000000,96811.99,12.033300,SELL,2195
1735907819999000000,96825.94,2.626110,BUY,2196
1735907879999000000,96814.76,4.628460,SELL,2197
1735907939999000000,96788.58,3.766390,SELL,2198
1735907999999000000,96806.32,6.367140,BUY,2199
1735908059999000000,96784.72,4.935470,SELL,2200
1735908119999000000,96780.12,1.766340,SELL,2201
1735908179999000000,96751.63,3.784470,SELL,2202
1735908239999000000,96730.76,4.353960,SELL,2203
1735908299999000000,96713.39,5.115210,SELL,2204
1735908359999000000,96711.90,12.737290,SELL,2205
1735908419999000000,96682.69,6.118890,SELL,2206
1735908479999000000,96732.17,6.606280,BUY,2207
1735908539999000000,96724.10,7.439710,SELL,2208
1735908599999000000,96724.09,2.583440,SELL,2209
1735908659999000000,96734.13,3.656340,BUY,2210
1735908719999000000,96721.75,4.179450,SELL,2211
1735908779999000000,96688.01,3.944720,SELL,2212
1735908839999000000,96671.91,2.242780,SELL,2213
1735908899999000000,96717.29,4.793170,BUY,2214
1735908959999000000,96673.78,10.411300,SELL,2215
1735909019999000000,96671.00,2.748270,SELL,2216
1735909079999000000,96680.01,7.484580,BUY,2217
1735909139999000000,96672.00,2.416670,SELL,2218
1735909199999000000,96666.66,5.039440,SELL,2219
1735909259999000000,96667.92,5.163170,BUY,2220
1735909319999000000,96661.69,4.427930,SELL,2221
1735909379999000000,96601.01,8.346000,SELL,2222
1735909439999000000,96624.76,7.738090,BUY,2223
1735909499999000000,96592.00,7.119970,SELL,2224
1735909559999000000,96697.16,16.755010,BUY,2225
1735909619999000000,96716.16,17.687600,BUY,2226
1735909679999000000,96705.67,13.554750,SELL,2227
1735909739999000000,96785.49,7.817740,BUY,2228
1735909799999000000,96767.60,18.409130,SELL,2229
1735909859999000000,96833.55,7.098040,BUY,2230
1735909919999000000,96820.25,9.771200,SELL,2231
1735909979999000000,96682.64,24.532500,SELL,2232
1735910039999000000,96647.28,11.483000,SELL,2233
1735910099999000000,96632.13,6.095070,SELL,2234
1735910159999000000,96548.00,8.883860,SELL,2235
1735910219999000000,96488.54,18.364830,SELL,2236
1735910279999000000,96508.33,16.473750,BUY,2237
1735910339999000000,96508.33,7.217540,SELL,2238
1735910399999000000,96495.00,3.225680,SELL,2239
1735910459999000000,96631.23,21.271140,BUY,2240
1735910519999000000,96591.82,7.867940,SELL,2241
1735910579999000000,96696.97,17.478360,BUY,2242
1735910639999000000,96649.00,13.433350,SELL,2243
1735910699999000000,96665.55,6.062390,BUY,2244
1735910759999000000,96621.05,9.069750,SELL,2245
1735910819999000000,96642.86,9.514850,BUY,2246
1735910879999000000,96600.01,7.255760,SELL,2247
1735910939999000000,96540.62,17.876780,SELL,2248
1735910999999000000,96538.96,7.058300,SELL,2249
1735911059999000000,96560.44,19.217310,BUY,2250
1735911119999000000,96578.80,13.314500,BUY,2251
1735911179999000000,96592.56,5.235550,BUY,2252
1735911239999000000,96628.98,10.055790,BUY,2253
1735911299999000000,96551.71,13.791040,SELL,2254
1735911359999000000,96566.82,11.330410,BUY,2255
1735911419999000000,96573.50,4.654740,BUY,2256
1735911479999000000,96549.99,5.752330,SELL,2257
1735911539999000000,96543.88,6.091280,SELL,2258
1735911599999000000,96556.17,9.425880,BUY,2259
1735911659999000000,96551.52,3.882970,SELL,2260
1735911719999000000,96555.87,7.591610,BUY,2261
1735911779999000000,96636.37,28.385090,BUY,2262
1735911839999000000,96654.85,11.471360,BUY,2263
1735911899999000000,96621.69,3.338680,SELL,2264
1735911959999000000,96638.96,6.066840,BUY,2265
1735912019999000000,96644.99,10.589930,BUY,2266
1735912079999000000,96619.81,3.624650,SELL,2267
1735912139999000000,96603.99,9.958230,SELL,2268
1735912199999000000,96595.71,5.176720,SELL,2269
1735912259999000000,96555.85,12.323280,SELL,2270
1735912319999000000,96566.42,8.020570,BUY,2271
1735912379999000000,96561.70,3.106950,SELL,2272
1735912439999000000,96557.54,12.978150,SELL,2273
1735912499999000000,96564.03,13.033480,BUY,2274
1735912559999000000,96540.66,2.297630,SELL,2275
1735912619999000000,96536.47,2.328680,SELL,2276
1735912679999000000,96532.01,9.512560,SELL,2277
1735912739999000000,96532.00,2.838970,BUY,2278
1735912799999000000,96504.79,38.355070,SELL,2279
1735912859999000000,96532.02,8.675620,BUY,2280
1735912919999000000,96591.02,7.862390,BUY,2281
1735912979999000000,96600.79,3.435060,BUY,2282
1735913039999000000,96612.79,2.854180,BUY,2283
1735913099999000000,96619.71,2.697810,BUY,2284
1735913159999000000,96619.72,3.793140,BUY,2285
1735913219999000000,96635.07,8.528280,BUY,2286
1735913279999000000,96664.86,16.871900,BUY,2287
1735913339999000000,96780.00,7.563790,BUY,2288
1735913399999000000,96813.48,16.706470,BUY,2289
1735913459999000000,96904.50,42.228670,BUY,2290
1735913519999000000,96890.51,18.792900,SELL,2291
1735913579999000000,96862.50,13.214510,SELL,2292
1735913639999000000,96868.63,4.232500,BUY,2293
1735913699999000000,96784.00,16.117120,SELL,2294
1735913759999000000,96825.63,4.815390,BUY,2295
1735913819999000000,96774.44,10.449850,SELL,2296
1735913879999000000,96738.01,12.770580,SELL,2297
1735913939999000000,96854.41,17.584580,BUY,2298
1735913999999000000,96916.90,21.794390,BUY,2299
1735914059999000000,96856.32,7.265960,SELL,2300
1735914119999000000,96892.17,6.499120,BUY,2301
1735914179999000000,96928.37,7.073090,BUY,2302
1735914239999000000,96932.73,5.177930,BUY,2303
1735914299999000000,97009.72,27.945330,BUY,2304
1735914359999000000,97068.30,27.661540,BUY,2305
1735914419999000000,97051.46,7.404030,SELL,2306
1735914479999000000,97100.01,28.597430,BUY,2307
1735914539999000000,97100.01,5.714460,BUY,2308
1735914599999000000,97084.60,6.060370,SELL,2309
1735914659999000000,96968.26,50.681090,SELL,2310
1735914719999000000,97034.08,39.077430,BUY,2311
1735914779999000000,97051.45,21.246240,BUY,2312
1735914839999000000,97107.43,49.784720,BUY,2313
1735914899999000000,96845.00,53.524840,SELL,2314
1735914959999000000,96787.86,45.104710,SELL,2315
1735915019999000000,96649.62,55.968880,SELL,2316
1735915079999000000,96819.36,43.889640,BUY,2317
1735915139999000000,97132.09,27.672620,BUY,2318
1735915199999000000,97314.29,76.516260,BUY,2319
1735915259999000000,97180.36,44.674460,SELL,2320
1735915319999000000,97216.26,23.247900,BUY,2321
1735915379999000000,97261.24,21.805800,BUY,2322
1735915439999000000,97177.78,23.547880,SELL,2323
1735915499999000000,97251.98,29.343670,BUY,2324
1735915559999000000,97018.41,34.678940,SELL,2325
1735915619999000000,97048.01,44.308080,BUY,2326
1735915679999000000,96910.51,34.671040,SELL,2327
1735915739999000000,96878.84,32.187690,SELL,2328
1735915799999000000,96939.17,19.299580,BUY,2329
1735915859999000000,97027.18,27.952000,BUY,2330
1735915919999000000,96786.55,32.006870,SELL,2331
1735915979999000000,96852.00,20.050080,BUY,2332
1735916039999000000,96945.19,21.783480,BUY,2333
1735916099999000000,96921.56,28.431930,SELL,2334
1735916159999000000,97024.00,42.204270,BUY,2335
1735916219999000000,96993.59,20.725180,SELL,2336
1735916279999000000,96952.01,20.183620,SELL,2337
1735916339999000000,97057.92,25.563380,BUY,2338
1735916399999000000,97016.01,10.070070,SELL,2339
1735916459999000000,97030.30,47.656670,BUY,2340
1735916519999000000,96913.12,33.272150,SELL,2341
1735916579999000000,96982.79,26.271940,BUY,2342
1735916639999000000,96940.00,25.954840,SELL,2343
1735916699999000000,97100.00,64.669560,BUY,2344
1735916759999000000,97245.20,23.703440,BUY,2345
1735916819999000000,97189.59,24.183390,SELL,2346
1735916879999000000,97167.68,21.760950,SELL,2347
1735916939999000000,97222.29,15.967970,BUY,2348
1735916999999000000,97199.32,25.460970,SELL,2349
1735917059999000000,97362.84,38.985020,BUY,2350
1735917119999000000,97154.49,26.986220,SELL,2351
1735917179999000000,97124.27,44.337440,SELL,2352
1735917239999000000,97190.27,29.932300,BUY,2353
1735917299999000000,97156.95,16.835090,SELL,2354
1735917359999000000,97133.37,18.324550,SELL,2355
1735917419999000000,97110.57,13.704680,SELL,2356
1735917479999000000,97060.61,30.972600,SELL,2357
1735917539999000000,97042.13,17.358360,SELL,2358
1735917599999000000,96946.35,34.793360,SELL,2359
1735917659999000000,96858.25,32.052710,SELL,2360
1735917719999000000,96759.13,33.426050,SELL,2361
1735917779999000000,96905.34,17.066990,BUY,2362
1735917839999000000,97035.99,28.110620,BUY,2363
1735917899999000000,97082.01,26.105350,BUY,2364
1735917959999000000,97181.13,18.780640,BUY,2365
1735918019999000000,97203.94,25.015370,BUY,2366
1735918079999000000,97191.34,39.162030,SELL,2367
1735918139999000000,97234.53,12.774640,BUY,2368
1735918199999000000,97263.78,19.857870,BUY,2369
1735918259999000000,97212.51,15.636710,SELL,2370
1735918319999000000,97245.35,33.589030,BUY,2371
1735918379999000000,97282.66,9.527930,BUY,2372
1735918439999000000,97301.06,41.720550,BUY,2373
1735918499999000000,97363.64,7.802390,BUY,2374
1735918559999000000,97435.73,18.588240,BUY,2375
1735918619999000000,97465.07,51.325230,BUY,2376
1735918679999000000,97417.84,17.926400,SELL,2377
1735918739999000000,97436.17,32.765420,BUY,2378
1735918799999000000,97454.55,25.922330,BUY,2379
1735918859999000000,97471.99,24.672110,BUY,2380
1735918919999000000,97507.59,19.769090,BUY,2381
1735918979999000000,97507.40,13.560650,SELL,2382
1735919039999000000,97543.98,17.770870,BUY,2383
1735919099999000000,97432.81,38.635690,SELL,2384
1735919159999000000,97551.62,24.310670,BUY,2385
1735919219999000000,97538.44,44.762250,SELL,2386
1735919279999000000,97510.03,33.908190,SELL,2387
1735919339999000000,97497.58,20.717690,SELL,2388
1735919399999000000,97437.04,76.794790,SELL,2389
1735919459999000000,97359.02,61.786520,SELL,2390
1735919519999000000,97297.05,13.528740,SELL,2391
1735919579999000000,97452.00,18.136520,BUY,2392
1735919639999000000,97432.29,10.206250,SELL,2393
1735919699999000000,97464.00,12.195900,BUY,2394
1735919759999000000,97493.59,5.706750,BUY,2395
1735919819999000000,97553.63,5.847200,BUY,2396
1735919879999000000,97566.90,9.684290,BUY,2397
1735919939999000000,97552.00,21.664070,SELL,2398
1735919999999000000,97521.35,25.655350,SELL,2399
1735920059999000000,97645.21,40.910690,BUY,2400
1735920119999000000,97683.97,39.452770,BUY,2401
1735920179999000000,97580.88,49.073940,SELL,2402
1735920239999000000,97653.52,49.901920,BUY,2403
1735920299999000000,97632.49,58.355200,SELL,2404
1735920359999000000,97585.45,14.441590,SELL,2405
1735920419999000000,97494.65,13.243190,SELL,2406
1735920479999000000,97508.82,22.884330,BUY,2407
1735920539999000000,97441.54,12.498710,SELL,2408
1735920599999000000,97441.32,6.482850,SELL,2409
1735920659999000000,97457.71,15.005230,BUY,2410
1735920719999000000,97420.74,13.424550,SELL,2411
1735920779999000000,97487.40,9.471290,BUY,2412
1735920839999000000,97516.94,7.074530,BUY,2413
1735920899999000000,97633.12,18.696390,BUY,2414
1735920959999000000,97616.97,18.695720,SELL,2415
1735921019999000000,97668.14,18.856330,BUY,2416
1735921079999000000,97675.67,13.191100,BUY,2417
1735921139999000000,97720.81,22.443160,BUY,2418
1735921199999000000,97757.57,11.002250,BUY,2419
1735921259999000000,97705.98,28.389240,SELL,2420
1735921319999000000,97816.00,24.641010,BUY,2421
1735921379999000000,98004.99,172.494650,BUY,2422
1735921439999000000,98289.31,185.005200,BUY,2423
1735921499999000000,98359.74,108.501240,BUY,2424
1735921559999000000,98339.36,72.747760,SELL,2425
1735921619999000000,98380.87,38.383260,BUY,2426
1735921679999000000,98278.00,52.031390,SELL,2427
1735921739999000000,98187.45,24.229160,SELL,2428
1735921799999000000,98066.00,35.987620,SELL,2429
1735921859999000000,98300.03,48.688520,BUY,2430
1735921919999000000,98320.00,61.123810,BUY,2431
1735921979999000000,98301.40,21.036540,SELL,2432
1735922039999000000,98337.41,17.935520,BUY,2433
1735922099999000000,98334.23,17.282300,SELL,2434
1735922159999000000,98252.01,17.410620,SELL,2435
1735922219999000000,98242.64,15.319910,SELL,2436
1735922279999000000,98185.27,15.335360,SELL,2437
1735922339999000000,98209.65,22.017290,BUY,2438
1735922399999000000,98231.99,14.421260,BUY,2439
1735922459999000000,98205.87,52.228090,SELL,2440
1735922519999000000,98126.44,29.126020,SELL,2441
1735922579999000000,98062.74,25.404910,SELL,2442
1735922639999000000,98084.71,13.251420,BUY,2443
1735922699999000000,98147.35,12.304120,BUY,2444
1735922759999000000,98082.22,21.481880,SELL,2445
1735922819999000000,97973.85,26.000750,SELL,2446
1735922879999000000,97930.80,28.286770,SELL,2447
1735922939999000000,97995.57,17.753120,BUY,2448
1735922999999000000,98024.60,15.892550,BUY,2449
1735923059999000000,98062.22,8.253980,BUY,2450
1735923119999000000,97978.91,9.676270,SELL,2451
1735923179999000000,97849.40,37.427420,SELL,2452
1735923239999000000,97894.09,33.229860,BUY,2453
1735923299999000000,97792.00,21.643710,SELL,2454
1735923359999000000,97814.80,17.938820,BUY,2455
1735923419999000000,97798.32,30.855800,SELL,2456
1735923479999000000,97835.05,14.888070,BUY,2457
1735923539999000000,97866.51,20.725980,BUY,2458
1735923599999000000,97868.20,15.458040,BUY,2459
1735923659999000000,97882.36,18.532530,BUY,2460
1735923719999000000,97864.01,17.938640,SELL,2461
1735923779999000000,97895.92,8.761610,BUY,2462
1735923839999000000,97978.90,23.810830,BUY,2463
1735923899999000000,97992.68,11.709540,BUY,2464
1735923959999000000,98025.76,12.925240,BUY,2465
1735924019999000000,98032.00,12.139380,BUY,2466
1735924079999000000,98063.52,16.487620,BUY,2467
1735924139999000000,98042.67,8.511480,SELL,2468
1735924199999000000,97963.59,18.504600,SELL,2469
1735924259999000000,97990.43,27.205460,BUY,2470
1735924319999000000,98031.99,19.960850,BUY,2471
1735924379999000000,97963.47,40.427650,SELL,2472
1735924439999000000,97998.03,15.662050,BUY,2473
1735924499999000000,97919.28,14.685540,SELL,2474
1735924559999000000,98029.99,15.234100,BUY,2475
1735924619999000000,98032.43,11.886390,BUY,2476
1735924679999000000,98002.44,7.064600,SELL,2477
1735924739999000000,97991.99,4.803740,SELL,2478
1735924799999000000,98010.00,5.976810,BUY,2479
1735924859999000000,98032.15,9.200230,BUY,2480
1735924919999000000,98043.47,15.648430,BUY,2481
1735924979999000000,98109.99,15.796300,BUY,2482
1735925039999000000,98183.81,22.761610,BUY,2483
1735925099999000000,98213.60,18.497840,BUY,2484
1735925159999000000,98185.44,14.841320,SELL,2485
1735925219999000000,98220.27,18.438300,BUY,2486
1735925279999000000,98166.66,7.174690,SELL,2487
1735925339999000000,98143.79,13.894760,SELL,2488
1735925399999000000,98164.02,19.155730,BUY,2489
1735925459999000000,98129.25,8.515980,SELL,2490
1735925519999000000,98183.58,8.826560,BUY,2491
1735925579999000000,98150.20,13.304120,SELL,2492
1735925639999000000,98181.81,10.453850,BUY,2493
1735925699999000000,98233.74,14.471030,BUY,2494
1735925759999000000,98217.17,12.395350,SELL,2495
1735925819999000000,98200.01,15.969070,SELL,2496
1735925879999000000,98259.99,4.767710,BUY,2497
1735925939999000000,98255.79,8.796990,SELL,2498
1735925999999000000,98247.48,6.160190,SELL,2499
1735926059999000000,98204.41,7.793910,SELL,2500
1735926119999000000,98219.99,5.221430,BUY,2501
1735926179999000000,98219.78,11.938650,SELL,2502
1735926239999000000,98229.12,10.217520,BUY,2503
1735926299999000000,98214.08,3.205390,SELL,2504
1735926359999000000,98199.99,10.392970,SELL,2505
1735926419999000000,98148.00,10.199820,SELL,2506
1735926479999000000,98111.11,19.472440,SELL,2507
1735926539999000000,98166.18,8.766560,BUY,2508
1735926599999000000,98184.67,5.083950,BUY,2509
1735926659999000000,98169.51,33.198440,SELL,2510
1735926719999000000,98135.80,9.832740,SELL,2511
1735926779999000000,98076.00,17.349730,SELL,2512
1735926839999000000,97979.95,22.324980,SELL,2513
1735926899999000000,97983.71,7.206940,BUY,2514
1735926959999000000,97991.98,7.484890,BUY,2515
1735927019999000000,97991.98,2.685730,BUY,2516
1735927079999000000,98030.96,12.282510,BUY,2517
1735927139999000000,98063.99,16.277620,BUY,2518
1735927199999000000,98026.00,7.476500,SELL,2519
1735927259999000000,98000.00,15.725170,SELL,2520
1735927319999000000,98038.21,9.749570,BUY,2521
1735927379999000000,98134.67,9.510400,BUY,2522
1735927439999000000,98169.50,6.119440,BUY,2523
1735927499999000000,98180.09,22.404030,BUY,2524
1735927559999000000,98213.65,5.405730,BUY,2525
1735927619999000000,98194.08,3.844610,SELL,2526
1735927679999000000,98204.58,8.394240,BUY,2527
1735927739999000000,98135.95,6.261730,SELL,2528
1735927799999000000,98102.09,11.986160,SELL,2529
1735927859999000000,98161.25,6.993630,BUY,2530
1735927919999000000,98201.13,15.372160,BUY,2531
1735927979999000000,98229.99,10.265960,BUY,2532
1735928039999000000,98311.34,16.710190,BUY,2533
1735928099999000000,98323.86,19.079800,BUY,2534
1735928159999000000,98321.06,16.384230,SELL,2535
1735928219999000000,98272.50,15.855150,SELL,2536
1735928279999000000,98301.34,13.201870,BUY,2537
1735928339999000000,98317.61,13.441020,BUY,2538
1735928399999000000,98372.09,14.451180,BUY,2539
1735928459999000000,98378.87,20.360460,BUY,2540
1735928519999000000,98350.00,12.322890,SELL,2541
1735928579999000000,98350.00,4.289310,BUY,2542
1735928639999000000,98356.46,3.199290,BUY,2543
1735928699999000000,98364.05,3.949320,BUY,2544
1735928759999000000,98420.00,11.404030,BUY,2545
1735928819999000000,98414.40,15.696500,SELL,2546
1735928879999000000,98429.14,9.535630,BUY,2547
1735928939999000000,98449.33,9.635550,BUY,2548
1735928999999000000,98481.73,13.960590,BUY,2549
1735929059999000000,98424.65,37.617430,SELL,2550
1735929119999000000,98325.00,20.605780,SELL,2551
1735929179999000000,98341.00,20.751050,BUY,2552
1735929239999000000,98377.63,8.829350,BUY,2553
1735929299999000000,98366.15,7.949950,SELL,2554
1735929359999000000,98404.00,14.468770,BUY,2555
1735929419999000000,98421.05,20.625810,BUY,2556
1735929479999000000,98443.10,13.162240,BUY,2557
1735929539999000000,98438.70,4.443160,SELL,2558
1735929599999000000,98483.98,5.852830,BUY,2559
1735929659999000000,98447.49,27.086750,SELL,2560
1735929719999000000,98450.04,3.609770,BUY,2561
1735929779999000000,98469.87,7.120700,BUY,2562
1735929839999000000,98515.15,19.719280,BUY,2563
1735929899999000000,98432.00,23.140020,SELL,2564
1735929959999000000,98499.99,13.756220,BUY,2565
1735930019999000000,98522.44,21.224280,BUY,2566
1735930079999000000,98563.71,12.760840,BUY,2567
1735930139999000000,98620.40,48.346920,BUY,2568
1735930199999000000,98606.01,23.987280,SELL,2569
1735930259999000000,98586.12,8.580240,SELL,2570
1735930319999000000,98457.27,20.827000,SELL,2571
1735930379999000000,98429.40,17.200330,SELL,2572
1735930439999000000,98382.74,16.402920,SELL,2573
1735930499999000000,98464.88,5.884220,BUY,2574
1735930559999000000,98392.37,11.202010,SELL,2575
1735930619999000000,98370.01,7.419580,SELL,2576
1735930679999000000,98387.26,3.226580,BUY,2577
1735930739999000000,98513.83,6.548680,BUY,2578
1735930799999000000,98527.98,15.783410,BUY,2579
1735930859999000000,98668.01,19.247480,BUY,2580
1735930919999000000,98621.66,13.212240,SELL,2581
1735930979999000000,98543.71,25.048960,SELL,2582
1735931039999000000,98654.96,15.125340,BUY,2583
1735931099999000000,98710.52,11.974990,BUY,2584
1735931159999000000,98709.40,52.354090,SELL,2585
1735931219999000000,98724.51,31.866220,BUY,2586
1735931279999000000,98667.98,36.754080,SELL,2587
1735931339999000000,98734.15,63.267960,BUY,2588
1735931399999000000,98719.99,17.825410,SELL,2589
1735931459999000000,98715.30,64.260250,SELL,2590
1735931519999000000,98719.66,19.121740,BUY,2591
1735931579999000000,98647.48,15.471390,SELL,2592
1735931639999000000,98799.99,54.718180,BUY,2593
1735931699999000000,98900.00,59.021770,BUY,2594
1735931759999000000,98830.25,29.586470,SELL,2595
1735931819999000000,98885.25,20.586950,BUY,2596
1735931879999000000,98926.09,16.362980,BUY,2597
1735931939999000000,98931.88,23.043040,BUY,2598
1735931999999000000,98944.57,7.752000,BUY,2599
1735932059999000000,98891.26,29.262600,SELL,2600
1735932119999000000,98941.67,20.255820,BUY,2601
1735932179999000000,98908.18,14.525970,SELL,2602
1735932239999000000,98789.47,21.144730,SELL,2603
1735932299999000000,98747.21,10.896910,SELL,2604
1735932359999000000,98727.31,15.752080,SELL,2605
1735932419999000000,98743.86,15.596790,BUY,2606
1735932479999000000,98740.13,7.025540,SELL,2607
1735932539999000000,98647.48,16.430900,SELL,2608
1735932599999000000,98697.85,15.866670,BUY,2609
1735932659999000000,98797.57,18.728710,BUY,2610
1735932719999000000,98794.95,16.215520,SELL,2611
1735932779999000000,98771.99,14.521210,SELL,2612
1735932839999000000,98802.24,13.393130,BUY,2613
1735932899999000000,98752.39,6.619130,SELL,2614
1735932959999000000,98698.85,18.232720,SELL,2615
1735933019999000000,98664.74,8.391160,SELL,2616
1735933079999000000,98681.64,11.496060,BUY,2617
1735933139999000000,98704.29,6.500220,BUY,2618
1735933199999000000,98715.58,3.489820,BUY,2619
1735933259999000000,98771.08,12.270200,BUY,2620
1735933319999000000,98710.38,7.070110,SELL,2621
1735933379999000000,98791.99,10.076470,BUY,2622
1735933439999000000,98738.48,8.164390,SELL,2623
1735933499999000000,98698.23,9.217290,SELL,2624
1735933559999000000,98638.53,17.319080,SELL,2625
1735933619999000000,98659.05,4.575790,BUY,2626
1735933679999000000,98580.15,11.465130,SELL,2627
1735933739999000000,98634.31,9.105750,BUY,2628
1735933799999000000,98660.76,10.388160,BUY,2629
1735933859999000000,98679.01,7.116770,BUY,2630
1735933919999000000,98605.71,23.259820,SELL,2631
1735933979999000000,98613.15,4.643120,BUY,2632
1735934039999000000,98559.99,13.232580,SELL,2633
1735934099999000000,98560.44,4.760500,BUY,2634
1735934159999000000,98571.91,10.334410,BUY,2635
1735934219999000000,98600.00,3.809840,BUY,2636
1735934279999000000,98578.98,11.113690,SELL,2637
1735934339999000000,98596.85,5.487770,BUY,2638
1735934399999000000,98592.01,6.069010,SELL,2639
1735934459999000000,98581.06,20.931470,SELL,2640
1735934519999000000,98488.32,21.611710,SELL,2641
1735934579999000000,98483.40,15.969730,SELL,2642
1735934639999000000,98432.33,16.457920,SELL,2643
1735934699999000000,98404.16,10.040740,SELL,2644
1735934759999000000,98433.24,18.993100,BUY,2645
1735934819999000000,98429.65,28.657520,SELL,2646
1735934879999000000,98489.82,15.415610,BUY,2647
1735934939999000000,98465.15,17.483930,SELL,2648
1735934999999000000,98435.36,11.940050,SELL,2649
1735935059999000000,98400.00,17.952940,SELL,2650
1735935119999000000,98300.01,30.844420,SELL,2651
1735935179999000000,98370.79,14.191120,BUY,2652
1735935239999000000,98408.73,11.137870,BUY,2653
1735935299999000000,98479.56,13.518810,BUY,2654
1735935359999000000,98520.58,10.367020,BUY,2655
1735935419999000000,98528.32,7.030670,BUY,2656
1735935479999000000,98539.37,11.277370,BUY,2657
1735935539999000000,98578.94,10.337900,BUY,2658
1735935599999000000,98556.50,12.524610,SELL,2659
1735935659999000000,98524.16,9.786100,SELL,2660
1735935719999000000,98599.99,10.460770,BUY,2661
1735935779999000000,98702.60,13.535760,BUY,2662
1735935839999000000,98734.73,15.907840,BUY,2663
1735935899999000000,98747.99,9.231880,BUY,2664
1735935959999000000,98669.87,10.161170,SELL,2665
1735936019999000000,98614.66,7.726000,SELL,2666
1735936079999000000,98626.21,15.220740,BUY,2667
1735936139999000000,98652.32,7.999420,BUY,2668
1735936199999000000,98618.09,9.626360,SELL,2669
1735936259999000000,98581.58,13.643640,SELL,2670
1735936319999000000,98550.33,14.128550,SELL,2671
1735936379999000000,98524.89,19.518740,SELL,2672
1735936439999000000,98516.11,13.495650,SELL,2673
1735936499999000000,98599.99,10.125630,BUY,2674
1735936559999000000,98589.06,10.551850,SELL,2675
1735936619999000000,98629.04,16.934980,BUY,2676
1735936679999000000,98577.51,17.942050,SELL,2677
1735936739999000000,98444.00,16.329030,SELL,2678
1735936799999000000,98455.00,8.809030,BUY,2679
1735936859999000000,98404.13,16.197060,SELL,2680
1735936919999000000,98459.96,10.546410,BUY,2681
1735936979999000000,98463.23,7.688470,BUY,2682
1735937039999000000,98441.00,10.794770,SELL,2683
1735937099999000000,98453.89,17.591630,BUY,2684
1735937159999000000,98455.58,10.355130,BUY,2685
1735937219999000000,98495.25,25.013990,BUY,2686
1735937279999000000,98488.66,11.802980,SELL,2687
1735937339999000000,98423.93,10.435250,SELL,2688
1735937399999000000,98388.88,15.461950,SELL,2689
1735937459999000000,98394.65,14.443750,BUY,2690
1735937519999000000,98414.26,11.422080,BUY,2691
1735937579999000000,98432.80,13.628200,BUY,2692
1735937639999000000,98424.23,9.681070,SELL,2693
1735937699999000000,98448.23,12.963900,BUY,2694
1735937759999000000,98424.07,10.984050,SELL,2695
1735937819999000000,98429.27,9.999950,BUY,2696
1735937879999000000,98365.73,17.173730,SELL,2697
1735937939999000000,98387.43,13.185330,BUY,2698
1735937999999000000,98311.52,28.980310,SELL,2699
1735938059999000000,98325.00,6.057810,BUY,2700
1735938119999000000,98276.01,19.865200,SELL,2701
1735938179999000000,98300.04,11.574210,BUY,2702
1735938239999000000,98240.69,20.160960,SELL,2703
1735938299999000000,98284.00,33.829450,BUY,2704
1735938359999000000,98297.80,9.043200,BUY,2705
1735938419999000000,98339.80,64.060780,BUY,2706
1735938479999000000,98348.84,9.034940,BUY,2707
1735938539999000000,98325.94,4.970850,SELL,2708
1735938599999000000,98286.84,3.443070,SELL,2709
1735938659999000000,98206.36,12.647440,SELL,2710
1735938719999000000,98222.41,13.947250,BUY,2711
1735938779999000000,98238.29,6.363200,BUY,2712
1735938839999000000,98227.13,15.364430,SELL,2713
1735938899999000000,98206.18,7.695020,SELL,2714
1735938959999000000,98234.43,8.433660,BUY,2715
1735939019999000000,98234.64,5.137820,BUY,2716
1735939079999000000,98244.86,7.081150,BUY,2717
1735939139999000000,98227.56,6.070300,SELL,2718
1735939199999000000,98235.01,6.049880,BUY,2719
1735939259999000000,98197.28,4.833090,SELL,2720
1735939319999000000,98212.13,8.800190,BUY,2721
1735939379999000000,98249.99,9.416820,BUY,2722
1735939439999000000,98242.47,9.535930,SELL,2723
1735939499999000000,98225.87,3.968610,SELL,2724
1735939559999000000,98251.50,10.779220,BUY,2725
1735939619999000000,98223.21,5.629990,SELL,2726
1735939679999000000,98259.28,6.265340,BUY,2727
1735939739999000000,98248.23,5.595560,SELL,2728
1735939799999000000,98274.48,5.374920,BUY,2729
1735939859999000000,98250.01,3.463880,SELL,2730
1735939919999000000,98282.95,5.344540,BUY,2731
1735939979999000000,98341.65,17.149820,BUY,2732
1735940039999000000,98298.31,6.769980,SELL,2733
1735940099999000000,98312.00,5.913080,BUY,2734
1735940159999000000,98355.03,8.736010,BUY,2735
1735940219999000000,98363.64,4.351760,BUY,2736
1735940279999000000,98413.02,17.131820,BUY,2737
1735940339999000000,98408.77,6.047280,SELL,2738
1735940399999000000,98340.00,5.767230,SELL,2739
1735940459999000000,98370.60,5.884010,BUY,2740
1735940519999000000,98347.51,2.494380,SELL,2741
1735940579999000000,98319.31,4.141320,SELL,2742
1735940639999000000,98319.30,0.953060,BUY,2743
1735940699999000000,98325.58,2.196900,BUY,2744
1735940759999000000,98312.75,3.068110,SELL,2745
1735940819999000000,98235.09,5.124760,SELL,2746
1735940879999000000,98219.79,5.257060,SELL,2747
1735940939999000000,98214.05,1.996670,SELL,2748
1735940999999000000,98219.80,4.167960,BUY,2749
1735941059999000000,98259.70,9.181780,BUY,2750
1735941119999000000,98265.40,2.513690,BUY,2751
1735941179999000000,98358.51,4.390290,BUY,2752
1735941239999000000,98327.25,4.163860,SELL,2753
1735941299999000000,98327.24,1.236200,SELL,2754
1735941359999000000,98305.51,3.809530,SELL,2755
1735941419999000000,98287.75,2.757190,SELL,2756
1735941479999000000,98296.00,12.713820,BUY,2757
1735941539999000000,98272.70,7.439080,SELL,2758
1735941599999000000,98272.70,2.185010,SELL,2759
1735941659999000000,98289.85,17.627040,BUY,2760
1735941719999000000,98349.99,5.506600,BUY,2761
1735941779999000000,98412.72,8.652690,BUY,2762
1735941839999000000,98430.49,8.061520,BUY,2763
1735941899999000000,98440.75,6.600130,BUY,2764
1735941959999000000,98438.06,4.555510,SELL,2765
1735942019999000000,98421.22,4.615050,SELL,2766
1735942079999000000,98416.01,6.004100,SELL,2767
1735942139999000000,98366.77,5.170930,SELL,2768
1735942199999000000,98375.39,5.685840,BUY,2769
1735942259999000000,98366.29,1.972840,SELL,2770
1735942319999000000,98374.87,5.208540,BUY,2771
1735942379999000000,98334.68,4.534120,SELL,2772
1735942439999000000,98333.33,6.608200,SELL,2773
1735942499999000000,98372.33,2.720330,BUY,2774
1735942559999000000,98324.00,7.209000,SELL,2775
1735942619999000000,98410.75,9.714190,BUY,2776
1735942679999000000,98439.55,7.482070,BUY,2777
1735942739999000000,98460.36,4.874830,BUY,2778
1735942799999000000,98450.01,3.933790,SELL,2779
1735942859999000000,98443.55,2.653760,SELL,2780
1735942919999000000,98443.56,2.532640,BUY,2781
1735942979999000000,98411.13,6.385630,SELL,2782
1735943039999000000,98432.00,5.782390,BUY,2783
1735943099999000000,98463.85,7.831690,BUY,2784
1735943159999000000,98471.87,5.913150,BUY,2785
1735943219999000000,98495.04,9.352440,BUY,2786
1735943279999000000,98469.14,3.820700,SELL,2787
1735943339999000000,98468.18,1.025200,SELL,2788
1735943399999000000,98460.37,2.256670,SELL,2789
1735943459999000000,98485.83,4.216430,BUY,2790
1735943519999000000,98424.53,7.663180,SELL,2791
1735943579999000000,98414.64,1.786150,SELL,2792
1735943639999000000,98408.10,4.325990,SELL,2793
1735943699999000000,98408.10,3.334700,BUY,2794
1735943759999000000,98408.10,2.704010,BUY,2795
1735943819999000000,98415.28,2.808510,BUY,2796
1735943879999000000,98415.24,1.759980,SELL,2797
1735943939999000000,98398.45,4.154760,SELL,2798
1735943999999000000,98414.44,13.431900,BUY,2799
1735944059999000000,98424.29,2.944140,BUY,2800
1735944119999000000,98424.28,1.800280,BUY,2801
1735944179999000000,98424.29,2.342480,BUY,2802
1735944239999000000,98434.34,7.683640,BUY,2803
1735944299999000000,98408.56,4.348690,SELL,2804
1735944359999000000,98388.88,2.081590,SELL,2805
1735944419999000000,98363.64,3.669350,SELL,2806
1735944479999000000,98355.60,2.694400,SELL,2807
1735944539999000000,98308.58,6.136780,SELL,2808
1735944599999000000,98290.75,3.023850,SELL,2809
1735944659999000000,98314.40,4.413970,BUY,2810
1735944719999000000,98294.91,2.489500,SELL,2811
1735944779999000000,98252.40,6.289410,SELL,2812
1735944839999000000,98261.24,21.529900,BUY,2813
1735944899999000000,98268.18,1.393510,BUY,2814
1735944959999000000,98299.98,3.406420,BUY,2815
1735945019999000000,98275.92,11.837640,SELL,2816
1735945079999000000,98285.55,4.539140,BUY,2817
1735945139999000000,98292.05,1.107600,BUY,2818
1735945199999000000,98296.37,3.338950,BUY,2819
1735945259999000000,98328.23,2.561990,BUY,2820
1735945319999000000,98354.29,4.174600,BUY,2821
1735945379999000000,98363.64,3.786110,BUY,2822
1735945439999000000,98329.57,12.500140,SELL,2823
1735945499999000000,98354.88,6.765760,BUY,2824
1735945559999000000,98382.18,9.552050,BUY,2825
1735945619999000000,98337.20,4.508440,SELL,2826
1735945679999000000,98279.69,4.804170,SELL,2827
1735945739999000000,98318.15,5.129100,BUY,2828
1735945799999000000,98318.51,3.353560,BUY,2829
1735945859999000000,98272.72,7.093290,SELL,2830
1735945919999000000,98361.39,11.829280,BUY,2831
1735945979999000000,98299.65,14.496790,SELL,2832
1735946039999000000,98285.88,4.897770,SELL,2833
1735946099999000000,98277.76,3.627270,SELL,2834
1735946159999000000,98267.91,3.729480,SELL,2835
1735946219999000000,98255.72,1.882710,SELL,2836
1735946279999000000,98200.26,9.861950,SELL,2837
1735946339999000000,98187.47,9.844280,SELL,2838
1735946399999000000,98239.99,8.202740,BUY,2839
1735946459999000000,98220.34,2.986910,SELL,2840
1735946519999000000,98239.39,3.042270,BUY,2841
1735946579999000000,98239.76,1.009440,BUY,2842
1735946639999000000,98205.80,10.831820,SELL,2843
1735946699999000000,98195.01,1.658550,SELL,2844
1735946759999000000,98181.81,2.126360,SELL,2845
1735946819999000000,98166.67,2.704420,SELL,2846
1735946879999000000,98132.01,4.876170,SELL,2847
1735946939999000000,98101.95,3.911300,SELL,2848
1735946999999000000,98101.01,5.418060,SELL,2849
1735947059999000000,98089.84,9.491690,SELL,2850
1735947119999000000,98094.50,5.979110,BUY,2851
1735947179999000000,98094.48,3.586690,SELL,2852
1735947239999000000,98100.00,1.797090,BUY,2853
1735947299999000000,98110.86,10.840760,BUY,2854
1735947359999000000,98143.64,11.769740,BUY,2855
1735947419999000000,98172.70,4.768420,BUY,2856
1735947479999000000,98156.72,6.677780,SELL,2857
1735947539999000000,98156.00,2.695760,SELL,2858
1735947599999000000,98151.52,2.419240,SELL,2859
1735947659999000000,98166.66,4.001640,BUY,2860
1735947719999000000,98163.78,3.780290,SELL,2861
1735947779999000000,98160.06,2.859620,SELL,2862
1735947839999000000,98168.32,13.006070,BUY,2863
1735947899999000000,98174.18,1.894510,BUY,2864
1735947959999000000,98140.41,4.161630,SELL,2865
1735948019999000000,98130.70,3.778460,SELL,2866
1735948079999000000,98183.95,5.050250,BUY,2867
1735948139999000000,98150.73,2.363500,SELL,2868
1735948199999000000,98132.00,2.913790,SELL,2869
1735948259999000000,98132.50,2.316520,BUY,2870
1735948319999000000,98151.51,4.704750,BUY,2871
1735948379999000000,98129.20,7.803230,SELL,2872
1735948439999000000,98129.19,1.291420,SELL,2873
1735948499999000000,98127.80,2.867880,SELL,2874
1735948559999000000,98116.88,4.150880,SELL,2875
1735948619999000000,98114.90,2.541810,SELL,2876
1735948679999000000,98153.67,6.300180,BUY,2877
1735948739999000000,98153.67,2.518780,SELL,2878
1735948799999000000,98174.18,4.764000,BUY,2879
1735948859999000000,98263.45,29.847600,BUY,2880
1735948919999000000,98230.62,19.853380,SELL,2881
1735948979999000000,98182.35,10.759820,SELL,2882
1735949039999000000,98202.60,13.972680,BUY,2883
1735949099999000000,98209.88,6.425550,BUY,2884
1735949159999000000,98207.84,10.571180,SELL,2885
1735949219999000000,98171.06,12.505270,SELL,2886
1735949279999000000,98128.06,19.228270,SELL,2887
1735949339999000000,98113.92,15.257510,SELL,2888
1735949399999000000,98108.43,3.906660,SELL,2889
1735949459999000000,98063.65,15.702010,SELL,2890
1735949519999000000,98058.91,17.555040,SELL,2891
1735949579999000000,98065.63,2.167190,BUY,2892
1735949639999000000,98111.12,5.360990,BUY,2893
1735949699999000000,98111.11,1.392160,BUY,2894
1735949759999000000,98114.46,3.083510,BUY,2895
1735949819999000000,98128.70,4.856450,BUY,2896
1735949879999000000,98140.30,7.569470,BUY,2897
1735949939999000000,98146.18,3.014800,BUY,2898
1735949999999000000,98155.98,4.339490,BUY,2899
1735950059999000000,98145.44,5.391530,SELL,2900
1735950119999000000,98121.22,3.246000,SELL,2901
1735950179999000000,98145.11,3.513750,BUY,2902
1735950239999000000,98145.10,1.725580,BUY,2903
1735950299999000000,98145.07,4.835190,SELL,2904
1735950359999000000,98126.61,3.202580,SELL,2905
1735950419999000000,98096.32,9.202490,SELL,2906
1735950479999000000,98095.05,6.037630,SELL,2907
1735950539999000000,98094.04,7.376650,SELL,2908
1735950599999000000,98094.02,5.025150,SELL,2909
1735950659999000000,98069.88,3.001880,SELL,2910
1735950719999000000,98053.87,3.361220,SELL,2911
1735950779999000000,98062.24,11.830790,BUY,2912
1735950839999000000,98055.16,3.167750,SELL,2913
1735950899999000000,98046.50,3.576370,SELL,2914
1735950959999000000,98001.89,15.507880,SELL,2915
1735951019999000000,97963.75,19.569940,SELL,2916
1735951079999000000,97952.00,4.942550,SELL,2917
1735951139999000000,97911.38,21.723090,SELL,2918
1735951199999000000,97941.68,10.179710,BUY,2919
1735951259999000000,97922.01,2.780310,SELL,2920
1735951319999000000,97945.14,7.046030,BUY,2921
1735951379999000000,98000.01,8.668800,BUY,2922
1735951439999000000,97986.12,3.954180,SELL,2923
1735951499999000000,97986.21,2.925270,BUY,2924
1735951559999000000,97999.99,2.474890,BUY,2925
1735951619999000000,97999.99,1.894800,BUY,2926
1735951679999000000,98046.50,8.613480,BUY,2927
1735951739999000000,98008.21,5.938200,SELL,2928
1735951799999000000,97915.91,5.970350,SELL,2929
1735951859999000000,97929.02,2.847120,BUY,2930
1735951919999000000,97932.58,5.396550,BUY,2931
1735951979999000000,97922.43,11.188530,SELL,2932
1735952039999000000,97969.70,20.081580,BUY,2933
1735952099999000000,97999.53,3.405660,BUY,2934
1735952159999000000,98000.00,5.354930,BUY,2935
1735952219999000000,97959.49,4.985240,SELL,2936
1735952279999000000,97950.01,1.808200,SELL,2937
1735952339999000000,97950.01,1.358710,BUY,2938
1735952399999000000,97950.01,4.663620,BUY,2939
1735952459999000000,97961.08,9.115380,BUY,2940
1735952519999000000,97944.16,4.561580,SELL,2941
1735952579999000000,97961.06,5.342770,BUY,2942
1735952639999000000,97999.99,7.060830,BUY,2943
1735952699999000000,97963.55,14.045810,SELL,2944
1735952759999000000,97909.44,4.894740,SELL,2945
1735952819999000000,97931.99,5.689410,BUY,2946
1735952879999000000,97931.56,5.153160,SELL,2947
1735952939999000000,97916.01,1.588100,SELL,2948
1735952999999000000,97917.21,2.745560,BUY,2949
1735953059999000000,97904.00,3.323560,SELL,2950
1735953119999000000,97849.01,6.924240,SELL,2951
1735953179999000000,97888.88,20.627270,BUY,2952
1735953239999000000,97889.38,6.537690,BUY,2953
1735953299999000000,97888.78,6.647320,SELL,2954
1735953359999000000,97859.53,7.410920,SELL,2955
1735953419999000000,97849.53,6.477880,SELL,2956
1735953479999000000,97800.01,5.839520,SELL,2957
1735953539999000000,97833.34,5.898240,BUY,2958
1735953599999000000,97883.17,3.370090,BUY,2959
1735953659999000000,97843.57,6.086940,SELL,2960
1735953719999000000,97843.58,1.617350,BUY,2961
1735953779999000000,97917.21,9.721000,BUY,2962
1735953839999000000,97925.05,5.107370,BUY,2963
1735953899999000000,97959.22,3.819770,BUY,2964
1735953959999000000,97959.23,5.803490,BUY,2965
1735954019999000000,97944.04,1.811640,SELL,2966
1735954079999000000,97944.03,2.080430,SELL,2967
1735954139999000000,97937.80,3.884010,SELL,2968
1735954199999000000,97960.15,2.198260,BUY,2969
1735954259999000000,97911.60,7.093690,SELL,2970
1735954319999000000,97925.66,3.625210,BUY,2971
1735954379999000000,97976.02,8.102500,BUY,2972
1735954439999000000,97970.20,6.969670,SELL,2973
1735954499999000000,97999.11,2.317580,BUY,2974
1735954559999000000,98001.27,6.370150,BUY,2975
1735954619999000000,98014.25,6.321230,BUY,2976
1735954679999000000,98019.71,2.803340,BUY,2977
1735954739999000000,98008.00,2.142660,SELL,2978
1735954799999000000,98040.64,1.593050,BUY,2979
1735954859999000000,98044.51,2.962180,BUY,2980
1735954919999000000,98044.51,3.895100,BUY,2981
1735954979999000000,98079.24,2.919980,BUY,2982
1735955039999000000,98052.90,5.742020,SELL,2983
1735955099999000000,98060.11,2.596220,BUY,2984
1735955159999000000,98032.02,4.106100,SELL,2985
1735955219999000000,98030.31,3.097930,SELL,2986
1735955279999000000,98066.40,2.436960,BUY,2987
1735955339999000000,98081.87,8.399620,BUY,2988
1735955399999000000,98056.55,2.985030,SELL,2989
1735955459999000000,98024.50,1.966960,SELL,2990
1735955519999000000,98027.19,1.727260,BUY,2991
1735955579999000000,98064.00,2.987790,BUY,2992
1735955639999000000,98035.28,2.027780,SELL,2993
1735955699999000000,98031.19,2.271900,SELL,2994
1735955759999000000,98030.00,6.544400,SELL,2995
1735955819999000000,98030.01,1.969270,BUY,2996
1735955879999000000,98062.33,5.157980,BUY,2997
1735955939999000000,98042.01,4.164900,SELL,2998
1735955999999000000,98040.00,1.415800,SELL,2999
1735956059999000000,98042.01,1.718310,BUY,3000
1735956119999000000,98009.33,6.116230,SELL,3001
1735956179999000000,98000.01,15.919660,SELL,3002
1735956239999000000,98025.09,12.894320,BUY,3003
1735956299999000000,97916.18,18.693380,SELL,3004
1735956359999000000,97894.20,3.970050,SELL,3005
1735956419999000000,97870.04,3.594750,SELL,3006
1735956479999000000,97881.54,19.277210,BUY,3007
1735956539999000000,97848.48,5.536530,SELL,3008
1735956599999000000,97881.39,10.307450,BUY,3009
1735956659999000000,97890.97,10.546880,BUY,3010
1735956719999000000,97976.95,7.604280,BUY,3011
1735956779999000000,97981.74,2.140540,BUY,3012
1735956839999000000,97940.79,5.992640,SELL,3013
1735956899999000000,97922.75,5.684640,SELL,3014
1735956959999000000,97940.78,4.123850,BUY,3015
1735957019999000000,97913.42,3.661770,SELL,3016
1735957079999000000,97913.42,0.921730,BUY,3017
1735957139999000000,97900.01,3.589410,SELL,3018
1735957199999000000,97913.84,3.758020,BUY,3019
1735957259999000000,97900.01,2.368090,SELL,3020
1735957319999000000,97900.00,1.863430,BUY,3021
1735957379999000000,97924.65,7.185160,BUY,3022
1735957439999000000,97930.00,1.802570,BUY,3023
1735957499999000000,97943.91,3.594760,BUY,3024
1735957559999000000,97924.67,2.546230,SELL,3025
1735957619999000000,97913.43,1.853540,SELL,3026
1735957679999000000,97913.42,1.499040,BUY,3027
1735957739999000000,97896.00,1.840400,SELL,3028
1735957799999000000,97900.67,3.238950,BUY,3029
1735957859999000000,97900.68,2.327680,BUY,3030
1735957919999000000,97975.99,11.120290,BUY,3031
1735957979999000000,97966.20,3.113670,SELL,3032
1735958039999000000,97958.73,4.411470,SELL,3033
1735958099999000000,97962.81,1.949280,BUY,3034
1735958159999000000,98020.99,7.896250,BUY,3035
1735958219999000000,98080.81,16.860660,BUY,3036
1735958279999000000,98153.84,16.108240,BUY,3037
1735958339999000000,98164.98,7.239040,BUY,3038
1735958399999000000,98140.71,2.521820,SELL,3039
1735958459999000000,98136.92,5.265050,SELL,3040
1735958519999000000,98118.93,4.855670,SELL,3041
1735958579999000000,98118.92,0.938650,SELL,3042
1735958639999000000,98111.12,8.087420,SELL,3043
1735958699999000000,98141.10,8.444960,BUY,3044
1735958759999000000,98241.44,10.313100,BUY,3045
1735958819999000000,98232.26,11.147090,SELL,3046
1735958879999000000,98284.97,11.723350,BUY,3047
1735958939999000000,98279.31,9.593370,SELL,3048
1735958999999000000,98215.69,12.779650,SELL,3049
1735959059999000000,98215.68,2.537790,SELL,3050
1735959119999000000,98256.00,3.079450,BUY,3051
1735959179999000000,98244.01,1.991670,SELL,3052
1735959239999000000,98293.10,4.553460,BUY,3053
1735959299999000000,98264.00,2.893430,SELL,3054
1735959359999000000,98255.91,1.479670,SELL,3055
1735959419999000000,98245.19,4.097400,SELL,3056
1735959479999000000,98245.19,2.940550,BUY,3057
1735959539999000000,98264.91,4.023960,BUY,3058
1735959599999000000,98304.51,10.763670,BUY,3059
1735959659999000000,98262.51,6.217020,SELL,3060
1735959719999000000,98253.38,2.475010,SELL,3061
1735959779999000000,98248.69,2.541880,SELL,3062
1735959839999000000,98236.00,5.881890,SELL,3063
1735959899999000000,98232.00,1.116530,SELL,3064
1735959959999000000,98232.01,0.821410,BUY,3065
1735960019999000000,98238.35,4.657440,BUY,3066
1735960079999000000,98244.71,9.228640,BUY,3067
1735960139999000000,98202.37,14.096560,SELL,3068
1735960199999000000,98119.57,15.992290,SELL,3069
1735960259999000000,98141.07,2.765390,BUY,3070
1735960319999000000,98185.48,8.008970,BUY,3071
1735960379999000000,98195.40,2.015200,BUY,3072
1735960439999000000,98182.01,8.904730,SELL,3073
1735960499999000000,98168.66,5.165960,SELL,3074
1735960559999000000,98168.66,1.217860,SELL,3075
1735960619999000000,98135.65,9.163420,SELL,3076
1735960679999000000,98123.00,1.507050,SELL,3077
1735960739999000000,98111.37,3.413120,SELL,3078
1735960799999000000,98111.36,0.793000,SELL,3079
1735960859999000000,98087.26,5.796790,SELL,3080
1735960919999000000,98072.00,1.865180,SELL,3081
1735960979999000000,98061.63,3.701410,SELL,3082
1735961039999000000,98061.64,0.825460,BUY,3083
1735961099999000000,98061.64,1.611240,BUY,3084
1735961159999000000,98052.97,6.306030,SELL,3085
1735961219999000000,98091.99,6.893220,BUY,3086
1735961279999000000,98086.81,2.319170,SELL,3087
1735961339999000000,98086.81,3.107920,BUY,3088
1735961399999000000,98086.80,0.739360,BUY,3089
1735961459999000000,98092.40,3.710510,BUY,3090
1735961519999000000,98078.49,2.505660,SELL,3091
1735961579999000000,98078.48,1.501320,SELL,3092
1735961639999000000,98098.98,6.638050,BUY,3093
1735961699999000000,98098.99,1.781380,BUY,3094
1735961759999000000,98162.70,5.687360,BUY,3095
1735961819999000000,98194.07,8.252490,BUY,3096
1735961879999000000,98185.59,3.936060,SELL,3097
1735961939999000000,98185.59,4.118170,BUY,3098
1735961999999000000,98185.60,1.325910,BUY,3099
1735962059999000000,98185.59,1.482420,BUY,3100
1735962119999000000,98185.59,2.976770,BUY,3101
1735962179999000000,98185.59,0.793060,SELL,3102
1735962239999000000,98217.00,8.474790,BUY,3103
1735962299999000000,98246.96,3.527380,BUY,3104
1735962359999000000,98228.93,5.254100,SELL,3105
1735962419999000000,98217.01,4.351910,SELL,3106
1735962479999000000,98200.00,5.722640,SELL,3107
1735962539999000000,98209.30,12.758160,BUY,3108
1735962599999000000,98209.31,11.136500,BUY,3109
1735962659999000000,98207.20,1.968820,SELL,3110
1735962719999000000,98216.71,10.247800,BUY,3111
1735962779999000000,98225.80,5.323190,BUY,3112
1735962839999000000,98244.86,8.970240,BUY,3113
1735962899999000000,98225.79,3.645710,SELL,3114
1735962959999000000,98230.25,2.292010,BUY,3115
1735963019999000000,98230.26,1.005870,BUY,3116
1735963079999000000,98230.25,0.759540,BUY,3117
1735963139999000000,98230.26,2.462570,BUY,3118
1735963199999000000,98200.00,2.928960,SELL,3119
1735963259999000000,98044.05,23.057030,SELL,3120
1735963319999000000,98001.18,3.348000,SELL,3121
1735963379999000000,98012.26,11.639120,BUY,3122
1735963439999000000,98000.01,1.932020,SELL,3123
1735963499999000000,97957.03,7.518870,SELL,3124
1735963559999000000,97997.44,9.969860,BUY,3125
1735963619999000000,97965.15,5.846290,SELL,3126
1735963679999000000,97941.39,8.611480,SELL,3127
1735963739999000000,97944.97,4.714020,BUY,3128
1735963799999000000,97953.72,3.885790,BUY,3129
1735963859999000000,97953.72,3.387210,BUY,3130
1735963919999000000,97953.72,6.632870,BUY,3131
1735963979999000000,97949.12,5.980550,SELL,3132
1735964039999000000,97918.28,5.076250,SELL,3133
1735964099999000000,97933.46,4.065290,BUY,3134
1735964159999000000,97954.32,4.196030,BUY,3135
1735964219999000000,97971.99,4.152970,BUY,3136
1735964279999000000,97948.15,2.740700,SELL,3137
1735964339999000000,97948.15,1.715870,SELL,3138
1735964399999000000,97947.00,1.662280,SELL,3139
1735964459999000000,97944.15,2.812180,SELL,3140
1735964519999000000,97947.51,3.364670,BUY,3141
1735964579999000000,97947.51,1.480270,SELL,3142
1735964639999000000,97947.51,2.355940,BUY,3143
1735964699999000000,97941.98,4.787160,SELL,3144
1735964759999000000,97900.00,10.372110,SELL,3145
1735964819999000000,97939.40,4.640540,BUY,3146
1735964879999000000,97947.51,1.573040,BUY,3147
1735964939999000000,97948.95,3.870250,BUY,3148
1735964999999000000,97948.87,1.023200,BUY,3149
1735965059999000000,97903.23,5.011260,SELL,3150
1735965119999000000,97900.01,3.703370,SELL,3151
1735965179999000000,97875.70,13.751650,SELL,3152
1735965239999000000,97887.56,4.888970,BUY,3153
1735965299999000000,97928.41,6.369840,BUY,3154
1735965359999000000,97929.11,1.819880,BUY,3155
1735965419999000000,97923.68,4.746560,SELL,3156
1735965479999000000,97923.69,1.178160,BUY,3157
1735965539999000000,97935.22,2.299260,BUY,3158
1735965599999000000,97971.99,7.062780,BUY,3159
1735965659999000000,97975.99,7.377440,BUY,3160
1735965719999000000,97998.10,10.303150,BUY,3161
1735965779999000000,97999.98,5.247490,BUY,3162
1735965839999000000,98000.00,3.581390,BUY,3163
1735965899999000000,97999.99,3.379740,BUY,3164
1735965959999000000,97975.99,2.906830,SELL,3165
1735966019999000000,97950.52,2.331210,SELL,3166
1735966079999000000,97965.69,6.552680,BUY,3167
1735966139999000000,97958.91,1.004420,SELL,3168
1735966199999000000,97958.92,0.837900,BUY,3169
1735966259999000000,97954.60,6.588700,SELL,3170
1735966319999000000,97954.60,1.481660,BUY,3171
1735966379999000000,97954.60,4.898300,BUY,3172
1735966439999000000,97932.01,2.331260,SELL,3173
1735966499999000000,97947.72,5.671560,BUY,3174
1735966559999000000,97953.04,1.417800,BUY,3175
1735966619999000000,97970.53,1.992950,BUY,3176
1735966679999000000,97974.52,14.378000,BUY,3177
1735966739999000000,97974.51,1.220450,BUY,3178
1735966799999000000,98001.00,13.753050,BUY,3179
1735966859999000000,98001.00,2.394570,BUY,3180
1735966919999000000,98005.07,2.728310,BUY,3181
1735966979999000000,98025.65,7.074650,BUY,3182
1735967039999000000,98025.65,0.654780,SELL,3183
1735967099999000000,98003.74,2.170160,SELL,3184
1735967159999000000,97988.76,2.047650,SELL,3185
1735967219999000000,98020.00,3.834380,BUY,3186
1735967279999000000,98012.29,5.880230,SELL,3187
1735967339999000000,98031.99,3.626720,BUY,3188
1735967399999000000,98033.48,7.171130,BUY,3189
1735967459999000000,98016.00,2.165700,SELL,3190
1735967519999000000,98010.66,0.924490,SELL,3191
1735967579999000000,98024.00,2.548340,BUY,3192
1735967639999000000,98023.99,0.876860,SELL,3193
1735967699999000000,98034.37,1.746700,BUY,3194
1735967759999000000,98041.89,0.992800,BUY,3195
1735967819999000000,98075.19,4.753720,BUY,3196
1735967879999000000,98075.19,1.579280,BUY,3197
1735967939999000000,98075.19,0.380940,BUY,3198
1735967999999000000,98092.63,9.241550,BUY,3199
1735968059999000000,98099.98,3.126010,BUY,3200
1735968119999000000,98111.44,4.238300,BUY,3201
1735968179999000000,98154.07,12.806820,BUY,3202
1735968239999000000,98117.12,3.248400,SELL,3203
1735968299999000000,98128.57,5.656210,BUY,3204
1735968359999000000,98157.83,5.902560,BUY,3205
1735968419999000000,98164.75,2.806740,BUY,3206
1735968479999000000,98138.60,2.423190,SELL,3207
1735968539999000000,98143.45,3.384020,BUY,3208
1735968599999000000,98143.44,2.483560,BUY,3209
1735968659999000000,98129.00,2.857020,SELL,3210
1735968719999000000,98159.34,6.873520,BUY,3211
1735968779999000000,98180.00,5.358580,BUY,3212
1735968839999000000,98159.08,2.457420,SELL,3213
1735968899999000000,98159.08,3.090090,SELL,3214
1735968959999000000,98173.98,3.086530,BUY,3215
1735969019999000000,98156.96,2.790190,SELL,3216
1735969079999000000,98156.96,2.290770,BUY,3217
1735969139999000000,98132.00,4.120510,SELL,3218
1735969199999000000,98132.00,1.378830,SELL,3219
1735969259999000000,98186.69,15.017260,BUY,3220
1735969319999000000,98186.69,1.021070,BUY,3221
1735969379999000000,98186.69,0.867560,BUY,3222
1735969439999000000,98196.50,1.931290,BUY,3223
1735969499999000000,98186.51,2.426330,SELL,3224
1735969559999000000,98171.22,1.544020,SELL,3225
1735969619999000000,98167.25,0.887100,SELL,3226
1735969679999000000,98167.25,1.155950,SELL,3227
1735969739999000000,98167.25,3.597010,BUY,3228
1735969799999000000,98167.26,0.990490,BUY,3229
1735969859999000000,98164.00,4.680050,SELL,3230
1735969919999000000,98156.95,5.826360,SELL,3231
1735969979999000000,98074.38,27.247110,SELL,3232
1735970039999000000,98121.21,14.469490,BUY,3233
1735970099999000000,98102.00,6.846590,SELL,3234
1735970159999000000,98091.96,1.707760,SELL,3235
1735970219999000000,98142.24,9.377810,BUY,3236
1735970279999000000,98132.75,2.399050,SELL,3237
1735970339999000000,98132.75,4.100460,SELL,3238
1735970399999000000,98126.21,0.712880,SELL,3239
1735970459999000000,98130.20,1.562440,BUY,3240
1735970519999000000,98113.68,2.384230,SELL,3241
1735970579999000000,98090.88,3.523710,SELL,3242
1735970639999000000,98101.73,3.846710,BUY,3243
1735970699999000000,98101.73,5.701290,BUY,3244
1735970759999000000,98073.52,3.705050,SELL,3245
1735970819999000000,98135.98,7.620460,BUY,3246
1735970879999000000,98123.84,3.212810,SELL,3247
1735970939999000000,98122.96,1.260100,SELL,3248
1735970999999000000,98098.96,6.690190,SELL,3249
1735971059999000000,98127.93,9.045290,BUY,3250
1735971119999000000,98101.74,6.203470,SELL,3251
1735971179999000000,98092.01,2.533150,SELL,3252
1735971239999000000,98088.01,1.085150,SELL,3253
1735971299999000000,98063.32,4.682040,SELL,3254
1735971359999000000,98056.01,1.189250,SELL,3255
1735971419999000000,98067.47,2.662370,BUY,3256
1735971479999000000,98047.80,4.974580,SELL,3257
1735971539999000000,98055.55,2.975950,BUY,3258
1735971599999000000,98061.02,0.929490,BUY,3259
1735971659999000000,98061.02,3.328090,SELL,3260
1735971719999000000,98048.98,1.986380,SELL,3261
1735971779999000000,98054.50,2.939370,BUY,3262
1735971839999000000,98066.64,4.011420,BUY,3263
1735971899999000000,98061.99,1.011170,SELL,3264
1735971959999000000,98090.91,7.618830,BUY,3265
1735972019999000000,98081.95,7.809450,SELL,3266
1735972079999000000,98073.04,1.509610,SELL,3267
1735972139999000000,98073.04,1.123470,BUY,3268
1735972199999000000,98073.02,1.146600,SELL,3269
1735972259999000000,98063.25,5.383670,SELL,3270
1735972319999000000,98055.55,6.617330,SELL,3271
1735972379999000000,98061.19,4.333090,BUY,3272
1735972439999000000,98061.21,3.646750,BUY,3273
1735972499999000000,98048.55,3.776840,SELL,3274
1735972559999000000,98062.92,3.168510,BUY,3275
1735972619999000000,98073.02,1.948360,BUY,3276
1735972679999000000,98073.02,1.138770,BUY,3277
1735972739999000000,98073.03,1.310730,BUY,3278
1735972799999000000,98073.04,5.773800,BUY,3279
1735972859999000000,98091.83,7.849110,BUY,3280
1735972919999000000,98075.68,1.086120,SELL,3281
1735972979999000000,98075.68,0.992100,BUY,3282
1735973039999000000,98064.56,2.161030,SELL,3283
1735973099999000000,98055.49,2.555820,SELL,3284
1735973159999000000,98041.68,1.717430,SELL,3285
1735973219999000000,98041.68,0.869570,BUY,3286
1735973279999000000,98041.67,0.593180,BUY,3287
1735973339999000000,98057.01,4.604560,BUY,3288
1735973399999000000,98072.35,3.833860,BUY,3289
1735973459999000000,98072.36,0.952130,BUY,3290
1735973519999000000,98094.76,7.138790,BUY,3291
1735973579999000000,98129.49,4.065890,BUY,3292
1735973639999000000,98147.55,2.771910,BUY,3293
1735973699999000000,98169.99,4.481710,BUY,3294
1735973759999000000,98157.57,10.385860,SELL,3295
1735973819999000000,98130.43,6.616620,SELL,3296
1735973879999000000,98127.53,1.968550,SELL,3297
1735973939999000000,98127.53,0.720760,BUY,3298
1735973999999000000,98127.54,1.188410,BUY,3299
1735974059999000000,98127.53,1.262580,BUY,3300
1735974119999000000,98127.54,0.837220,BUY,3301
1735974179999000000,98108.77,9.504650,SELL,3302
1735974239999000000,98100.81,16.211620,SELL,3303
1735974299999000000,98100.79,1.169790,SELL,3304
1735974359999000000,98134.20,8.094050,BUY,3305
1735974419999000000,98147.69,3.176570,BUY,3306
1735974479999000000,98147.70,1.056730,BUY,3307
1735974539999000000,98160.23,2.177980,BUY,3308
1735974599999000000,98156.80,3.458400,SELL,3309
1735974659999000000,98174.34,3.390890,BUY,3310
1735974719999000000,98193.29,2.508350,BUY,3311
1735974779999000000,98197.20,3.731790,BUY,3312
1735974839999000000,98215.16,8.904800,BUY,3313
1735974899999000000,98228.83,2.776910,BUY,3314
1735974959999000000,98250.07,5.234660,BUY,3315
1735975019999000000,98341.09,151.701720,BUY,3316
1735975079999000000,98304.58,5.344730,SELL,3317
1735975139999000000,98252.24,4.973920,SELL,3318
1735975199999000000,98230.26,6.930090,SELL,3319
1735975259999000000,98192.45,15.891110,SELL,3320
1735975319999000000,98166.66,2.143630,SELL,3321
1735975379999000000,98174.49,3.273920,BUY,3322
1735975439999000000,98163.40,5.148530,SELL,3323
1735975499999000000,98156.00,3.938180,SELL,3324
1735975559999000000,98156.00,0.797400,BUY,3325
1735975619999000000,98171.54,4.804280,BUY,3326
1735975679999000000,98210.31,3.431530,BUY,3327
1735975739999000000,98210.31,1.808940,BUY,3328
1735975799999000000,98193.71,5.030910,SELL,3329
1735975859999000000,98202.91,3.349390,BUY,3330
1735975919999000000,98193.92,1.594840,SELL,3331
1735975979999000000,98193.92,0.447540,BUY,3332
1735976039999000000,98179.61,12.645080,SELL,3333
1735976099999000000,98179.62,1.707710,BUY,3334
1735976159999000000,98169.92,10.838710,SELL,3335
1735976219999000000,98174.98,5.956980,BUY,3336
1735976279999000000,98194.85,4.647640,BUY,3337
1735976339999000000,98214.80,21.295120,BUY,3338
1735976399999000000,98218.12,9.541310,BUY,3339
1735976459999000000,98218.13,1.656050,BUY,3340
1735976519999000000,98244.83,13.565320,BUY,3341
1735976579999000000,98250.63,6.331100,BUY,3342
1735976639999000000,98250.62,3.651890,SELL,3343
1735976699999000000,98291.03,8.305320,BUY,3344
1735976759999000000,98322.22,7.285860,BUY,3345
1735976819999000000,98305.25,4.450380,SELL,3346
1735976879999000000,98279.51,1.823670,SELL,3347
1735976939999000000,98279.51,1.805190,BUY,3348
1735976999999000000,98285.17,11.850830,BUY,3349
1735977059999000000,98285.16,1.723890,SELL,3350
1735977119999000000,98250.01,3.277290,SELL,3351
1735977179999000000,98225.00,2.559100,SELL,3352
1735977239999000000,98241.62,4.965030,BUY,3353
1735977299999000000,98241.62,2.014860,SELL,3354
1735977359999000000,98223.51,5.274250,SELL,3355
1735977419999000000,98245.50,4.685620,BUY,3356
1735977479999000000,98245.50,1.530940,BUY,3357
1735977539999000000,98245.51,1.568520,BUY,3358
1735977599999000000,98271.88,5.396100,BUY,3359
1735977659999000000,98255.74,3.264840,SELL,3360
1735977719999000000,98255.75,1.908490,BUY,3361
1735977779999000000,98287.17,17.437300,BUY,3362
1735977839999000000,98287.17,4.726060,SELL,3363
1735977899999000000,98277.28,3.240700,SELL,3364
1735977959999000000,98252.99,2.510400,SELL,3365
1735978019999000000,98222.23,2.767200,SELL,3366
1735978079999000000,98224.19,2.866480,BUY,3367
1735978139999000000,98218.13,2.186120,SELL,3368
1735978199999000000,98257.11,9.833880,BUY,3369
1735978259999000000,98247.04,2.467470,SELL,3370
1735978319999000000,98247.05,2.086900,BUY,3371
1735978379999000000,98247.04,0.879470,SELL,3372
1735978439999000000,98247.04,1.883020,BUY,3373
1735978499999000000,98248.99,3.299320,BUY,3374
1735978559999000000,98240.00,3.953380,SELL,3375
1735978619999000000,98224.00,2.991940,SELL,3376
1735978679999000000,98249.99,8.811530,BUY,3377
1735978739999000000,98214.39,1.561200,SELL,3378
1735978799999000000,98201.91,5.333770,SELL,3379
1735978859999000000,98197.93,8.739410,SELL,3380
1735978919999000000,98189.32,2.054730,SELL,3381
1735978979999000000,98160.00,3.792490,SELL,3382
1735979039999000000,98144.93,3.428250,SELL,3383
1735979099999000000,98140.01,9.407680,SELL,3384
1735979159999000000,98135.73,1.628540,SELL,3385
1735979219999000000,98112.55,2.448590,SELL,3386
1735979279999000000,98115.80,3.346410,BUY,3387
1735979339999000000,98135.73,3.720320,BUY,3388
1735979399999000000,98185.85,15.042400,BUY,3389
1735979459999000000,98185.85,3.876950,BUY,3390
1735979519999000000,98208.16,3.460180,BUY,3391
1735979579999000000,98219.89,1.898870,BUY,3392
1735979639999000000,98219.90,1.792100,BUY,3393
1735979699999000000,98235.69,5.242790,BUY,3394
1735979759999000000,98249.80,13.894940,BUY,3395
1735979819999000000,98231.48,1.734520,SELL,3396
1735979879999000000,98194.46,3.957480,SELL,3397
1735979939999000000,98186.57,3.373370,SELL,3398
1735979999999000000,98152.73,2.299210,SELL,3399
1735980059999000000,98164.16,5.163590,BUY,3400
1735980119999000000,98165.06,1.876800,BUY,3401
1735980179999000000,98150.93,2.564530,SELL,3402
1735980239999000000,98136.77,3.215130,SELL,3403
1735980299999000000,98136.76,0.894520,BUY,3404
1735980359999000000,98111.12,2.294090,SELL,3405
1735980419999000000,98111.11,3.792720,SELL,3406
1735980479999000000,98091.71,5.119770,SELL,3407
1735980539999000000,98090.90,1.240850,SELL,3408
1735980599999000000,98085.08,12.830280,SELL,3409
1735980659999000000,98085.09,3.150450,BUY,3410
1735980719999000000,98041.62,16.517080,SELL,3411
1735980779999000000,98035.11,3.867000,SELL,3412
1735980839999000000,98013.42,5.656100,SELL,3413
1735980899999000000,97958.00,33.179960,SELL,3414
1735980959999000000,97958.00,7.634880,BUY,3415
1735981019999000000,97949.64,5.077970,SELL,3416
1735981079999000000,97944.44,2.382280,SELL,3417
1735981139999000000,97906.07,5.545330,SELL,3418
1735981199999000000,97906.07,2.523750,SELL,3419
1735981259999000000,97900.00,11.897090,SELL,3420
1735981319999000000,97922.08,7.640230,BUY,3421
1735981379999000000,97978.22,10.023170,BUY,3422
1735981439999000000,97955.99,6.714260,SELL,3423
1735981499999000000,97946.33,2.920470,SELL,3424
1735981559999000000,97960.08,3.449090,BUY,3425
1735981619999000000,97949.67,5.441430,SELL,3426
1735981679999000000,97965.45,3.273280,BUY,3427
1735981739999000000,97843.04,15.394350,SELL,3428
1735981799999000000,97850.00,10.730320,BUY,3429
1735981859999000000,97850.01,2.473550,BUY,3430
1735981919999000000,97850.00,3.402330,BUY,3431
1735981979999000000,97850.59,2.758390,BUY,3432
1735982039999000000,97879.98,4.928700,BUY,3433
1735982099999000000,97850.00,7.869790,SELL,3434
1735982159999000000,97799.22,62.558750,SELL,3435
1735982219999000000,97918.44,12.223740,BUY,3436
1735982279999000000,97848.46,15.846010,SELL,3437
1735982339999000000,97845.84,8.774350,SELL,3438
1735982399999000000,97853.75,5.377670,BUY,3439
1735982459999000000,97767.93,10.366030,SELL,3440
1735982519999000000,97832.11,5.021140,BUY,3441
1735982579999000000,97871.45,5.392270,BUY,3442
1735982639999000000,97900.00,5.463650,BUY,3443
1735982699999000000,97902.20,5.196160,BUY,3444
1735982759999000000,97908.97,8.155150,BUY,3445
1735982819999000000,97894.47,2.269390,SELL,3446
1735982879999000000,97872.95,3.091000,SELL,3447
1735982939999000000,97873.39,9.141210,BUY,3448
1735982999999000000,97873.39,3.820750,SELL,3449
1735983059999000000,97864.84,3.638880,SELL,3450
1735983119999000000,97878.56,44.812080,BUY,3451
1735983179999000000,97893.45,12.966540,BUY,3452
1735983239999000000,97868.01,6.554500,SELL,3453
1735983299999000000,97848.84,2.659620,SELL,3454
1735983359999000000,97833.34,3.454480,SELL,3455
1735983419999000000,97833.32,4.880140,SELL,3456
1735983479999000000,97803.08,2.698140,SELL,3457
1735983539999000000,97778.20,7.964560,SELL,3458
1735983599999000000,97777.73,3.146390,SELL,3459
1735983659999000000,97808.01,11.754450,BUY,3460
1735983719999000000,97804.34,1.946780,SELL,3461
1735983779999000000,97804.33,1.666210,BUY,3462
1735983839999000000,97804.34,1.695520,BUY,3463
1735983899999000000,97804.33,1.302120,SELL,3464
1735983959999000000,97794.75,1.620760,SELL,3465
1735984019999000000,97751.88,23.543550,SELL,3466
1735984079999000000,97643.88,188.303310,SELL,3467
1735984139999000000,97658.60,14.682230,BUY,3468
1735984199999000000,97630.39,11.229710,SELL,3469
1735984259999000000,97638.84,3.236410,BUY,3470
1735984319999000000,97673.24,14.015250,BUY,3471
1735984379999000000,97673.24,2.022960,SELL,3472
1735984439999000000,97695.31,5.917410,BUY,3473
1735984499999000000,97726.71,7.248220,BUY,3474
1735984559999000000,97707.52,7.322090,SELL,3475
1735984619999000000,97700.01,2.918600,SELL,3476
1735984679999000000,97685.44,8.577960,SELL,3477
1735984739999000000,97678.66,2.993770,SELL,3478
1735984799999000000,97690.37,5.405140,BUY,3479
1735984859999000000,97650.19,5.817100,SELL,3480
1735984919999000000,97692.28,7.252260,BUY,3481
1735984979999000000,97731.38,6.310450,BUY,3482
1735985039999000000,97682.00,10.164920,SELL,3483
1735985099999000000,97682.01,4.145910,BUY,3484
1735985159999000000,97682.00,1.805690,SELL,3485
1735985219999000000,97672.01,5.492030,SELL,3486
1735985279999000000,97668.17,8.755030,SELL,3487
1735985339999000000,97642.24,8.706900,SELL,3488
1735985399999000000,97650.56,6.806940,BUY,3489
1735985459999000000,97642.00,7.540180,SELL,3490
1735985519999000000,97675.60,10.419160,BUY,3491
1735985579999000000,97667.04,2.684500,SELL,3492
1735985639999000000,97705.60,6.813250,BUY,3493
1735985699999000000,97708.93,3.242400,BUY,3494
1735985759999000000,97742.38,5.987590,BUY,3495
1735985819999000000,97693.43,7.453110,SELL,3496
1735985879999000000,97693.50,4.583920,BUY,3497
1735985939999000000,97664.01,10.446060,SELL,3498
1735985999999000000,97649.55,6.403560,SELL,3499
1735986059999000000,97645.37,3.162060,SELL,3500
1735986119999000000,97637.01,9.184040,SELL,3501
1735986179999000000,97660.00,8.168790,BUY,3502
1735986239999000000,97627.67,13.518060,SELL,3503
1735986299999000000,97663.21,2.839480,BUY,3504
1735986359999000000,97676.00,4.064110,BUY,3505
1735986419999000000,97720.00,5.691280,BUY,3506
1735986479999000000,97756.62,9.194060,BUY,3507
1735986539999000000,97736.17,3.579700,SELL,3508
1735986599999000000,97736.17,4.109150,BUY,3509
1735986659999000000,97736.17,1.327890,BUY,3510
1735986719999000000,97787.88,12.967920,BUY,3511
1735986779999000000,97785.00,5.965720,SELL,3512
1735986839999000000,97805.88,5.009350,BUY,3513
1735986899999000000,97808.60,7.189650,BUY,3514
1735986959999000000,97803.85,3.203690,SELL,3515
1735987019999000000,97783.37,9.227850,SELL,3516
1735987079999000000,97789.22,2.602630,BUY,3517
1735987139999000000,97806.09,5.599440,BUY,3518
1735987199999000000,97806.09,1.940790,SELL,3519
1735987259999000000,97806.09,1.836560,BUY,3520
1735987319999000000,97806.11,4.554000,BUY,3521
1735987379999000000,97832.01,5.267370,BUY,3522
1735987439999000000,97844.14,3.650870,BUY,3523
1735987499999000000,97824.65,7.768850,SELL,3524
1735987559999000000,97828.52,6.189060,BUY,3525
1735987619999000000,97820.49,2.710610,SELL,3526
1735987679999000000,97820.49,0.711510,BUY,3527
1735987739999000000,97842.39,5.762090,BUY,3528
1735987799999000000,97848.49,5.659310,BUY,3529
1735987859999000000,97826.47,11.631070,SELL,3530
1735987919999000000,97816.09,3.299520,SELL,3531
1735987979999000000,97821.39,3.028600,BUY,3532
1735988039999000000,97828.32,2.290980,BUY,3533
1735988099999000000,97826.10,2.988270,SELL,3534
1735988159999000000,97806.10,2.774740,SELL,3535
1735988219999000000,97806.11,1.529240,BUY,3536
1735988279999000000,97789.32,6.386780,SELL,3537
1735988339999000000,97789.31,1.880250,SELL,3538
1735988399999000000,97789.32,1.389300,BUY,3539
1735988459999000000,97789.32,2.148620,BUY,3540
1735988519999000000,97789.31,2.307210,BUY,3541
1735988579999000000,97782.28,1.562110,SELL,3542
1735988639999000000,97771.50,3.980200,SELL,3543
1735988699999000000,97771.50,2.755040,BUY,3544
1735988759999000000,97771.51,0.780850,BUY,3545
1735988819999000000,97771.50,6.172150,BUY,3546
1735988879999000000,97712.01,6.878290,SELL,3547
1735988939999000000,97750.01,10.863500,BUY,3548
1735988999999000000,97733.91,11.570470,SELL,3549
1735989059999000000,97769.80,2.499090,BUY,3550
1735989119999000000,97730.33,6.608110,SELL,3551
1735989179999000000,97730.33,0.941310,BUY,3552
1735989239999000000,97745.51,3.217620,BUY,3553
1735989299999000000,97771.74,1.854130,BUY,3554
1735989359999000000,97751.05,3.863340,SELL,3555
1735989419999000000,97735.54,13.683430,SELL,3556
1735989479999000000,97767.99,2.898970,BUY,3557
1735989539999000000,97767.99,2.465370,SELL,3558
1735989599999000000,97777.53,1.669620,BUY,3559
1735989659999000000,97760.89,2.598480,SELL,3560
1735989719999000000,97757.02,2.223020,SELL,3561
1735989779999000000,97768.90,8.378910,BUY,3562
1735989839999000000,97774.68,4.127070,BUY,3563
1735989899999000000,97774.81,6.434070,BUY,3564
1735989959999000000,97723.99,17.894920,SELL,3565
1735990019999000000,97723.99,1.275410,BUY,3566
1735990079999000000,97723.99,2.249160,BUY,3567
1735990139999000000,97758.88,4.206690,BUY,3568
1735990199999000000,97758.89,1.129320,BUY,3569
1735990259999000000,97758.88,0.716340,SELL,3570
1735990319999000000,97774.42,25.174990,BUY,3571
1735990379999000000,97774.42,0.800500,BUY,3572
1735990439999000000,97774.42,0.728480,BUY,3573
1735990499999000000,97774.42,1.488890,BUY,3574
1735990559999000000,97774.42,1.567070,BUY,3575
1735990619999000000,97774.42,1.107460,BUY,3576
1735990679999000000,97791.71,3.107410,BUY,3577
1735990739999000000,97791.71,2.330800,BUY,3578
1735990799999000000,97809.43,2.750680,BUY,3579
1735990859999000000,97820.38,1.981080,BUY,3580
1735990919999000000,97820.37,2.656830,BUY,3581
1735990979999000000,97830.00,1.853150,BUY,3582
1735991039999000000,97839.76,6.797690,BUY,3583
1735991099999000000,97839.75,1.403910,BUY,3584
1735991159999000000,97841.63,12.226730,BUY,3585
1735991219999000000,97832.01,3.416710,SELL,3586
1735991279999000000,97832.01,1.165970,BUY,3587
1735991339999000000,97832.00,0.954750,SELL,3588
1735991399999000000,97832.01,1.414650,BUY,3589
1735991459999000000,97844.34,4.478580,BUY,3590
1735991519999000000,97879.47,8.670430,BUY,3591
1735991579999000000,97911.00,7.570810,BUY,3592
1735991639999000000,97908.07,11.147230,SELL,3593
1735991699999000000,97917.01,5.404420,BUY,3594
1735991759999000000,97903.07,5.230870,SELL,3595
1735991819999000000,97903.78,6.408800,BUY,3596
1735991879999000000,97874.21,5.942340,SELL,3597
1735991939999000000,97883.38,6.016520,BUY,3598
1735991999999000000,97889.39,5.360610,BUY,3599
1735992059999000000,97888.20,4.192620,SELL,3600
1735992119999000000,97864.79,13.220710,SELL,3601
1735992179999000000,97882.76,4.495480,BUY,3602
1735992239999000000,97905.35,3.964660,BUY,3603
1735992299999000000,97905.34,5.387690,SELL,3604
1735992359999000000,97905.35,1.862410,BUY,3605
1735992419999000000,97868.89,7.335360,SELL,3606
1735992479999000000,97855.12,6.272450,SELL,3607
1735992539999000000,97853.10,3.812740,SELL,3608
1735992599999000000,97847.42,2.918370,SELL,3609
1735992659999000000,97817.67,4.662850,SELL,3610
1735992719999000000,97806.60,2.297430,SELL,3611
1735992779999000000,97804.00,4.675010,SELL,3612
1735992839999000000,97804.01,0.790230,BUY,3613
1735992899999000000,97840.00,6.670010,BUY,3614
1735992959999000000,97804.03,6.824040,SELL,3615
1735993019999000000,97816.38,4.415100,BUY,3616
1735993079999000000,97800.01,13.509960,SELL,3617
1735993139999000000,97810.98,2.161290,BUY,3618
1735993199999000000,97841.16,3.464760,BUY,3619
1735993259999000000,97880.00,7.413220,BUY,3620
1735993319999000000,97880.02,1.822100,BUY,3621
1735993379999000000,97927.66,6.305150,BUY,3622
1735993439999000000,97935.78,4.509090,BUY,3623
1735993499999000000,97949.99,7.658140,BUY,3624
1735993559999000000,97979.87,8.039090,BUY,3625
1735993619999000000,97999.99,2.961600,BUY,3626
1735993679999000000,97959.35,27.749910,SELL,3627
1735993739999000000,97929.86,8.638970,SELL,3628
1735993799999000000,97921.89,8.497410,SELL,3629
1735993859999000000,97880.01,10.573360,SELL,3630
1735993919999000000,97905.99,9.411600,BUY,3631
1735993979999000000,97934.51,6.331170,BUY,3632
1735994039999000000,97935.75,1.676430,BUY,3633
1735994099999000000,97917.09,4.617280,SELL,3634
1735994159999000000,97893.53,8.605760,SELL,3635
1735994219999000000,97898.08,2.167980,BUY,3636
1735994279999000000,97969.69,7.895890,BUY,3637
1735994339999000000,97993.48,6.033820,BUY,3638
1735994399999000000,97931.23,9.038030,SELL,3639
1735994459999000000,97914.69,3.540220,SELL,3640
1735994519999000000,97927.49,6.346350,BUY,3641
1735994579999000000,97907.24,4.450380,SELL,3642
1735994639999000000,97868.77,7.387990,SELL,3643
1735994699999000000,97867.43,1.267760,SELL,3644
1735994759999000000,97824.95,9.477170,SELL,3645
1735994819999000000,97819.31,6.057390,SELL,3646
1735994879999000000,97810.01,2.895070,SELL,3647
1735994939999000000,97805.67,5.032720,SELL,3648
1735994999999000000,97857.89,8.427720,BUY,3649
1735995059999000000,97858.62,2.218180,BUY,3650
1735995119999000000,97864.49,1.554700,BUY,3651
1735995179999000000,97864.49,4.989600,BUY,3652
1735995239999000000,97860.01,2.399350,SELL,3653
1735995299999000000,97860.01,0.979280,BUY,3654
1735995359999000000,97868.22,2.092360,BUY,3655
1735995419999000000,97897.98,7.929590,BUY,3656
1735995479999000000,97888.12,1.898260,SELL,3657
1735995539999000000,97888.13,3.316860,BUY,3658
1735995599999000000,97888.12,1.656800,SELL,3659
1735995659999000000,97888.13,5.172250,BUY,3660
1735995719999000000,97888.12,3.134680,SELL,3661
1735995779999000000,97888.12,5.237890,SELL,3662
1735995839999000000,97885.32,2.286010,SELL,3663
1735995899999000000,97889.41,3.534780,BUY,3664
1735995959999000000,97899.99,2.634980,BUY,3665
1735996019999000000,97897.38,3.503810,SELL,3666
1735996079999000000,97907.99,1.266820,BUY,3667
1735996139999000000,97931.99,4.578460,BUY,3668
1735996199999000000,97946.73,3.031380,BUY,3669
1735996259999000000,97944.76,4.591800,SELL,3670
1735996319999000000,97955.52,5.791680,BUY,3671
1735996379999000000,97926.24,14.693040,SELL,3672
1735996439999000000,97886.15,14.805240,SELL,3673
1735996499999000000,97896.00,7.322610,BUY,3674
1735996559999000000,97891.51,19.061150,SELL,3675
1735996619999000000,97810.42,21.060610,SELL,3676
1735996679999000000,97795.22,13.640040,SELL,3677
1735996739999000000,97830.01,4.733690,BUY,3678
1735996799999000000,97831.08,3.732060,BUY,3679
1735996859999000000,97844.00,4.475230,BUY,3680
1735996919999000000,97831.94,2.695850,SELL,3681
1735996979999000000,97800.75,7.942130,SELL,3682
1735997039999000000,97804.50,3.025780,BUY,3683
1735997099999000000,97817.58,6.553310,BUY,3684
1735997159999000000,97826.17,4.472860,BUY,3685
1735997219999000000,97818.57,4.402040,SELL,3686
1735997279999000000,97811.01,1.959860,SELL,3687
1735997339999000000,97859.99,4.888580,BUY,3688
1735997399999000000,97849.51,1.509190,SELL,3689
1735997459999000000,97846.64,5.382490,SELL,3690
1735997519999000000,97846.64,2.013750,BUY,3691
1735997579999000000,97800.76,6.187920,SELL,3692
1735997639999000000,97815.31,3.006850,BUY,3693
1735997699999000000,97800.76,3.314740,SELL,3694
1735997759999000000,97755.12,10.339290,SELL,3695
1735997819999000000,97751.98,4.853430,SELL,3696
1735997879999000000,97789.69,42.795630,BUY,3697
1735997939999000000,97793.75,6.350560,BUY,3698
1735997999999000000,97789.69,2.166450,SELL,3699
1735998059999000000,97825.20,11.703300,BUY,3700
1735998119999000000,97810.38,21.423060,SELL,3701
1735998179999000000,97834.56,5.316960,BUY,3702
1735998239999000000,97872.92,6.341140,BUY,3703
1735998299999000000,97876.31,4.917400,BUY,3704
1735998359999000000,97942.65,13.631510,BUY,3705
1735998419999000000,97935.51,5.413380,SELL,3706
1735998479999000000,97946.16,2.981530,BUY,3707
1735998539999000000,97946.16,2.591690,BUY,3708
1735998599999000000,97969.69,11.228530,BUY,3709
1735998659999000000,97951.86,5.581900,SELL,3710
1735998719999000000,97951.63,2.539810,SELL,3711
1735998779999000000,97956.55,18.830080,BUY,3712
1735998839999000000,98059.94,14.924660,BUY,3713
1735998899999000000,98019.32,13.376010,SELL,3714
1735998959999000000,98068.46,10.967160,BUY,3715
1735999019999000000,98037.70,13.914710,SELL,3716
1735999079999000000,97995.55,15.852280,SELL,3717
1735999139999000000,97973.05,7.832760,SELL,3718
1735999199999000000,97973.05,1.683750,BUY,3719
1735999259999000000,97979.99,4.736550,BUY,3720
1735999319999000000,97940.99,7.037870,SELL,3721
1735999379999000000,97960.76,6.671640,BUY,3722
1735999439999000000,97934.77,3.877220,SELL,3723
1735999499999000000,97941.42,3.176740,BUY,3724
1735999559999000000,97936.85,3.782320,SELL,3725
1735999619999000000,97927.06,2.082400,SELL,3726
1735999679999000000,97895.01,4.681950,SELL,3727
1735999739999000000,97909.85,4.606490,BUY,3728
1735999799999000000,97925.67,5.875550,BUY,3729
1735999859999000000,97913.70,6.157590,SELL,3730
1735999919999000000,97916.11,4.296710,BUY,3731
1735999979999000000,97916.12,3.173440,BUY,3732
1736000039999000000,97868.00,5.652920,SELL,3733
1736000099999000000,97867.13,6.167390,SELL,3734
1736000159999000000,97853.89,9.611680,SELL,3735
1736000219999000000,97864.72,2.333480,BUY,3736
1736000279999000000,97850.40,5.336550,SELL,3737
1736000339999000000,97828.39,5.112730,SELL,3738
1736000399999000000,97855.83,10.529620,BUY,3739
1736000459999000000,97913.32,7.202280,BUY,3740
1736000519999000000,97920.18,4.788850,BUY,3741
1736000579999000000,97904.31,3.640860,SELL,3742
1736000639999000000,97928.00,5.536510,BUY,3743
1736000699999000000,97959.98,5.580110,BUY,3744
1736000759999000000,98004.30,10.370840,BUY,3745
1736000819999000000,97948.01,18.380040,SELL,3746
1736000879999000000,98013.32,7.053630,BUY,3747
1736000939999000000,98001.61,2.102150,SELL,3748
1736000999999000000,98000.00,3.288790,SELL,3749
1736001059999000000,98000.01,4.810440,BUY,3750
1736001119999000000,97950.01,12.022240,SELL,3751
1736001179999000000,97985.98,1.527200,BUY,3752
1736001239999000000,97972.77,9.344410,SELL,3753
1736001299999000000,97995.64,3.139680,BUY,3754
1736001359999000000,98053.51,16.236770,BUY,3755
1736001419999000000,98080.14,12.684440,BUY,3756
1736001479999000000,98050.02,5.254810,SELL,3757
1736001539999000000,98054.06,3.663030,BUY,3758
1736001599999000000,98046.35,4.867900,SELL,3759
1736001659999000000,98046.46,2.601770,BUY,3760
1736001719999000000,98064.05,4.427690,BUY,3761
1736001779999000000,98050.01,8.090440,SELL,3762
1736001839999000000,98036.36,4.370080,SELL,3763
1736001899999000000,98059.98,5.324660,BUY,3764
1736001959999000000,98054.38,2.888740,SELL,3765
1736002019999000000,98054.38,1.588030,BUY,3766
1736002079999000000,98033.89,5.483300,SELL,3767
1736002139999000000,97999.90,4.478460,SELL,3768
1736002199999000000,97999.91,1.818980,BUY,3769
1736002259999000000,98008.14,4.846470,BUY,3770
1736002319999000000,98002.01,1.547420,SELL,3771
1736002379999000000,98002.01,5.014030,BUY,3772
1736002439999000000,98043.99,5.574160,BUY,3773
1736002499999000000,98049.61,2.233100,BUY,3774
1736002559999000000,98050.55,7.471300,BUY,3775
1736002619999000000,98050.55,2.712080,BUY,3776
1736002679999000000,98030.30,7.555510,SELL,3777
1736002739999000000,98030.31,1.774910,BUY,3778
1736002799999000000,98035.04,3.244650,BUY,3779
1736002859999000000,98044.71,2.040300,BUY,3780
1736002919999000000,98040.74,4.468870,SELL,3781
1736002979999000000,98012.92,8.446940,SELL,3782
1736003039999000000,98012.92,2.364010,BUY,3783
1736003099999000000,98006.59,6.207270,SELL,3784
1736003159999000000,97976.12,10.074680,SELL,3785
1736003219999000000,97991.32,5.995920,BUY,3786
1736003279999000000,97973.63,6.227510,SELL,3787
1736003339999000000,97982.60,5.886500,BUY,3788
1736003399999000000,97961.00,6.763650,SELL,3789
1736003459999000000,97928.88,7.549660,SELL,3790
1736003519999000000,97958.67,4.767270,BUY,3791
1736003579999000000,97968.64,2.273780,BUY,3792
1736003639999000000,98019.98,7.406020,BUY,3793
1736003699999000000,97997.81,7.631440,SELL,3794
1736003759999000000,98013.06,1.967900,BUY,3795
1736003819999000000,98030.31,6.015260,BUY,3796
1736003879999000000,98028.00,1.848000,SELL,3797
1736003939999000000,98107.56,18.802540,BUY,3798
1736003999999000000,98151.52,6.830980,BUY,3799
1736004059999000000,98135.67,3.900710,SELL,3800
1736004119999000000,98140.97,5.171070,BUY,3801
1736004179999000000,98140.69,3.925450,SELL,3802
1736004239999000000,98124.56,4.016260,SELL,3803
1736004299999000000,98119.02,3.352540,SELL,3804
1736004359999000000,98006.68,9.912840,SELL,3805
1736004419999000000,97890.28,12.513930,SELL,3806
1736004479999000000,97756.00,29.799330,SELL,3807
1736004539999000000,97742.79,40.521570,SELL,3808
1736004599999000000,97832.06,25.727270,BUY,3809
1736004659999000000,97640.00,28.929110,SELL,3810
1736004719999000000,97711.36,15.327160,BUY,3811
1736004779999000000,97644.86,23.044590,SELL,3812
1736004839999000000,97753.19,8.742490,BUY,3813
1736004899999000000,97643.63,8.034690,SELL,3814
1736004959999000000,97607.55,29.156520,SELL,3815
1736005019999000000,97651.52,12.847850,BUY,3816
1736005079999000000,97568.35,19.991140,SELL,3817
1736005139999000000,97659.99,13.699460,BUY,3818
1736005199999000000,97636.37,11.239770,SELL,3819
1736005259999000000,97600.00,66.218940,SELL,3820
1736005319999000000,97649.18,10.863120,BUY,3821
1736005379999000000,97590.49,13.615260,SELL,3822
1736005439999000000,97653.90,14.571860,BUY,3823
1736005499999000000,97637.63,7.125120,SELL,3824
1736005559999000000,97670.70,17.399510,BUY,3825
1736005619999000000,97696.97,10.278030,BUY,3826
1736005679999000000,97699.60,15.709360,BUY,3827
1736005739999000000,97590.83,13.566540,SELL,3828
1736005799999000000,97633.25,18.493160,BUY,3829
1736005859999000000,97589.86,20.032800,SELL,3830
1736005919999000000,97659.75,9.239930,BUY,3831
1736005979999000000,97673.93,4.958490,BUY,3832
1736006039999000000,97693.90,15.047910,BUY,3833
1736006099999000000,97720.36,31.756660,BUY,3834
1736006159999000000,97666.34,6.729600,SELL,3835
1736006219999000000,97676.00,6.125460,BUY,3836
1736006279999000000,97669.78,10.790000,SELL,3837
1736006339999000000,97666.68,4.498030,SELL,3838
1736006399999000000,97657.94,7.342220,SELL,3839
1736006459999000000,97723.02,13.309320,BUY,3840
1736006519999000000,97750.00,21.056220,BUY,3841
1736006579999000000,97731.20,21.035820,SELL,3842
1736006639999000000,97739.84,7.501520,BUY,3843
1736006699999000000,97774.63,3.932450,BUY,3844
1736006759999000000,97729.38,2.586730,SELL,3845
1736006819999000000,97666.61,7.851950,SELL,3846
1736006879999000000,97634.85,5.792300,SELL,3847
1736006939999000000,97662.56,7.485610,BUY,3848
1736006999999000000,97700.00,7.652210,BUY,3849
1736007059999000000,97715.84,5.660900,BUY,3850
1736007119999000000,97774.64,13.607390,BUY,3851
1736007179999000000,97787.88,8.485260,BUY,3852
1736007239999000000,97787.89,1.471080,BUY,3853
1736007299999000000,97780.29,2.382300,SELL,3854
1736007359999000000,97807.21,2.909970,BUY,3855
1736007419999000000,97818.19,3.229960,BUY,3856
1736007479999000000,97854.60,8.699650,BUY,3857
1736007539999000000,97761.76,8.452060,SELL,3858
1736007599999000000,97755.34,3.305880,SELL,3859
1736007659999000000,97715.12,4.812910,SELL,3860
1736007719999000000,97767.70,3.895620,BUY,3861
1736007779999000000,97767.69,6.457470,SELL,3862
1736007839999000000,97823.99,3.599650,BUY,3863
1736007899999000000,97778.56,14.099600,SELL,3864
1736007959999000000,97785.85,1.622920,BUY,3865
1736008019999000000,97708.48,5.677580,SELL,3866
1736008079999000000,97743.92,3.587560,BUY,3867
1736008139999000000,97718.82,3.726970,SELL,3868
1736008199999000000,97703.12,1.442860,SELL,3869
1736008259999000000,97684.88,6.146210,SELL,3870
1736008319999000000,97662.85,12.662480,SELL,3871
1736008379999000000,97674.51,7.599890,BUY,3872
1736008439999000000,97634.09,7.679850,SELL,3873
1736008499999000000,97552.00,119.544780,SELL,3874
1736008559999000000,97593.11,99.524270,BUY,3875
1736008619999000000,97611.91,10.525110,BUY,3876
1736008679999000000,97684.45,8.564780,BUY,3877
1736008739999000000,97673.01,5.865830,SELL,3878
1736008799999000000,97687.84,2.506110,BUY,3879
1736008859999000000,97677.19,10.662430,SELL,3880
1736008919999000000,97691.64,8.310400,BUY,3881
1736008979999000000,97676.61,2.823020,SELL,3882
1736009039999000000,97636.70,7.305690,SELL,3883
1736009099999000000,97636.42,2.145660,SELL,3884
1736009159999000000,97649.77,4.559260,BUY,3885
1736009219999000000,97645.24,8.659060,SELL,3886
1736009279999000000,97645.24,3.041340,BUY,3887
1736009339999000000,97688.49,6.258160,BUY,3888
1736009399999000000,97680.26,5.035620,SELL,3889
1736009459999000000,97707.76,5.537720,BUY,3890
1736009519999000000,97687.19,4.970540,SELL,3891
1736009579999000000,97705.23,2.109250,BUY,3892
1736009639999000000,97724.83,4.063570,BUY,3893
1736009699999000000,97726.71,1.723910,BUY,3894
1736009759999000000,97707.48,4.959240,SELL,3895
1736009819999000000,97700.77,1.821900,SELL,3896
1736009879999000000,97707.47,1.641680,BUY,3897
1736009939999000000,97704.59,1.343940,SELL,3898
1736009999999000000,97704.60,2.195590,BUY,3899
1736010059999000000,97728.99,4.491090,BUY,3900
1736010119999000000,97687.78,5.545690,SELL,3901
1736010179999000000,97705.97,1.357980,BUY,3902
1736010239999000000,97733.71,2.216390,BUY,3903
1736010299999000000,97721.69,6.886830,SELL,3904
1736010359999000000,97759.96,2.509740,BUY,3905
1736010419999000000,97793.31,8.521850,BUY,3906
1736010479999000000,97792.40,6.389300,SELL,3907
1736010539999000000,97798.08,1.821840,BUY,3908
1736010599999000000,97775.34,4.422550,SELL,3909
1736010659999000000,97771.18,4.741010,SELL,3910
1736010719999000000,97768.35,1.628410,SELL,3911
1736010779999000000,97771.18,1.477750,BUY,3912
1736010839999000000,97755.64,2.430890,SELL,3913
1736010899999000000,97774.69,2.196050,BUY,3914
1736010959999000000,97800.09,1.733320,BUY,3915
1736011019999000000,97787.87,6.492520,SELL,3916
1736011079999000000,97797.47,1.156290,BUY,3917
1736011139999000000,97797.47,1.202950,BUY,3918
1736011199999000000,97815.63,1.449500,BUY,3919
1736011259999000000,97815.62,3.610880,BUY,3920
1736011319999000000,97800.00,2.314140,SELL,3921
1736011379999000000,97800.01,3.922790,BUY,3922
1736011439999000000,97800.00,1.089420,BUY,3923
1736011499999000000,97826.80,8.924020,BUY,3924
1736011559999000000,97809.10,3.175100,SELL,3925
1736011619999000000,97794.88,6.175280,SELL,3926
1736011679999000000,97811.31,2.116250,BUY,3927
1736011739999000000,97809.11,1.743980,SELL,3928
1736011799999000000,97780.29,3.831790,SELL,3929
1736011859999000000,97769.49,7.414090,SELL,3930
1736011919999000000,97819.56,8.212160,BUY,3931
1736011979999000000,97819.56,2.476380,SELL,3932
1736012039999000000,97853.83,9.119160,BUY,3933
1736012099999000000,97890.94,5.096490,BUY,3934
1736012159999000000,97886.60,3.596800,SELL,3935
1736012219999000000,97909.09,4.842870,BUY,3936
1736012279999000000,97909.09,2.512160,SELL,3937
1736012339999000000,97873.49,6.363800,SELL,3938
1736012399999000000,97874.03,1.429900,BUY,3939
1736012459999000000,97869.95,1.545500,SELL,3940
1736012519999000000,97846.01,3.021260,SELL,3941
1736012579999000000,97864.71,3.619290,BUY,3942
1736012639999000000,97877.01,4.453470,BUY,3943
1736012699999000000,97877.01,3.643210,BUY,3944
1736012759999000000,97918.19,4.239380,BUY,3945
1736012819999000000,97913.69,3.365220,SELL,3946
1736012879999000000,97913.69,0.738600,BUY,3947
1736012939999000000,97919.30,2.277860,BUY,3948
1736012999999000000,97931.75,6.229700,BUY,3949
1736013059999000000,97924.70,1.611320,SELL,3950
1736013119999000000,97924.70,0.664530,BUY,3951
1736013179999000000,97929.58,1.930530,BUY,3952
1736013239999000000,97955.21,4.897790,BUY,3953
1736013299999000000,97937.87,3.518990,SELL,3954
1736013359999000000,97956.28,6.736120,BUY,3955
1736013419999000000,97999.21,14.458230,BUY,3956
1736013479999000000,98037.25,11.517760,BUY,3957
1736013539999000000,98011.15,8.222950,SELL,3958
1736013599999000000,98016.26,8.115930,BUY,3959
1736013659999000000,97993.20,7.527030,SELL,3960
1736013719999000000,97965.47,4.659600,SELL,3961
1736013779999000000,97979.47,3.507130,BUY,3962
1736013839999000000,97979.46,3.317580,SELL,3963
1736013899999000000,98002.09,4.189540,BUY,3964
1736013959999000000,97974.27,2.669080,SELL,3965
1736014019999000000,97981.81,3.818320,BUY,3966
1736014079999000000,98015.48,14.949140,BUY,3967
1736014139999000000,98040.98,1.640810,BUY,3968
1736014199999000000,98040.97,1.903250,BUY,3969
1736014259999000000,98031.79,5.558550,SELL,3970
1736014319999000000,98031.79,2.006330,BUY,3971
1736014379999000000,98084.15,7.885160,BUY,3972
1736014439999000000,98065.13,2.085580,SELL,3973
1736014499999000000,98065.12,1.343490,SELL,3974
1736014559999000000,98065.12,8.470940,SELL,3975
1736014619999000000,98072.11,6.138010,BUY,3976
1736014679999000000,98111.99,8.038960,BUY,3977
1736014739999000000,98117.44,2.911900,BUY,3978
1736014799999000000,98111.96,5.484560,SELL,3979
1736014859999000000,98070.61,2.795910,SELL,3980
1736014919999000000,98072.70,2.266880,BUY,3981
1736014979999000000,98056.20,2.538260,SELL,3982
1736015039999000000,98107.09,12.828050,BUY,3983
1736015099999000000,98087.88,5.536050,SELL,3984
1736015159999000000,98087.89,0.651150,BUY,3985
1736015219999000000,98115.94,2.832220,BUY,3986
1736015279999000000,98119.11,6.718990,BUY,3987
1736015339999000000,98097.14,2.609680,SELL,3988
1736015399999000000,98057.28,5.344370,SELL,3989
1736015459999000000,98009.53,3.746590,SELL,3990
1736015519999000000,98015.16,5.851620,BUY,3991
1736015579999000000,98016.31,3.002290,BUY,3992
1736015639999000000,98030.31,2.028080,BUY,3993
1736015699999000000,98067.81,3.687620,BUY,3994
1736015759999000000,98098.38,2.589380,BUY,3995
1736015819999000000,98064.70,2.699410,SELL,3996
1736015879999000000,98085.51,2.885220,BUY,3997
1736015939999000000,98052.48,2.899270,SELL,3998
1736015999999000000,98064.30,1.151490,BUY,3999
1736016059999000000,98079.18,1.545220,BUY,4000
1736016119999000000,98079.19,1.641830,BUY,4001
1736016179999000000,98070.66,2.589290,SELL,4002
1736016239999000000,98060.60,1.599600,SELL,4003
1736016299999000000,98046.40,1.077120,SELL,4004
1736016359999000000,98031.51,9.380570,SELL,4005
1736016419999000000,98002.02,5.211810,SELL,4006
1736016479999000000,97940.27,4.598490,SELL,4007
1736016539999000000,97909.85,9.260440,SELL,4008
1736016599999000000,97921.34,3.066840,BUY,4009
1736016659999000000,97956.22,5.472940,BUY,4010
1736016719999000000,97956.22,1.104350,BUY,4011
1736016779999000000,97956.21,1.109590,BUY,4012
1736016839999000000,97956.21,0.827550,SELL,4013
1736016899999000000,97962.49,1.195310,BUY,4014
1736016959999000000,97962.49,2.485720,BUY,4015
1736017019999000000,97962.50,2.675330,BUY,4016
1736017079999000000,97946.47,5.193670,SELL,4017
1736017139999000000,97946.47,0.833400,BUY,4018
1736017199999000000,97961.56,3.581410,BUY,4019
1736017259999000000,97985.04,4.313430,BUY,4020
1736017319999000000,97985.03,1.684680,SELL,4021
1736017379999000000,97969.70,3.245500,SELL,4022
1736017439999000000,97946.61,4.798980,SELL,4023
1736017499999000000,97951.24,4.872540,BUY,4024
1736017559999000000,97961.25,2.180450,BUY,4025
1736017619999000000,97967.32,2.185150,BUY,4026
1736017679999000000,98015.42,6.358280,BUY,4027
1736017739999000000,98031.66,2.710370,BUY,4028
1736017799999000000,98069.98,4.421860,BUY,4029
1736017859999000000,98065.35,2.513830,SELL,4030
1736017919999000000,98065.35,1.368460,BUY,4031
1736017979999000000,98043.11,2.721080,SELL,4032
1736018039999000000,98071.50,7.739040,BUY,4033
1736018099999000000,98123.44,16.553770,BUY,4034
1736018159999000000,98210.02,24.739600,BUY,4035
1736018219999000000,98281.77,45.510800,BUY,4036
1736018279999000000,98340.56,7.732310,BUY,4037
1736018339999000000,98242.84,16.478440,SELL,4038
1736018399999000000,98194.66,4.724470,SELL,4039
1736018459999000000,98244.01,13.667930,BUY,4040
1736018519999000000,98200.00,10.577940,SELL,4041
1736018579999000000,98172.73,6.043810,SELL,4042
1736018639999000000,98154.19,4.666550,SELL,4043
1736018699999000000,98163.99,2.041870,BUY,4044
1736018759999000000,98186.29,1.045950,BUY,4045
1736018819999000000,98167.17,2.130010,SELL,4046
1736018879999000000,98167.17,2.932410,SELL,4047
1736018939999000000,98167.17,2.742610,BUY,4048
1736018999999000000,98167.17,2.371460,SELL,4049
1736019059999000000,98192.23,1.713910,BUY,4050
1736019119999000000,98203.99,0.947680,BUY,4051
1736019179999000000,98230.11,3.195770,BUY,4052
1736019239999000000,98222.96,2.366680,SELL,4053
1736019299999000000,98252.37,6.393660,BUY,4054
1736019359999000000,98250.63,3.886380,SELL,4055
1736019419999000000,98227.74,6.608620,SELL,4056
1736019479999000000,98222.86,2.366050,SELL,4057
1736019539999000000,98186.34,2.374340,SELL,4058
1736019599999000000,98176.17,2.608220,SELL,4059
1736019659999000000,98151.96,4.620600,SELL,4060
1736019719999000000,98129.66,5.451880,SELL,4061
1736019779999000000,98149.99,3.202810,BUY,4062
1736019839999000000,98136.09,4.308750,SELL,4063
1736019899999000000,98140.97,1.420730,BUY,4064
1736019959999000000,98140.97,2.813600,SELL,4065
1736020019999000000,98140.97,1.218510,BUY,4066
1736020079999000000,98121.82,27.758960,SELL,4067
1736020139999000000,98113.65,3.595490,SELL,4068
1736020199999000000,98113.64,0.953780,BUY,4069
1736020259999000000,98126.12,2.347750,BUY,4070
1736020319999000000,98155.46,4.431880,BUY,4071
1736020379999000000,98175.44,2.182810,BUY,4072
1736020439999000000,98193.04,4.196150,BUY,4073
1736020499999000000,98181.72,3.767000,SELL,4074
1736020559999000000,98199.99,1.190610,BUY,4075
1736020619999000000,98200.00,0.924830,BUY,4076
1736020679999000000,98190.54,3.197470,SELL,4077
1736020739999000000,98187.82,1.793400,SELL,4078
1736020799999000000,98166.26,3.569780,SELL,4079
1736020859999000000,98385.31,82.187760,BUY,4080
1736020919999000000,98330.36,5.950250,SELL,4081
1736020979999000000,98328.01,4.510410,SELL,4082
1736021039999000000,98283.10,4.860480,SELL,4083
1736021099999000000,98267.81,3.723600,SELL,4084
1736021159999000000,98292.91,3.554980,BUY,4085
1736021219999000000,98327.71,5.035730,BUY,4086
1736021279999000000,98308.00,2.510550,SELL,4087
1736021339999000000,98287.95,3.510420,SELL,4088
1736021399999000000,98304.08,2.104990,BUY,4089
1736021459999000000,98311.07,1.953450,BUY,4090
1736021519999000000,98279.90,5.882530,SELL,4091
1736021579999000000,98292.51,3.162150,BUY,4092
1736021639999000000,98292.50,0.787490,SELL,4093
1736021699999000000,98292.50,1.104240,SELL,4094
1736021759999000000,98292.51,1.581800,BUY,4095
1736021819999000000,98251.99,4.824100,SELL,4096
1736021879999000000,98295.19,3.361090,BUY,4097
1736021939999000000,98295.19,0.878640,BUY,4098
1736021999999000000,98337.98,4.741010,BUY,4099
1736022059999000000,98358.17,6.102480,BUY,4100
1736022119999000000,98389.03,7.600770,BUY,4101
1736022179999000000,98381.80,1.730320,SELL,4102
1736022239999000000,98406.69,3.509360,BUY,4103
1736022299999000000,98380.57,2.409650,SELL,4104
1736022359999000000,98409.21,3.921780,BUY,4105
1736022419999000000,98409.20,1.561230,BUY,4106
1736022479999000000,98418.07,1.228590,BUY,4107
1736022539999000000,98442.10,4.516740,BUY,4108
1736022599999000000,98456.37,4.435260,BUY,4109
1736022659999000000,98422.30,15.237360,SELL,4110
1736022719999000000,98426.99,7.176840,BUY,4111
1736022779999000000,98416.44,10.590020,SELL,4112
1736022839999000000,98426.05,10.333770,BUY,4113
1736022899999000000,98464.12,7.948320,BUY,4114
1736022959999000000,98489.92,11.800360,BUY,4115
1736023019999000000,98523.09,17.664530,BUY,4116
1736023079999000000,98491.85,5.397040,SELL,4117
1736023139999000000,98469.81,5.119790,SELL,4118
1736023199999000000,98478.61,1.265130,BUY,4119
1736023259999000000,98550.00,4.124130,BUY,4120
1736023319999000000,98613.27,31.215200,BUY,4121
1736023379999000000,98580.21,7.173040,SELL,4122
1736023439999000000,98604.02,22.116650,BUY,4123
1736023499999000000,98543.99,12.814600,SELL,4124
1736023559999000000,98548.30,3.514110,BUY,4125
1736023619999000000,98582.04,9.014940,BUY,4126
1736023679999000000,98552.21,5.577700,SELL,4127
1736023739999000000,98551.98,2.311070,SELL,4128
1736023799999000000,98574.01,4.356210,BUY,4129
1736023859999000000,98538.26,8.517150,SELL,4130
1736023919999000000,98528.72,5.520600,SELL,4131
1736023979999000000,98567.98,5.630010,BUY,4132
1736024039999000000,98557.45,10.932290,SELL,4133
1736024099999000000,98602.01,6.204480,BUY,4134
1736024159999000000,98602.01,1.487880,BUY,4135
1736024219999000000,98594.49,12.966940,SELL,4136
1736024279999000000,98606.07,4.155660,BUY,4137
1736024339999000000,98599.01,3.195270,SELL,4138
1736024399999000000,98599.02,5.091790,BUY,4139
1736024459999000000,98686.32,25.108920,BUY,4140
1736024519999000000,98620.04,7.625770,SELL,4141
1736024579999000000,98690.64,4.732960,BUY,4142
1736024639999000000,98685.27,7.284410,SELL,4143
1736024699999000000,98716.53,12.613080,BUY,4144
1736024759999000000,98741.51,30.817650,BUY,4145
1736024819999000000,98614.77,12.020670,SELL,4146
1736024879999000000,98640.00,5.670530,BUY,4147
1736024939999000000,98585.86,6.404760,SELL,4148
1736024999999000000,98565.28,3.894470,SELL,4149
1736025059999000000,98555.35,5.810470,SELL,4150
1736025119999000000,98582.00,8.390440,BUY,4151
1736025179999000000,98563.97,6.413610,SELL,4152
1736025239999000000,98542.85,3.936930,SELL,4153
1736025299999000000,98548.49,6.186670,BUY,4154
1736025359999000000,98515.16,13.206780,SELL,4155
1736025419999000000,98568.03,4.045010,BUY,4156
1736025479999000000,98626.32,3.969030,BUY,4157
1736025539999000000,98607.47,15.444280,SELL,4158
1736025599999000000,98564.54,12.769160,SELL,4159
1736025659999000000,98567.47,34.922010,BUY,4160
1736025719999000000,98569.87,15.036560,BUY,4161
1736025779999000000,98584.94,12.797290,BUY,4162
1736025839999000000,98586.19,12.086190,BUY,4163
1736025899999000000,98575.81,9.812140,SELL,4164
1736025959999000000,98575.76,3.016080,SELL,4165
1736026019999000000,98555.43,28.546420,SELL,4166
1736026079999000000,98552.09,20.687620,SELL,4167
1736026139999000000,98562.26,12.414470,BUY,4168
1736026199999000000,98532.81,15.051610,SELL,4169
1736026259999000000,98451.25,31.481140,SELL,4170
1736026319999000000,98443.23,17.288250,SELL,4171
1736026379999000000,98482.29,13.999970,BUY,4172
1736026439999000000,98493.50,18.403300,BUY,4173
1736026499999000000,98483.24,2.021770,SELL,4174
1736026559999000000,98505.36,4.995230,BUY,4175
1736026619999000000,98470.96,2.389910,SELL,4176
1736026679999000000,98496.90,3.002220,BUY,4177
1736026739999000000,98496.89,3.764090,SELL,4178
1736026799999000000,98465.05,1.793090,SELL,4179
1736026859999000000,98444.45,2.203630,SELL,4180
1736026919999000000,98393.81,3.748000,SELL,4181
1736026979999000000,98400.01,4.185780,BUY,4182
1736027039999000000,98363.63,2.793190,SELL,4183
1736027099999000000,98384.52,6.250670,BUY,4184
1736027159999000000,98349.33,9.747090,SELL,4185
1736027219999000000,98344.00,3.086230,SELL,4186
1736027279999000000,98366.82,3.303100,BUY,4187
1736027339999000000,98356.99,1.590430,SELL,4188
1736027399999000000,98378.79,2.912940,BUY,4189
1736027459999000000,98384.34,2.803350,BUY,4190
1736027519999000000,98380.15,2.356040,SELL,4191
1736027579999000000,98381.46,8.881690,BUY,4192
1736027639999000000,98372.66,8.578270,SELL,4193
1736027699999000000,98378.43,1.956630,BUY,4194
1736027759999000000,98351.18,1.658800,SELL,4195
1736027819999000000,98351.19,0.700570,BUY,4196
1736027879999000000,98364.34,5.513690,BUY,4197
1736027939999000000,98352.60,2.372690,SELL,4198
1736027999999000000,98362.43,1.878150,BUY,4199
1736028059999000000,98396.22,4.147120,BUY,4200
1736028119999000000,98356.86,4.865100,SELL,4201
1736028179999000000,98350.71,0.958420,SELL,4202
1736028239999000000,98347.03,0.865880,SELL,4203
1736028299999000000,98339.38,1.411940,SELL,4204
1736028359999000000,98376.00,3.631200,BUY,4205
1736028419999000000,98344.39,3.258780,SELL,4206
1736028479999000000,98341.95,2.643410,SELL,4207
1736028539999000000,98334.30,8.345100,SELL,4208
1736028599999000000,98342.00,4.145910,BUY,4209
1736028659999000000,98342.01,1.061270,BUY,4210
1736028719999000000,98342.00,2.179310,BUY,4211
1736028779999000000,98373.16,6.104680,BUY,4212
1736028839999000000,98365.13,4.590940,SELL,4213
1736028899999000000,98340.54,3.160580,SELL,4214
1736028959999000000,98340.55,1.152510,BUY,4215
1736029019999000000,98340.55,0.964300,BUY,4216
1736029079999000000,98339.51,6.989690,SELL,4217
1736029139999000000,98335.21,3.790310,SELL,4218
1736029199999000000,98334.94,9.480030,SELL,4219
1736029259999000000,98334.91,7.916070,SELL,4220
1736029319999000000,98329.98,2.370410,SELL,4221
1736029379999000000,98308.33,19.271470,SELL,4222
1736029439999000000,98285.71,2.869070,SELL,4223
1736029499999000000,98285.00,21.704290,SELL,4224
1736029559999000000,98284.99,3.106350,BUY,4225
1736029619999000000,98275.58,3.228450,SELL,4226
1736029679999000000,98275.58,0.706400,BUY,4227
1736029739999000000,98274.37,5.483850,SELL,4228
1736029799999000000,98268.00,2.973330,SELL,4229
1736029859999000000,98266.91,4.256170,SELL,4230
1736029919999000000,98343.56,10.998620,BUY,4231
1736029979999000000,98340.02,16.387260,SELL,4232
1736030039999000000,98338.95,13.438560,SELL,4233
1736030099999000000,98380.00,6.265420,BUY,4234
1736030159999000000,98390.80,5.031210,BUY,4235
1736030219999000000,98349.90,10.156210,SELL,4236
1736030279999000000,98345.89,2.845290,SELL,4237
1736030339999000000,98362.86,1.679340,BUY,4238
1736030399999000000,98410.68,3.402440,BUY,4239
1736030459999000000,98442.00,3.983850,BUY,4240
1736030519999000000,98448.47,2.129730,BUY,4241
1736030579999000000,98426.46,6.517300,SELL,4242
1736030639999000000,98412.06,5.727140,SELL,4243
1736030699999000000,98408.11,0.727560,SELL,4244
1736030759999000000,98395.53,2.148010,SELL,4245
1736030819999000000,98370.34,2.388460,SELL,4246
1736030879999000000,98363.81,5.166440,SELL,4247
1736030939999000000,98460.80,6.462320,BUY,4248
1736030999999000000,98460.77,4.555190,SELL,4249
1736031059999000000,98460.78,3.068700,BUY,4250
1736031119999000000,98471.99,5.791650,BUY,4251
1736031179999000000,98484.84,1.022470,BUY,4252
1736031239999000000,98480.01,4.168150,SELL,4253
1736031299999000000,98460.78,1.615680,SELL,4254
1736031359999000000,98460.77,0.486940,BUY,4255
1736031419999000000,98460.77,0.776970,SELL,4256
1736031479999000000,98460.78,3.614280,BUY,4257
1736031539999000000,98448.23,5.945460,SELL,4258
1736031599999000000,98417.25,5.574480,SELL,4259
1736031659999000000,98344.96,8.370320,SELL,4260
1736031719999000000,98342.91,2.045310,SELL,4261
1736031779999000000,98379.21,5.439000,BUY,4262
1736031839999000000,98409.14,7.929260,BUY,4263
1736031899999000000,98352.51,26.731250,SELL,4264
1736031959999000000,98355.10,3.232220,BUY,4265
1736032019999000000,98296.90,7.593390,SELL,4266
1736032079999000000,98242.79,10.400650,SELL,4267
1736032139999000000,98197.37,11.441890,SELL,4268
1736032199999000000,98240.05,3.519920,BUY,4269
1736032259999000000,98165.62,15.180370,SELL,4270
1736032319999000000,98175.00,1.939280,BUY,4271
1736032379999000000,98175.00,1.043270,BUY,4272
1736032439999000000,98174.99,2.790000,BUY,4273
1736032499999000000,98174.99,0.958840,BUY,4274
1736032559999000000,98174.99,0.658990,SELL,4275
1736032619999000000,98208.82,4.184480,BUY,4276
1736032679999000000,98235.98,1.670300,BUY,4277
1736032739999000000,98222.70,2.730890,SELL,4278
1736032799999000000,98250.99,2.480030,BUY,4279
1736032859999000000,98261.99,2.313960,BUY,4280
1736032919999000000,98272.56,1.208850,BUY,4281
1736032979999000000,98271.11,5.664810,SELL,4282
1736033039999000000,98214.35,2.215230,SELL,4283
1736033099999000000,98220.49,2.263230,BUY,4284
1736033159999000000,98242.39,1.041130,BUY,4285
1736033219999000000,98251.05,2.257700,BUY,4286
1736033279999000000,98250.99,1.002450,SELL,4287
1736033339999000000,98250.99,1.149560,SELL,4288
1736033399999000000,98240.00,5.260880,SELL,4289
1736033459999000000,98237.66,3.607380,SELL,4290
1736033519999000000,98254.92,3.538010,BUY,4291
1736033579999000000,98244.70,1.244620,SELL,4292
1736033639999000000,98254.10,1.221420,BUY,4293
1736033699999000000,98258.99,0.765870,BUY,4294
1736033759999000000,98267.64,2.044310,BUY,4295
1736033819999000000,98264.62,1.507820,SELL,4296
1736033879999000000,98255.96,30.178080,SELL,4297
1736033939999000000,98238.70,2.830270,SELL,4298
1736033999999000000,98223.26,3.345370,SELL,4299
1736034059999000000,98211.78,1.401410,SELL,4300
1736034119999000000,98223.25,2.125770,BUY,4301
1736034179999000000,98223.30,1.967680,BUY,4302
1736034239999000000,98225.62,0.508280,BUY,4303
1736034299999000000,98225.62,0.515850,BUY,4304
1736034359999000000,98225.62,0.668890,BUY,4305
1736034419999000000,98225.61,0.835180,SELL,4306
1736034479999000000,98235.99,2.867280,BUY,4307
1736034539999000000,98235.99,0.552510,SELL,4308
1736034599999000000,98263.99,16.267900,BUY,4309
1736034659999000000,98307.71,9.173170,BUY,4310
1736034719999000000,98307.70,0.883550,SELL,4311
1736034779999000000,98285.82,3.820020,SELL,4312
1736034839999000000,98276.30,1.749850,SELL,4313
1736034899999000000,98259.41,2.022420,SELL,4314
1736034959999000000,98272.48,2.626140,BUY,4315
1736035019999000000,98265.52,2.439250,SELL,4316
1736035079999000000,98243.25,3.130810,SELL,4317
1736035139999000000,98220.50,3.334220,SELL,4318
1736035199999000000,98220.50,1.940430,BUY,4319
1736035259999000000,98256.29,14.835240,BUY,4320
1736035319999000000,98240.65,13.384790,SELL,4321
1736035379999000000,98203.68,4.048450,SELL,4322
1736035439999000000,98185.90,6.220100,SELL,4323
1736035499999000000,98170.67,5.505950,SELL,4324
1736035559999000000,98164.00,5.980690,SELL,4325
1736035619999000000,98154.40,4.763290,SELL,4326
1736035679999000000,98154.40,4.332150,BUY,4327
1736035739999000000,98252.16,5.249140,BUY,4328
1736035799999000000,98256.35,1.708670,BUY,4329
1736035859999000000,98262.79,2.531220,BUY,4330
1736035919999000000,98265.52,2.679040,BUY,4331
1736035979999000000,98276.00,1.759070,BUY,4332
1736036039999000000,98304.79,4.890720,BUY,4333
1736036099999000000,98286.77,4.865970,SELL,4334
1736036159999000000,98331.99,2.890210,BUY,4335
1736036219999000000,98306.82,5.043860,SELL,4336
1736036279999000000,98355.82,5.719910,BUY,4337
1736036339999000000,98381.36,10.056120,BUY,4338
1736036399999000000,98354.45,10.233760,SELL,4339
1736036459999000000,98306.26,9.026760,SELL,4340
1736036519999000000,98272.73,4.742440,SELL,4341
1736036579999000000,98272.30,7.869670,SELL,4342
1736036639999000000,98219.61,8.379680,SELL,4343
1736036699999000000,98213.67,2.955130,SELL,4344
1736036759999000000,98213.67,1.034740,BUY,4345
1736036819999000000,98206.50,2.657260,SELL,4346
1736036879999000000,98206.50,3.386800,BUY,4347
1736036939999000000,98239.50,5.725640,BUY,4348
1736036999999000000,98272.31,2.786020,BUY,4349
1736037059999000000,98272.57,2.289210,BUY,4350
1736037119999000000,98258.53,3.218290,SELL,4351
1736037179999000000,98238.24,4.119280,SELL,4352
1736037239999000000,98300.00,5.515780,BUY,4353
1736037299999000000,98300.00,1.511270,BUY,4354
1736037359999000000,98290.20,2.030380,SELL,4355
1736037419999000000,98336.98,6.832180,BUY,4356
1736037479999000000,98334.07,6.481600,SELL,4357
1736037539999000000,98292.00,7.252250,SELL,4358
1736037599999000000,98313.36,3.181930,BUY,4359
1736037659999000000,98260.07,4.717720,SELL,4360
1736037719999000000,98266.42,1.699700,BUY,4361
1736037779999000000,98256.50,1.375450,SELL,4362
1736037839999000000,98254.75,0.996090,SELL,4363
1736037899999000000,98254.75,2.754930,BUY,4364
1736037959999000000,98279.83,2.504260,BUY,4365
1736038019999000000,98261.60,3.434820,SELL,4366
1736038079999000000,98244.92,1.591960,SELL,4367
1736038139999000000,98221.18,2.854810,SELL,4368
1736038199999000000,98221.17,1.551360,BUY,4369
1736038259999000000,98236.78,2.706930,BUY,4370
1736038319999000000,98212.12,1.942500,SELL,4371
1736038379999000000,98200.36,2.038990,SELL,4372
1736038439999000000,98234.55,4.298860,BUY,4373
1736038499999000000,98234.54,0.540660,SELL,4374
1736038559999000000,98224.02,2.094020,SELL,4375
1736038619999000000,98213.43,4.043690,SELL,4376
1736038679999000000,98213.44,0.964540,BUY,4377
1736038739999000000,98213.44,0.993560,BUY,4378
1736038799999000000,98213.43,3.634010,BUY,4379
1736038859999000000,98222.86,2.198200,BUY,4380
1736038919999000000,98215.63,2.425710,SELL,4381
1736038979999000000,98222.86,3.307110,BUY,4382
1736039039999000000,98222.86,1.339630,SELL,4383
1736039099999000000,98200.33,2.628060,SELL,4384
1736039159999000000,98181.02,2.794190,SELL,4385
1736039219999000000,98181.04,6.899430,BUY,4386
1736039279999000000,98158.34,6.892180,SELL,4387
1736039339999000000,98153.84,1.324170,SELL,4388
1736039399999000000,98185.75,4.119430,BUY,4389
1736039459999000000,98219.92,2.586220,BUY,4390
1736039519999000000,98231.69,4.268070,BUY,4391
1736039579999000000,98292.71,5.045470,BUY,4392
1736039639999000000,98281.77,6.831230,SELL,4393
1736039699999000000,98282.07,1.095530,BUY,4394
1736039759999000000,98267.35,1.783050,SELL,4395
1736039819999000000,98259.25,0.896330,SELL,4396
1736039879999000000,98302.62,2.771230,BUY,4397
1736039939999000000,98303.03,1.066920,BUY,4398
1736039999999000000,98322.34,4.282420,BUY,4399
1736040059999000000,98310.16,1.881970,SELL,4400
1736040119999000000,98310.16,1.638220,BUY,4401
1736040179999000000,98288.82,4.910720,SELL,4402
1736040239999000000,98278.90,1.613850,SELL,4403
1736040299999000000,98278.89,3.125680,SELL,4404
1736040359999000000,98252.28,6.462600,SELL,4405
1736040419999000000,98240.09,3.345250,SELL,4406
1736040479999000000,98233.33,2.833420,SELL,4407
1736040539999000000,98213.61,4.712490,SELL,4408
1736040599999000000,98213.61,4.115410,SELL,4409
1736040659999000000,98184.38,8.174000,SELL,4410
1736040719999000000,98141.37,8.534840,SELL,4411
1736040779999000000,98148.69,6.651030,BUY,4412
1736040839999000000,98176.20,12.865420,BUY,4413
1736040899999000000,98159.92,2.875640,SELL,4414
1736040959999000000,98150.00,2.092210,SELL,4415
1736041019999000000,98083.40,12.294370,SELL,4416
1736041079999000000,98088.77,7.380310,BUY,4417
1736041139999000000,98101.58,4.982640,BUY,4418
1736041199999000000,98090.90,8.326710,SELL,4419
1736041259999000000,98082.00,7.047190,SELL,4420
1736041319999000000,98131.69,3.077980,BUY,4421
1736041379999000000,98132.37,0.455130,BUY,4422
1736041439999000000,98150.00,1.341820,BUY,4423
1736041499999000000,98150.53,3.517530,BUY,4424
1736041559999000000,98141.27,6.491150,SELL,4425
1736041619999000000,98117.96,2.370520,SELL,4426
1736041679999000000,98080.00,5.158570,SELL,4427
1736041739999000000,98080.01,1.474800,BUY,4428
1736041799999000000,98059.61,4.993790,SELL,4429
1736041859999000000,98059.61,0.722760,BUY,4430
1736041919999000000,98058.82,2.225520,SELL,4431
1736041979999000000,98075.99,7.838600,BUY,4432
1736042039999000000,98050.01,2.526580,SELL,4433
1736042099999000000,98050.01,0.890810,BUY,4434
1736042159999000000,98050.01,1.101360,BUY,4435
1736042219999000000,98078.87,3.212230,BUY,4436
1736042279999000000,98100.00,3.637120,BUY,4437
1736042339999000000,98127.42,2.127350,BUY,4438
1736042399999000000,98123.53,3.780300,SELL,4439
1736042459999000000,98141.53,1.806020,BUY,4440
1736042519999000000,98141.53,0.879090,BUY,4441
1736042579999000000,98131.73,3.420270,SELL,4442
1736042639999000000,98149.99,1.479790,BUY,4443
1736042699999000000,98150.00,0.602450,BUY,4444
1736042759999000000,98149.99,0.866060,BUY,4445
1736042819999000000,98137.73,3.048800,SELL,4446
1736042879999000000,98150.00,1.365060,BUY,4447
1736042939999000000,98150.00,2.813700,BUY,4448
1736042999999000000,98184.43,11.297380,BUY,4449
1736043059999000000,98180.00,3.227810,SELL,4450
1736043119999000000,98198.04,1.582290,BUY,4451
1736043179999000000,98187.17,2.734950,SELL,4452
1736043239999000000,98171.33,2.345820,SELL,4453
1736043299999000000,98189.05,4.236120,BUY,4454
1736043359999000000,98189.06,0.662750,BUY,4455
1736043419999000000,98189.05,0.615860,SELL,4456
1736043479999000000,98181.81,1.624790,SELL,4457
1736043539999000000,98190.00,18.663410,BUY,4458
1736043599999000000,98179.79,1.314320,SELL,4459
1736043659999000000,98178.64,6.644640,SELL,4460
1736043719999000000,98175.18,8.546510,SELL,4461
1736043779999000000,98178.65,4.564940,BUY,4462
1736043839999000000,98209.69,3.191050,BUY,4463
1736043899999000000,98181.64,2.593460,SELL,4464
1736043959999000000,98154.32,1.379180,SELL,4465
1736044019999000000,98168.00,2.084120,BUY,4466
1736044079999000000,98212.13,3.309030,BUY,4467
1736044139999000000,98198.35,3.979790,SELL,4468
1736044199999000000,98181.82,2.045380,SELL,4469
1736044259999000000,98147.07,2.306330,SELL,4470
1736044319999000000,98112.20,4.494140,SELL,4471
1736044379999000000,98105.42,0.667090,SELL,4472
1736044439999000000,98114.98,10.969340,BUY,4473
1736044499999000000,98148.00,2.504480,BUY,4474
1736044559999000000,98149.99,1.557490,BUY,4475
1736044619999000000,98114.65,4.308210,SELL,4476
1736044679999000000,98181.82,3.593560,BUY,4477
1736044739999000000,98158.71,1.908740,SELL,4478
1736044799999000000,98129.66,3.966220,SELL,4479
1736044859999000000,98152.40,2.485520,BUY,4480
1736044919999000000,98154.33,1.111130,BUY,4481
1736044979999000000,98135.55,2.333880,SELL,4482
1736045039999000000,98151.31,1.230720,BUY,4483
1736045099999000000,98154.34,0.357880,BUY,4484
1736045159999000000,98160.63,5.734750,BUY,4485
1736045219999000000,98154.34,1.732730,SELL,4486
1736045279999000000,98179.27,1.294760,BUY,4487
1736045339999000000,98167.09,7.911980,SELL,4488
1736045399999000000,98167.10,3.967310,BUY,4489
1736045459999000000,98171.42,2.097090,BUY,4490
1736045519999000000,98171.42,0.445170,BUY,4491
1736045579999000000,98171.43,0.251030,BUY,4492
1736045639999000000,98171.43,2.051140,BUY,4493
1736045699999000000,98164.37,4.083310,SELL,4494
1736045759999000000,98164.38,0.549890,BUY,4495
1736045819999000000,98199.99,3.131500,BUY,4496
1736045879999000000,98212.12,4.204650,BUY,4497
1736045939999000000,98218.94,2.083450,BUY,4498
1736045999999000000,98227.48,1.278460,BUY,4499
1736046059999000000,98227.43,5.711390,SELL,4500
1736046119999000000,98200.00,2.576950,SELL,4501
1736046179999000000,98198.93,0.762760,SELL,4502
1736046239999000000,98198.93,0.852620,BUY,4503
1736046299999000000,98184.06,1.081950,SELL,4504
1736046359999000000,98188.76,0.845720,BUY,4505
1736046419999000000,98165.18,2.419740,SELL,4506
1736046479999000000,98155.33,0.992000,SELL,4507
1736046539999000000,98155.33,0.522580,SELL,4508
1736046599999000000,98180.31,3.725630,BUY,4509
1736046659999000000,98180.31,0.656130,BUY,4510
1736046719999000000,98188.01,3.709150,BUY,4511
1736046779999000000,98188.02,0.365710,BUY,4512
1736046839999000000,98188.00,0.772710,SELL,4513
1736046899999000000,98177.54,0.785610,SELL,4514
1736046959999000000,98177.54,1.141280,SELL,4515
1736047019999000000,98177.54,2.959860,BUY,4516
1736047079999000000,98177.54,1.074940,SELL,4517
1736047139999000000,98138.91,4.782130,SELL,4518
1736047199999000000,98118.71,2.877080,SELL,4519
1736047259999000000,98139.99,1.507660,BUY,4520
1736047319999000000,98122.26,1.375760,SELL,4521
1736047379999000000,98121.22,0.659420,SELL,4522
1736047439999000000,98121.21,1.224460,BUY,4523
1736047499999000000,98115.30,1.403390,SELL,4524
1736047559999000000,98122.33,3.437790,BUY,4525
1736047619999000000,98184.91,3.072090,BUY,4526
1736047679999000000,98170.13,4.629840,SELL,4527
1736047739999000000,98152.01,5.494510,SELL,4528
1736047799999000000,98152.01,0.961310,SELL,4529
1736047859999000000,98128.03,3.474480,SELL,4530
1736047919999000000,98123.93,1.503450,SELL,4531
1736047979999000000,98121.82,2.786680,SELL,4532
1736048039999000000,98139.65,1.930680,BUY,4533
1736048099999000000,98133.62,1.263130,SELL,4534
1736048159999000000,98152.01,3.653220,BUY,4535
1736048219999000000,98178.03,7.363380,BUY,4536
1736048279999000000,98157.28,4.818180,SELL,4537
1736048339999000000,98152.03,2.897120,SELL,4538
1736048399999000000,98150.69,0.815320,SELL,4539
1736048459999000000,98135.61,3.643030,SELL,4540
1736048519999000000,98111.37,2.545380,SELL,4541
1736048579999000000,98105.03,1.251430,SELL,4542
1736048639999000000,98105.02,3.378820,BUY,4543
1736048699999000000,98100.00,1.953300,SELL,4544
1736048759999000000,98069.00,8.421070,SELL,4545
1736048819999000000,98093.60,3.494560,BUY,4546
1736048879999000000,98105.03,2.501370,BUY,4547
1736048939999000000,98114.26,1.593880,BUY,4548
1736048999999000000,98150.70,4.462440,BUY,4549
1736049059999000000,98150.69,2.018750,BUY,4550
1736049119999000000,98150.69,1.465870,SELL,4551
1736049179999000000,98150.69,1.195940,BUY,4552
1736049239999000000,98150.69,1.035080,SELL,4553
1736049299999000000,98147.91,2.460230,SELL,4554
1736049359999000000,98166.08,3.401120,BUY,4555
1736049419999000000,98166.08,1.612240,BUY,4556
1736049479999000000,98166.08,0.624470,SELL,4557
1736049539999000000,98187.96,10.418800,BUY,4558
1736049599999000000,98187.96,0.872160,BUY,4559
1736049659999000000,98237.25,4.191990,BUY,4560
1736049719999000000,98259.09,4.548100,BUY,4561
1736049779999000000,98259.35,5.856570,BUY,4562
1736049839999000000,98269.98,1.705650,BUY,4563
1736049899999000000,98270.00,4.563870,BUY,4564
1736049959999000000,98268.58,4.723770,SELL,4565
1736050019999000000,98299.99,4.439640,BUY,4566
1736050079999000000,98299.99,1.288120,SELL,4567
1736050139999000000,98309.82,4.290970,BUY,4568
1736050199999000000,98343.00,3.184910,BUY,4569
1736050259999000000,98321.83,4.829140,SELL,4570
1736050319999000000,98379.99,15.886040,BUY,4571
1736050379999000000,98361.53,2.921740,SELL,4572
1736050439999000000,98284.78,35.333230,SELL,4573
1736050499999000000,98266.86,3.154390,SELL,4574
1736050559999000000,98252.01,4.714940,SELL,4575
1736050619999000000,98266.86,2.025220,BUY,4576
1736050679999000000,98276.90,1.553920,BUY,4577
1736050739999000000,98300.01,8.304190,BUY,4578
1736050799999000000,98289.83,4.925620,SELL,4579
1736050859999000000,98355.89,1.990920,BUY,4580
1736050919999000000,98378.00,3.174660,BUY,4581
1736050979999000000,98378.00,0.989550,BUY,4582
1736051039999000000,98377.98,1.554030,SELL,4583
1736051099999000000,98377.99,0.803560,BUY,4584
1736051159999000000,98412.15,15.058920,BUY,4585
1736051219999000000,98436.84,6.144200,BUY,4586
1736051279999000000,98510.81,12.372830,BUY,4587
1736051339999000000,98522.75,4.782140,BUY,4588
1736051399999000000,98487.16,9.003720,SELL,4589
1736051459999000000,98469.13,9.599660,SELL,4590
1736051519999000000,98444.83,3.683800,SELL,4591
1736051579999000000,98443.03,4.405660,SELL,4592
1736051639999000000,98464.30,2.655620,BUY,4593
1736051699999000000,98431.75,2.129930,SELL,4594
1736051759999000000,98411.10,2.156660,SELL,4595
1736051819999000000,98447.36,2.781880,BUY,4596
1736051879999000000,98447.37,1.252910,BUY,4597
1736051939999000000,98455.68,1.245990,BUY,4598
1736051999999000000,98471.58,1.387770,BUY,4599
1736052059999000000,98438.64,1.814980,SELL,4600
1736052119999000000,98438.00,0.911540,SELL,4601
1736052179999000000,98428.01,1.301040,SELL,4602
1736052239999000000,98409.79,2.365350,SELL,4603
1736052299999000000,98391.67,3.507750,SELL,4604
1736052359999000000,98366.25,1.760800,SELL,4605
1736052419999000000,98366.25,0.649310,BUY,4606
1736052479999000000,98367.15,1.859950,BUY,4607
1736052539999000000,98386.46,1.277480,BUY,4608
1736052599999000000,98386.42,0.372760,SELL,4609
1736052659999000000,98376.43,1.135460,SELL,4610
1736052719999000000,98376.42,1.384830,SELL,4611
1736052779999000000,98388.71,1.272820,BUY,4612
1736052839999000000,98388.72,1.321790,BUY,4613
1736052899999000000,98380.02,1.940900,SELL,4614
1736052959999000000,98361.28,1.439410,SELL,4615
1736053019999000000,98348.16,3.070130,SELL,4616
1736053079999000000,98357.45,0.921910,BUY,4617
1736053139999000000,98357.46,0.456030,BUY,4618
1736053199999000000,98357.46,0.276100,BUY,4619
1736053259999000000,98381.04,3.192470,BUY,4620
1736053319999000000,98381.05,1.708140,BUY,4621
1736053379999000000,98376.10,1.571630,SELL,4622
1736053439999000000,98363.64,1.020370,SELL,4623
1736053499999000000,98363.63,0.820800,SELL,4624
1736053559999000000,98358.49,1.534680,SELL,4625
1736053619999000000,98350.00,4.883700,SELL,4626
1736053679999000000,98359.56,3.929460,BUY,4627
1736053739999000000,98359.56,0.805860,BUY,4628
1736053799999000000,98350.01,1.246050,SELL,4629
1736053859999000000,98339.50,5.845810,SELL,4630
1736053919999000000,98342.54,1.144420,BUY,4631
1736053979999000000,98318.64,7.440760,SELL,4632
1736054039999000000,98313.93,1.865140,SELL,4633
1736054099999000000,98318.63,1.173320,BUY,4634
1736054159999000000,98315.66,1.082320,SELL,4635
1736054219999000000,98300.03,3.000430,SELL,4636
1736054279999000000,98300.03,1.401020,BUY,4637
1736054339999000000,98302.51,1.592120,BUY,4638
1736054399999000000,98300.00,1.293800,SELL,4639
1736054459999000000,98280.69,7.727730,SELL,4640
1736054519999000000,98333.34,10.415400,BUY,4641
1736054579999000000,98349.99,1.160530,BUY,4642
1736054639999000000,98350.00,2.168810,BUY,4643
1736054699999000000,98341.09,8.715240,SELL,4644
1736054759999000000,98376.22,5.262900,BUY,4645
1736054819999000000,98414.42,7.356750,BUY,4646
1736054879999000000,98410.68,4.119850,SELL,4647
1736054939999000000,98424.25,3.958910,BUY,4648
1736054999999000000,98425.96,0.361940,BUY,4649
1736055059999000000,98450.00,6.169920,BUY,4650
1736055119999000000,98464.01,10.804730,BUY,4651
1736055179999000000,98409.38,3.644780,SELL,4652
1736055239999000000,98400.00,2.960580,SELL,4653
1736055299999000000,98388.35,6.265330,SELL,4654
1736055359999000000,98365.52,3.042670,SELL,4655
1736055419999000000,98350.00,1.367530,SELL,4656
1736055479999000000,98346.49,7.285870,SELL,4657
1736055539999000000,98360.00,3.727830,BUY,4658
1736055599999000000,98365.52,0.888140,BUY,4659
1736055659999000000,98368.91,5.670370,BUY,4660
1736055719999000000,98384.99,0.499240,BUY,4661
1736055779999000000,98385.00,0.265280,BUY,4662
1736055839999000000,98385.03,10.795350,BUY,4663
1736055899999000000,98374.55,3.334610,SELL,4664
1736055959999000000,98351.39,2.266060,SELL,4665
1736056019999000000,98342.27,1.574890,SELL,4666
1736056079999000000,98337.05,1.978650,SELL,4667
1736056139999000000,98327.17,0.623870,SELL,4668
1736056199999000000,98305.03,2.480320,SELL,4669
1736056259999000000,98310.62,2.502700,BUY,4670
1736056319999000000,98314.96,0.444630,BUY,4671
1736056379999000000,98309.21,0.766210,SELL,4672
1736056439999000000,98361.51,6.374790,BUY,4673
1736056499999000000,98376.55,5.119890,BUY,4674
1736056559999000000,98390.51,3.530410,BUY,4675
1736056619999000000,98380.00,2.947680,SELL,4676
1736056679999000000,98364.37,2.212790,SELL,4677
1736056739999000000,98366.46,6.419140,BUY,4678
1736056799999000000,98358.98,8.885360,SELL,4679
1736056859999000000,98358.98,2.371560,BUY,4680
1736056919999000000,98358.97,0.478580,SELL,4681
1736056979999000000,98344.74,1.903160,SELL,4682
1736057039999000000,98304.84,3.745790,SELL,4683
1736057099999000000,98314.67,1.311420,BUY,4684
1736057159999000000,98314.67,1.647290,BUY,4685
1736057219999000000,98314.68,0.912840,BUY,4686
1736057279999000000,98335.99,3.333790,BUY,4687
1736057339999000000,98333.32,0.959900,SELL,4688
1736057399999000000,98322.74,1.006110,SELL,4689
1736057459999000000,98312.30,1.009860,SELL,4690
1736057519999000000,98312.30,0.559100,BUY,4691
1736057579999000000,98304.84,1.904180,SELL,4692
1736057639999000000,98311.99,3.332150,BUY,4693
1736057699999000000,98311.99,0.917840,BUY,4694
1736057759999000000,98335.99,3.020540,BUY,4695
1736057819999000000,98336.00,0.565820,BUY,4696
1736057879999000000,98336.00,0.736660,BUY,4697
1736057939999000000,98336.00,0.389450,BUY,4698
1736057999999000000,98338.65,10.610510,BUY,4699
1736058059999000000,98336.36,3.927280,SELL,4700
1736058119999000000,98377.99,1.595030,BUY,4701
1736058179999000000,98361.73,5.457720,SELL,4702
1736058239999000000,98384.79,1.897390,BUY,4703
1736058299999000000,98376.00,0.827750,SELL,4704
1736058359999000000,98369.70,1.062730,SELL,4705
1736058419999000000,98386.19,4.516430,BUY,4706
1736058479999000000,98386.20,1.211490,BUY,4707
1736058539999000000,98370.34,0.687240,SELL,4708
1736058599999000000,98370.35,0.532510,BUY,4709
1736058659999000000,98388.16,1.259250,BUY,4710
1736058719999000000,98400.00,3.800100,BUY,4711
1736058779999000000,98399.99,2.455870,SELL,4712
1736058839999000000,98390.17,2.273850,SELL,4713
1736058899999000000,98388.58,4.351690,SELL,4714
1736058959999000000,98388.59,0.395450,BUY,4715
1736059019999000000,98371.31,1.433360,SELL,4716
1736059079999000000,98353.54,0.842990,SELL,4717
1736059139999000000,98353.53,1.626790,BUY,4718
1736059199999000000,98352.54,0.651690,SELL,4719
1736059259999000000,98339.57,1.277340,SELL,4720
1736059319999000000,98363.97,4.634600,BUY,4721
1736059379999000000,98363.98,0.407690,BUY,4722
1736059439999000000,98388.58,1.434180,BUY,4723
1736059499999000000,98388.58,0.694840,SELL,4724
1736059559999000000,98388.59,1.219890,BUY,4725
1736059619999000000,98367.38,3.840400,SELL,4726
1736059679999000000,98388.00,2.916950,BUY,4727
1736059739999000000,98380.44,3.377940,SELL,4728
1736059799999000000,98440.93,10.056880,BUY,4729
1736059859999000000,98475.46,7.406960,BUY,4730
1736059919999000000,98469.52,4.314690,SELL,4731
1736059979999000000,98489.41,3.560180,BUY,4732
1736060039999000000,98470.45,12.851730,SELL,4733
1736060099999000000,98477.28,2.682420,BUY,4734
1736060159999000000,98470.45,0.970710,SELL,4735
1736060219999000000,98470.44,0.664950,SELL,4736
1736060279999000000,98470.44,0.836000,BUY,4737
1736060339999000000,98470.44,2.859360,BUY,4738
1736060399999000000,98451.47,2.080430,SELL,4739
1736060459999000000,98432.01,1.576240,SELL,4740
1736060519999000000,98432.01,1.245300,BUY,4741
1736060579999000000,98459.99,6.497660,BUY,4742
1736060639999000000,98454.39,0.814770,SELL,4743
1736060699999000000,98458.45,4.975410,BUY,4744
1736060759999000000,98464.83,1.082100,BUY,4745
1736060819999000000,98464.83,0.562570,BUY,4746
1736060879999000000,98464.83,0.721140,SELL,4747
1736060939999000000,98464.83,3.120850,BUY,4748
1736060999999000000,98441.43,2.657550,SELL,4749
1736061059999000000,98401.90,11.137650,SELL,4750
1736061119999000000,98401.89,0.799360,BUY,4751
1736061179999000000,98392.04,6.245370,SELL,4752
1736061239999000000,98379.88,3.300610,SELL,4753
1736061299999000000,98376.01,1.140200,SELL,4754
1736061359999000000,98378.44,2.383370,BUY,4755
1736061419999000000,98378.08,0.998420,SELL,4756
1736061479999000000,98387.92,1.273260,BUY,4757
1736061539999000000,98387.91,1.802710,BUY,4758
1736061599999000000,98383.97,2.347460,SELL,4759
1736061659999000000,98383.97,0.684410,BUY,4760
1736061719999000000,98383.98,1.047080,BUY,4761
1736061779999000000,98383.98,0.706660,BUY,4762
1736061839999000000,98388.00,2.112910,BUY,4763
1736061899999000000,98399.99,0.944280,BUY,4764
1736061959999000000,98400.00,2.275370,BUY,4765
1736062019999000000,98400.00,0.709520,BUY,4766
1736062079999000000,98387.93,3.511070,SELL,4767
1736062139999000000,98366.17,1.839380,SELL,4768
1736062199999000000,98339.97,3.343100,SELL,4769
1736062259999000000,98345.87,1.973700,BUY,4770
1736062319999000000,98346.00,0.885340,BUY,4771
1736062379999000000,98328.88,5.594400,SELL,4772
1736062439999000000,98328.88,1.347770,BUY,4773
1736062499999000000,98328.88,0.605950,SELL,4774
1736062559999000000,98328.88,0.658370,SELL,4775
1736062619999000000,98336.66,3.000870,BUY,4776
1736062679999000000,98355.83,1.358620,BUY,4777
1736062739999000000,98345.74,2.191270,SELL,4778
1736062799999000000,98345.75,1.040360,BUY,4779
1736062859999000000,98345.74,0.415960,BUY,4780
1736062919999000000,98345.75,0.852130,BUY,4781
1736062979999000000,98345.74,0.614320,BUY,4782
1736063039999000000,98345.74,1.212460,BUY,4783
1736063099999000000,98345.75,0.653700,BUY,4784
1736063159999000000,98333.34,2.704340,SELL,4785
1736063219999000000,98320.40,1.477150,SELL,4786
1736063279999000000,98313.51,5.958730,SELL,4787
1736063339999000000,98313.51,0.779290,BUY,4788
1736063399999000000,98313.50,0.507050,BUY,4789
1736063459999000000,98313.51,1.694200,BUY,4790
1736063519999000000,98313.51,0.863780,BUY,4791
1736063579999000000,98313.51,0.931890,BUY,4792
1736063639999000000,98295.19,2.256190,SELL,4793
1736063699999000000,98294.32,0.809870,SELL,4794
1736063759999000000,98285.23,0.961060,SELL,4795
1736063819999000000,98280.17,1.017500,SELL,4796
1736063879999000000,98280.16,0.619360,BUY,4797
1736063939999000000,98268.77,2.241900,SELL,4798
1736063999999000000,98268.77,1.228380,BUY,4799
1736064059999000000,98180.69,36.951020,SELL,4800
1736064119999000000,98119.91,10.739730,SELL,4801
1736064179999000000,98093.48,4.505780,SELL,4802
1736064239999000000,98000.01,41.808280,SELL,4803
1736064299999000000,97961.48,23.128440,SELL,4804
1736064359999000000,97958.43,5.979870,SELL,4805
1736064419999000000,98021.00,9.837660,BUY,4806
1736064479999000000,97953.07,24.318700,SELL,4807
1736064539999000000,97984.52,5.595150,BUY,4808
1736064599999000000,97957.61,6.832180,SELL,4809
1736064659999000000,97948.00,7.171870,SELL,4810
1736064719999000000,97950.85,5.082690,BUY,4811
1736064779999000000,97936.32,13.828880,SELL,4812
1736064839999000000,97974.28,8.046130,BUY,4813
1736064899999000000,97951.01,10.000710,SELL,4814
1736064959999000000,97926.86,13.702610,SELL,4815
1736065019999000000,97904.55,10.560850,SELL,4816
1736065079999000000,97839.56,23.628450,SELL,4817
1736065139999000000,97844.00,13.414240,BUY,4818
1736065199999000000,97851.36,42.907720,BUY,4819
1736065259999000000,97818.88,8.981210,SELL,4820
1736065319999000000,97828.52,10.985580,BUY,4821
1736065379999000000,97866.99,4.814180,BUY,4822
1736065439999000000,97842.99,15.843640,SELL,4823
1736065499999000000,97870.62,3.163860,BUY,4824
1736065559999000000,97880.00,7.403010,BUY,4825
1736065619999000000,97895.82,10.445700,BUY,4826
1736065679999000000,97908.27,4.207010,BUY,4827
1736065739999000000,97912.44,4.364750,BUY,4828
1736065799999000000,97897.10,4.181150,SELL,4829
1736065859999000000,97861.22,17.008290,SELL,4830
1736065919999000000,97869.00,1.951430,BUY,4831
1736065979999000000,97885.34,2.016040,BUY,4832
1736066039999000000,97887.60,1.421240,BUY,4833
1736066099999000000,97893.73,3.791470,BUY,4834
1736066159999000000,97910.90,4.340840,BUY,4835
1736066219999000000,97921.99,11.919930,BUY,4836
1736066279999000000,97921.99,1.807780,BUY,4837
1736066339999000000,97922.00,1.657320,BUY,4838
1736066399999000000,97916.00,8.529820,SELL,4839
1736066459999000000,97888.07,2.640500,SELL,4840
1736066519999000000,97858.93,7.004190,SELL,4841
1736066579999000000,97838.66,3.361000,SELL,4842
1736066639999000000,97849.91,1.599290,BUY,4843
1736066699999000000,97885.30,2.900520,BUY,4844
1736066759999000000,97874.25,3.615480,SELL,4845
1736066819999000000,97911.36,2.883160,BUY,4846
1736066879999000000,97888.34,1.835340,SELL,4847
1736066939999000000,97873.53,1.539520,SELL,4848
1736066999999000000,97827.84,3.762060,SELL,4849
1736067059999000000,97833.61,1.935490,BUY,4850
1736067119999000000,97833.61,1.649230,BUY,4851
1736067179999000000,97833.61,0.991700,BUY,4852
1736067239999000000,97850.00,3.070900,BUY,4853
1736067299999000000,97846.05,9.752910,SELL,4854
1736067359999000000,97846.05,0.646830,SELL,4855
1736067419999000000,97871.37,6.483750,BUY,4856
1736067479999000000,97822.01,3.245090,SELL,4857
1736067539999000000,97822.01,1.777180,BUY,4858
1736067599999000000,97861.04,4.169950,BUY,4859
1736067659999000000,97874.07,6.126170,BUY,4860
1736067719999000000,97886.97,1.157810,BUY,4861
1736067779999000000,97858.14,6.602900,SELL,4862
1736067839999000000,97844.00,1.393710,SELL,4863
1736067899999000000,97838.39,2.469500,SELL,4864
1736067959999000000,97817.56,2.195580,SELL,4865
1736068019999000000,97829.64,3.111510,BUY,4866
1736068079999000000,97814.73,2.154200,SELL,4867
1736068139999000000,97829.64,3.247310,BUY,4868
1736068199999000000,97848.88,3.370140,BUY,4869
1736068259999000000,97860.70,2.155840,BUY,4870
1736068319999000000,97867.19,2.054180,BUY,4871
1736068379999000000,97887.19,2.020620,BUY,4872
1736068439999000000,97927.72,4.181820,BUY,4873
1736068499999000000,97904.20,8.538120,SELL,4874
1736068559999000000,97922.86,2.917010,BUY,4875
1736068619999000000,97936.35,1.180810,BUY,4876
1736068679999000000,97939.99,1.055960,BUY,4877
1736068739999000000,97939.99,6.033920,BUY,4878
1736068799999000000,97904.22,8.675810,SELL,4879
1736068859999000000,97885.72,6.474870,SELL,4880
1736068919999000000,97861.24,2.103230,SELL,4881
1736068979999000000,97840.84,5.110210,SELL,4882
1736069039999000000,97840.00,2.123380,SELL,4883
1736069099999000000,97838.12,1.201150,SELL,4884
1736069159999000000,97859.55,2.582120,BUY,4885
1736069219999000000,97859.55,0.461120,BUY,4886
1736069279999000000,97843.73,2.192130,SELL,4887
1736069339999000000,97843.73,1.178270,BUY,4888
1736069399999000000,97819.33,2.674670,SELL,4889
1736069459999000000,97813.11,1.276250,SELL,4890
1736069519999000000,97822.45,6.498280,BUY,4891
1736069579999000000,97800.01,4.157250,SELL,4892
1736069639999000000,97800.00,7.380590,BUY,4893
1736069699999000000,97800.01,0.942540,BUY,4894
1736069759999000000,97800.00,3.179810,SELL,4895
1736069819999000000,97856.73,9.403200,BUY,4896
1736069879999000000,97856.73,1.009800,BUY,4897
1736069939999000000,97873.41,15.779290,BUY,4898
1736069999999000000,97856.74,2.208480,SELL,4899
1736070059999000000,97860.83,3.525690,BUY,4900
1736070119999000000,97870.68,1.474150,BUY,4901
1736070179999000000,97882.48,2.841270,BUY,4902
1736070239999000000,97894.26,1.562730,BUY,4903
1736070299999000000,97899.99,5.750830,BUY,4904
1736070359999000000,97889.79,11.919560,SELL,4905
1736070419999000000,97888.74,2.528690,SELL,4906
1736070479999000000,97837.22,8.058960,SELL,4907
1736070539999000000,97831.30,3.472630,SELL,4908
1736070599999000000,97800.00,36.244180,SELL,4909
1736070659999000000,97777.78,7.811740,SELL,4910
1736070719999000000,97768.00,7.826910,SELL,4911
1736070779999000000,97733.60,14.698810,SELL,4912
1736070839999000000,97738.28,3.774030,BUY,4913
1736070899999000000,97704.91,4.844880,SELL,4914
1736070959999000000,97700.68,5.369440,SELL,4915
1736071019999000000,97726.99,18.093960,BUY,4916
1736071079999000000,97684.28,13.718940,SELL,4917
1736071139999000000,97657.89,14.419250,SELL,4918
1736071199999000000,97652.20,24.619250,SELL,4919
1736071259999000000,97661.97,4.648360,BUY,4920
1736071319999000000,97648.73,6.223830,SELL,4921
1736071379999000000,97606.06,52.669220,SELL,4922
1736071439999000000,97667.59,18.928970,BUY,4923
1736071499999000000,97702.75,5.018140,BUY,4924
1736071559999000000,97691.72,9.824540,SELL,4925
1736071619999000000,97649.85,5.026690,SELL,4926
1736071679999000000,97669.23,3.403490,BUY,4927
1736071739999000000,97724.14,10.891310,BUY,4928
1736071799999000000,97710.00,8.026300,SELL,4929
1736071859999000000,97709.99,1.880090,BUY,4930
1736071919999000000,97732.62,14.724350,BUY,4931
1736071979999000000,97759.33,19.288990,BUY,4932
1736072039999000000,97750.00,10.637590,SELL,4933
1736072099999000000,97724.81,7.557490,SELL,4934
1736072159999000000,97716.00,8.445260,SELL,4935
1736072219999000000,97680.01,4.151950,SELL,4936
1736072279999000000,97718.37,5.320760,BUY,4937
1736072339999000000,97756.47,7.738870,BUY,4938
1736072399999000000,97751.48,7.448920,SELL,4939
1736072459999000000,97747.28,1.559540,SELL,4940
1736072519999000000,97745.61,2.111260,SELL,4941
1736072579999000000,97722.88,2.860330,SELL,4942
1736072639999000000,97701.93,0.944850,SELL,4943
1736072699999000000,97623.68,5.209910,SELL,4944
1736072759999000000,97634.69,3.645380,BUY,4945
1736072819999000000,97634.68,1.470910,SELL,4946
1736072879999000000,97634.68,1.371240,BUY,4947
1736072939999000000,97605.32,2.396310,SELL,4948
1736072999999000000,97600.02,2.433780,SELL,4949
1736073059999000000,97625.30,11.644760,BUY,4950
1736073119999000000,97661.44,6.735540,BUY,4951
1736073179999000000,97663.01,3.191400,BUY,4952
1736073239999000000,97663.00,1.767510,BUY,4953
1736073299999000000,97667.70,3.311150,BUY,4954
1736073359999000000,97689.18,4.099600,BUY,4955
1736073419999000000,97672.81,1.648910,SELL,4956
1736073479999000000,97715.24,9.327430,BUY,4957
1736073539999000000,97715.23,4.053420,SELL,4958
1736073599999000000,97704.28,2.151280,SELL,4959
1736073659999000000,97705.51,0.607560,BUY,4960
1736073719999000000,97705.50,2.047110,BUY,4961
1736073779999000000,97700.00,4.136110,SELL,4962
1736073839999000000,97699.73,1.797530,SELL,4963
1736073899999000000,97695.00,1.383810,SELL,4964
1736073959999000000,97695.00,2.326780,BUY,4965
1736074019999000000,97695.00,0.629900,BUY,4966
1736074079999000000,97695.01,2.287320,BUY,4967
1736074139999000000,97748.80,10.911290,BUY,4968
1736074199999000000,97727.27,1.573430,SELL,4969
1736074259999000000,97738.49,1.750510,BUY,4970
1736074319999000000,97704.71,1.957690,SELL,4971
1736074379999000000,97700.00,0.774590,SELL,4972
1736074439999000000,97700.01,0.501260,BUY,4973
1736074499999000000,97711.22,3.459290,BUY,4974
1736074559999000000,97727.69,3.903070,BUY,4975
1736074619999000000,97727.71,3.709370,BUY,4976
1736074679999000000,97737.49,2.174480,BUY,4977
1736074739999000000,97737.49,1.320410,SELL,4978
1736074799999000000,97737.48,0.749480,BUY,4979
1736074859999000000,97727.81,3.788780,SELL,4980
1736074919999000000,97717.99,3.892150,SELL,4981
1736074979999000000,97714.29,4.296200,SELL,4982
1736075039999000000,97740.44,3.158500,BUY,4983
1736075099999000000,97745.74,1.329850,BUY,4984
1736075159999000000,97767.64,4.548980,BUY,4985
1736075219999000000,97709.50,3.333960,SELL,4986
1736075279999000000,97700.00,1.157360,SELL,4987
1736075339999000000,97691.30,1.632980,SELL,4988
1736075399999000000,97685.54,0.745590,SELL,4989
1736075459999000000,97688.62,3.171530,BUY,4990
1736075519999000000,97688.63,1.488720,BUY,4991
1736075579999000000,97688.63,0.723840,BUY,4992
1736075639999000000,97706.20,2.358170,BUY,4993
1736075699999000000,97706.19,0.765120,SELL,4994
1736075759999000000,97706.20,0.966120,BUY,4995
1736075819999000000,97764.96,5.407790,BUY,4996
1736075879999000000,97811.25,18.047490,BUY,4997
1736075939999000000,97786.03,5.096260,SELL,4998
1736075999999000000,97822.12,4.556400,BUY,4999
1736076059999000000,97796.54,1.653340,SELL,5000
1736076119999000000,97792.00,3.020660,SELL,5001
1736076179999000000,97792.01,2.365970,BUY,5002
1736076239999000000,97770.27,1.813780,SELL,5003
1736076299999000000,97768.90,4.164760,SELL,5004
1736076359999000000,97762.16,1.253780,SELL,5005
1736076419999000000,97762.15,1.216710,BUY,5006
1736076479999000000,97750.01,2.875460,SELL,5007
1736076539999000000,97727.27,1.488620,SELL,5008
1736076599999000000,97727.27,0.659410,SELL,5009
1736076659999000000,97727.27,4.310220,BUY,5010
1736076719999000000,97696.97,4.663150,SELL,5011
1736076779999000000,97678.00,1.370500,SELL,5012
1736076839999000000,97647.54,2.880840,SELL,5013
1736076899999000000,97625.94,2.673470,SELL,5014
1736076959999000000,97648.58,11.232360,BUY,5015
1736077019999000000,97634.07,1.693480,SELL,5016
1736077079999000000,97646.04,1.818040,BUY,5017
1736077139999000000,97666.05,1.865770,BUY,5018
1736077199999000000,97671.00,1.646590,BUY,5019
1736077259999000000,97641.36,2.116590,SELL,5020
1736077319999000000,97658.09,2.287050,BUY,5021
1736077379999000000,97640.51,2.650010,SELL,5022
1736077439999000000,97640.51,0.714520,BUY,5023
1736077499999000000,97668.62,3.418510,BUY,5024
1736077559999000000,97652.01,3.300540,SELL,5025
1736077619999000000,97661.46,2.783160,BUY,5026
1736077679999000000,97648.48,2.308710,SELL,5027
1736077739999000000,97653.88,1.139810,BUY,5028
1736077799999000000,97664.89,5.372640,BUY,5029
1736077859999000000,97644.97,2.795630,SELL,5030
1736077919999000000,97640.50,2.827600,SELL,5031
1736077979999000000,97640.21,1.239030,SELL,5032
1736078039999000000,97632.00,4.747150,SELL,5033
1736078099999000000,97616.55,4.217530,SELL,5034
1736078159999000000,97623.99,10.873770,BUY,5035
1736078219999000000,97640.50,2.514210,BUY,5036
1736078279999000000,97641.63,4.326460,BUY,5037
1736078339999000000,97641.63,1.108760,BUY,5038
1736078399999000000,97641.63,0.843330,BUY,5039
1736078459999000000,97646.64,4.028440,BUY,5040
1736078519999000000,97646.64,1.680570,SELL,5041
1736078579999000000,97646.64,1.480080,SELL,5042
1736078639999000000,97646.64,1.047130,BUY,5043
1736078699999000000,97669.87,4.320630,BUY,5044
1736078759999000000,97669.86,2.558590,SELL,5045
1736078819999000000,97655.33,4.131280,SELL,5046
1736078879999000000,97654.78,2.517830,SELL,5047
1736078939999000000,97648.11,0.931020,SELL,5048
1736078999999000000,97605.45,5.410370,SELL,5049
1736079059999000000,97602.56,2.122850,SELL,5050
1736079119999000000,97590.81,12.896110,SELL,5051
1736079179999000000,97667.67,13.101750,BUY,5052
1736079239999000000,97693.42,2.404320,BUY,5053
1736079299999000000,97737.64,7.180050,BUY,5054
1736079359999000000,97732.82,4.706200,SELL,5055
1736079419999000000,97757.57,2.638660,BUY,5056
1736079479999000000,97777.65,4.989910,BUY,5057
1736079539999000000,97831.07,5.970240,BUY,5058
1736079599999000000,97851.83,22.374490,BUY,5059
1736079659999000000,97777.64,5.249030,SELL,5060
1736079719999000000,97811.46,12.105930,BUY,5061
1736079779999000000,97797.19,2.110760,SELL,5062
1736079839999000000,97791.31,1.414000,SELL,5063
1736079899999000000,97774.04,2.687060,SELL,5064
1736079959999000000,97716.04,8.589240,SELL,5065
1736080019999000000,97680.02,8.213490,SELL,5066
1736080079999000000,97775.20,10.007210,BUY,5067
1736080139999000000,97741.93,4.221090,SELL,5068
1736080199999000000,97717.27,2.650190,SELL,5069
1736080259999000000,97733.28,6.532420,BUY,5070
1736080319999000000,97748.73,5.456610,BUY,5071
1736080379999000000,97741.42,2.584160,SELL,5072
1736080439999000000,97708.02,4.633850,SELL,5073
1736080499999000000,97720.15,2.823250,BUY,5074
1736080559999000000,97722.37,2.042920,BUY,5075
1736080619999000000,97673.68,11.026550,SELL,5076
1736080679999000000,97710.07,6.283750,BUY,5077
1736080739999000000,97733.58,12.733030,BUY,5078
1736080799999000000,97756.86,7.080580,BUY,5079
1736080859999000000,97780.50,3.135470,BUY,5080
1736080919999000000,97795.99,1.120380,BUY,5081
1736080979999000000,97743.22,4.806420,SELL,5082
1736081039999000000,97743.22,1.629530,BUY,5083
1736081099999000000,97769.66,2.978350,BUY,5084
1736081159999000000,97795.98,6.426640,BUY,5085
1736081219999000000,97790.04,3.190770,SELL,5086
1736081279999000000,97858.96,5.578490,BUY,5087
1736081339999000000,97842.00,4.189190,SELL,5088
1736081399999000000,97875.99,4.304650,BUY,5089
1736081459999000000,97850.32,7.358440,SELL,5090
1736081519999000000,97879.47,3.321510,BUY,5091
1736081579999000000,97930.56,18.208110,BUY,5092
1736081639999000000,97897.20,2.194920,SELL,5093
1736081699999000000,97880.21,4.589550,SELL,5094
1736081759999000000,97834.70,4.492160,SELL,5095
1736081819999000000,97834.70,1.007980,BUY,5096
1736081879999000000,97793.78,5.508500,SELL,5097
1736081939999000000,97772.94,4.340420,SELL,5098
1736081999999000000,97770.01,3.158140,SELL,5099
1736082059999000000,97764.68,15.189610,SELL,5100
1736082119999000000,97792.09,5.755710,BUY,5101
1736082179999000000,97815.14,2.613680,BUY,5102
1736082239999000000,97799.07,2.810780,SELL,5103
1736082299999000000,97792.48,0.772430,SELL,5104
1736082359999000000,97809.99,3.472610,BUY,5105
1736082419999000000,97883.12,6.192150,BUY,5106
1736082479999000000,97892.56,5.891830,BUY,5107
1736082539999000000,97896.38,2.656930,BUY,5108
1736082599999000000,97881.90,2.539810,SELL,5109
1736082659999000000,97879.43,2.883570,SELL,5110
1736082719999000000,97881.96,5.055930,BUY,5111
1736082779999000000,97881.95,0.762960,BUY,5112
1736082839999000000,97871.56,2.885950,SELL,5113
1736082899999000000,97861.46,3.522680,SELL,5114
1736082959999000000,97863.15,0.754310,BUY,5115
1736083019999000000,97887.46,4.921010,BUY,5116
1736083079999000000,97900.00,1.287060,BUY,5117
1736083139999000000,97904.73,1.620770,BUY,5118
1736083199999000000,97923.24,4.507420,BUY,5119
1736083259999000000,97897.43,9.468570,SELL,5120
1736083319999000000,97916.00,7.588420,BUY,5121
1736083379999000000,97875.24,6.711720,SELL,5122
1736083439999000000,97849.29,2.513600,SELL,5123
1736083499999000000,97907.58,3.917190,BUY,5124
1736083559999000000,97936.65,4.923570,BUY,5125
1736083619999000000,97938.90,1.356950,BUY,5126
1736083679999000000,97959.66,2.494390,BUY,5127
1736083739999000000,97965.31,1.182390,BUY,5128
1736083799999000000,97965.30,2.994480,SELL,5129
1736083859999000000,97965.31,1.545830,BUY,5130
1736083919999000000,97965.31,6.122470,BUY,5131
1736083979999000000,97977.13,2.491220,BUY,5132
1736084039999000000,98018.95,6.543710,BUY,5133
1736084099999000000,97988.22,3.416600,SELL,5134
1736084159999000000,97911.78,13.075790,SELL,5135
1736084219999000000,97936.43,5.644280,BUY,5136
1736084279999000000,97902.33,9.185710,SELL,5137
1736084339999000000,97911.70,5.035710,BUY,5138
1736084399999000000,97884.08,8.718860,SELL,5139
1736084459999000000,97908.57,5.788440,BUY,5140
1736084519999000000,97900.00,3.288600,SELL,5141
1736084579999000000,97905.84,1.117200,BUY,5142
1736084639999000000,97877.86,4.803080,SELL,5143
1736084699999000000,97877.86,0.796740,BUY,5144
1736084759999000000,97842.51,3.395330,SELL,5145
1736084819999000000,97842.51,2.580200,BUY,5146
1736084879999000000,97813.21,4.115190,SELL,5147
1736084939999000000,97808.56,0.825470,SELL,5148
1736084999999000000,97792.49,4.197920,SELL,5149
1736085059999000000,97785.76,2.337940,SELL,5150
1736085119999000000,97715.89,4.792540,SELL,5151
1736085179999000000,97769.65,5.654900,BUY,5152
1736085239999000000,97741.48,7.739020,SELL,5153
1736085299999000000,97741.47,7.411220,SELL,5154
1736085359999000000,97770.80,12.736500,BUY,5155
1736085419999000000,97749.74,6.356720,SELL,5156
1736085479999000000,97706.02,8.410900,SELL,5157
1736085539999000000,97680.18,9.445800,SELL,5158
1736085599999000000,97689.96,5.120820,BUY,5159
1736085659999000000,97710.07,3.927990,BUY,5160
1736085719999000000,97704.00,3.994630,SELL,5161
1736085779999000000,97735.04,12.204730,BUY,5162
1736085839999000000,97777.07,3.143160,BUY,5163
1736085899999000000,97769.02,5.540370,SELL,5164
1736085959999000000,97763.16,4.446820,SELL,5165
1736086019999000000,97752.70,3.527550,SELL,5166
1736086079999000000,97708.00,2.198940,SELL,5167
1736086139999000000,97714.81,3.016660,BUY,5168
1736086199999000000,97688.00,6.297860,SELL,5169
1736086259999000000,97649.86,7.639970,SELL,5170
1736086319999000000,97636.38,5.089520,SELL,5171
1736086379999000000,97644.43,17.114050,BUY,5172
1736086439999000000,97628.87,9.071340,SELL,5173
1736086499999000000,97645.00,6.337880,BUY,5174
1736086559999000000,97596.01,5.560610,SELL,5175
1736086619999000000,97392.77,152.602070,SELL,5176
1736086679999000000,97350.12,47.120290,SELL,5177
1736086739999000000,97377.80,25.900990,BUY,5178
1736086799999000000,97314.35,36.647380,SELL,5179
1736086859999000000,97393.19,37.698690,BUY,5180
1736086919999000000,97433.35,16.567330,BUY,5181
1736086979999000000,97342.56,14.833160,SELL,5182
1736087039999000000,97377.86,27.962160,BUY,5183
1736087099999000000,97442.39,27.048760,BUY,5184
1736087159999000000,97518.15,12.718230,BUY,5185
1736087219999000000,97479.70,13.769620,SELL,5186
1736087279999000000,97459.34,18.244650,SELL,5187
1736087339999000000,97496.53,3.163720,BUY,5188
1736087399999000000,97484.97,6.631170,SELL,5189
1736087459999000000,97411.82,17.077810,SELL,5190
1736087519999000000,97451.56,7.899570,BUY,5191
1736087579999000000,97415.45,5.560570,SELL,5192
1736087639999000000,97457.98,7.468880,BUY,5193
1736087699999000000,97450.93,3.532760,SELL,5194
1736087759999000000,97548.30,16.305140,BUY,5195
1736087819999000000,97551.51,16.405420,BUY,5196
1736087879999000000,97551.97,3.848570,BUY,5197
1736087939999000000,97584.58,3.397610,BUY,5198
1736087999999000000,97565.08,6.706000,SELL,5199
1736088059999000000,97564.00,3.477960,SELL,5200
1736088119999000000,97596.50,3.272650,BUY,5201
1736088179999000000,97664.86,18.302370,BUY,5202
1736088239999000000,97678.56,3.601380,BUY,5203
1736088299999000000,97675.19,2.602360,SELL,5204
1736088359999000000,97731.55,8.254990,BUY,5205
1736088419999000000,97797.28,8.368690,BUY,5206
1736088479999000000,97823.35,12.285260,BUY,5207
1736088539999000000,97829.53,4.978520,BUY,5208
1736088599999000000,97882.29,10.888550,BUY,5209
1736088659999000000,97862.40,3.116020,SELL,5210
1736088719999000000,97813.26,11.666690,SELL,5211
1736088779999000000,97812.41,2.358360,SELL,5212
1736088839999000000,97833.17,5.407320,BUY,5213
1736088899999000000,97824.03,8.133560,SELL,5214
1736088959999000000,97953.62,14.637600,BUY,5215
1736089019999000000,97917.06,12.703960,SELL,5216
1736089079999000000,97862.40,5.566110,SELL,5217
1736089139999000000,97855.06,6.040020,SELL,5218
1736089199999000000,97855.06,2.773740,BUY,5219
1736089259999000000,97867.21,12.216350,BUY,5220
1736089319999000000,97849.26,4.009900,SELL,5221
1736089379999000000,97917.05,14.192900,BUY,5222
1736089439999000000,97877.83,18.142920,SELL,5223
1736089499999000000,97912.10,10.004030,BUY,5224
1736089559999000000,97963.37,5.113080,BUY,5225
1736089619999000000,98007.57,9.536980,BUY,5226
1736089679999000000,97951.06,15.408700,SELL,5227
1736089739999000000,97985.45,6.550420,BUY,5228
1736089799999000000,97896.02,7.352840,SELL,5229
1736089859999000000,97871.36,7.808610,SELL,5230
1736089919999000000,97900.82,2.887830,BUY,5231
1736089979999000000,97853.27,3.683970,SELL,5232
1736090039999000000,97842.92,14.619340,SELL,5233
1736090099999000000,97820.63,1.791520,SELL,5234
1736090159999000000,97739.99,23.829500,SELL,5235
1736090219999000000,97789.33,7.055130,BUY,5236
1736090279999000000,97737.54,3.970960,SELL,5237
1736090339999000000,97771.09,2.697040,BUY,5238
1736090399999000000,97771.28,1.666540,BUY,5239
1736090459999000000,97800.00,3.145300,BUY,5240
1736090519999000000,97778.97,2.154340,SELL,5241
1736090579999000000,97762.91,8.933550,SELL,5242
1736090639999000000,97839.75,7.034080,BUY,5243
1736090699999000000,97812.13,3.123290,SELL,5244
1736090759999000000,97812.52,0.452980,BUY,5245
1736090819999000000,97850.00,2.555090,BUY,5246
1736090879999000000,97843.47,1.671940,SELL,5247
1736090939999000000,97869.88,2.191920,BUY,5248
1736090999999000000,97908.10,3.539140,BUY,5249
1736091059999000000,97983.09,4.921900,BUY,5250
1736091119999000000,98104.98,72.544790,BUY,5251
1736091179999000000,98116.65,11.524220,BUY,5252
1736091239999000000,98086.28,8.104490,SELL,5253
1736091299999000000,98079.06,5.162670,SELL,5254
1736091359999000000,98108.12,9.624470,BUY,5255
1736091419999000000,98166.00,28.382610,BUY,5256
1736091479999000000,98212.13,37.751470,BUY,5257
1736091539999000000,98191.00,11.549520,SELL,5258
1736091599999000000,98150.25,11.368190,SELL,5259
1736091659999000000,98134.86,4.463120,SELL,5260
1736091719999000000,98101.62,8.574820,SELL,5261
1736091779999000000,98093.08,3.852950,SELL,5262
1736091839999000000,98105.04,5.794240,BUY,5263
1736091899999000000,98090.37,1.795370,SELL,5264
1736091959999000000,98060.95,4.494200,SELL,5265
1736092019999000000,98067.23,2.687620,BUY,5266
1736092079999000000,98158.93,11.174360,BUY,5267
1736092139999000000,98130.05,2.773360,SELL,5268
1736092199999000000,98100.01,4.954920,SELL,5269
1736092259999000000,98065.75,4.002290,SELL,5270
1736092319999000000,98059.10,4.241180,SELL,5271
1736092379999000000,98048.44,1.351890,SELL,5272
1736092439999000000,98076.00,3.056340,BUY,5273
1736092499999000000,98018.96,3.349170,SELL,5274
1736092559999000000,98018.96,1.555560,BUY,5275
1736092619999000000,98038.21,3.586930,BUY,5276
1736092679999000000,98038.20,0.560330,SELL,5277
1736092739999000000,98009.28,2.065040,SELL,5278
1736092799999000000,98028.98,9.622530,BUY,5279
1736092859999000000,98000.01,7.920630,SELL,5280
1736092919999000000,98038.21,4.379460,BUY,5281
1736092979999000000,98040.40,2.517160,BUY,5282
1736093039999000000,98136.31,10.234340,BUY,5283
1736093099999000000,98138.14,11.545840,BUY,5284
1736093159999000000,98185.20,5.870370,BUY,5285
1736093219999000000,98187.07,5.013720,BUY,5286
1736093279999000000,98256.71,18.213840,BUY,5287
1736093339999000000,98229.96,7.547620,SELL,5288
1736093399999000000,98222.28,12.751780,SELL,5289
1736093459999000000,98284.33,32.271340,BUY,5290
1736093519999000000,98272.73,4.386190,SELL,5291
1736093579999000000,98270.00,22.577150,SELL,5292
1736093639999000000,98177.93,75.562740,SELL,5293
1736093699999000000,98195.62,21.288030,BUY,5294
1736093759999000000,98175.02,8.207910,SELL,5295
1736093819999000000,98141.02,8.225160,SELL,5296
1736093879999000000,98125.52,4.961930,SELL,5297
1736093939999000000,98106.92,3.202630,SELL,5298
1736093999999000000,98074.87,2.196310,SELL,5299
1736094059999000000,98075.08,5.262600,BUY,5300
1736094119999000000,98061.27,4.818280,SELL,5301
1736094179999000000,98071.59,5.223690,BUY,5302
1736094239999000000,98121.06,8.785140,BUY,5303
1736094299999000000,98104.00,1.684010,SELL,5304
1736094359999000000,98123.48,2.637320,BUY,5305
1736094419999000000,98105.90,3.653360,SELL,5306
1736094479999000000,98113.60,3.835840,BUY,5307
1736094539999000000,98082.91,7.224540,SELL,5308
1736094599999000000,98082.34,3.289100,SELL,5309
1736094659999000000,98014.04,8.487150,SELL,5310
1736094719999000000,98000.01,4.676860,SELL,5311
1736094779999000000,97944.08,10.798610,SELL,5312
1736094839999000000,97963.58,3.042660,BUY,5313
1736094899999000000,97980.32,3.185060,BUY,5314
1736094959999000000,97972.39,8.351050,SELL,5315
1736095019999000000,97972.96,4.424150,BUY,5316
1736095079999000000,98020.14,7.588170,BUY,5317
1736095139999000000,98053.21,4.889840,BUY,5318
1736095199999000000,98017.56,3.882570,SELL,5319
1736095259999000000,98059.52,4.882240,BUY,5320
1736095319999000000,98051.80,3.964040,SELL,5321
1736095379999000000,98024.79,4.172220,SELL,5322
1736095439999000000,98018.30,3.038020,SELL,5323
1736095499999000000,97996.12,2.063520,SELL,5324
1736095559999000000,98013.17,4.118690,BUY,5325
1736095619999000000,98030.30,3.826790,BUY,5326
1736095679999000000,98074.31,8.870630,BUY,5327
1736095739999000000,98057.14,4.250760,SELL,5328
1736095799999000000,98113.28,10.055640,BUY,5329
1736095859999000000,98086.38,3.923820,SELL,5330
1736095919999000000,98072.88,2.692670,SELL,5331
1736095979999000000,98055.82,5.127810,SELL,5332
1736096039999000000,98061.21,3.539890,BUY,5333
1736096099999000000,98064.25,5.806240,BUY,5334
1736096159999000000,98049.72,1.019530,SELL,5335
1736096219999000000,98019.28,3.318150,SELL,5336
1736096279999000000,98025.93,1.052180,BUY,5337
1736096339999000000,98025.71,0.958980,SELL,5338
1736096399999000000,98035.17,3.267840,BUY,5339
1736096459999000000,98035.17,0.485730,BUY,5340
1736096519999000000,98002.01,2.633510,SELL,5341
1736096579999000000,98017.54,7.291060,BUY,5342
1736096639999000000,98046.72,3.666060,BUY,5343
1736096699999000000,98022.26,3.786830,SELL,5344
1736096759999000000,98060.61,4.758160,BUY,5345
1736096819999000000,98063.73,2.910150,BUY,5346
1736096879999000000,98060.60,3.159880,SELL,5347
1736096939999000000,98060.61,0.843050,BUY,5348
1736096999999000000,98060.61,0.853400,BUY,5349
1736097059999000000,98071.96,3.696170,BUY,5350
1736097119999000000,98035.40,9.649100,SELL,5351
1736097179999000000,98062.83,1.929820,BUY,5352
1736097239999000000,98039.11,9.622390,SELL,5353
1736097299999000000,98014.32,8.005500,SELL,5354
1736097359999000000,97986.73,1.275410,SELL,5355
1736097419999000000,97925.66,15.597160,SELL,5356
1736097479999000000,97965.19,4.297080,BUY,5357
1736097539999000000,97950.80,10.818680,SELL,5358
1736097599999000000,97945.89,5.251430,SELL,5359
1736097659999000000,97939.40,2.178930,SELL,5360
1736097719999000000,97939.39,2.320520,BUY,5361
1736097779999000000,97942.27,0.787750,BUY,5362
1736097839999000000,97925.86,7.651150,SELL,5363
1736097899999000000,97925.85,0.471630,SELL,5364
1736097959999000000,97972.22,5.420630,BUY,5365
1736098019999000000,97907.39,20.525280,SELL,5366
1736098079999000000,97913.27,8.446420,BUY,5367
1736098139999000000,97925.35,7.164760,BUY,5368
1736098199999000000,97967.99,6.023830,BUY,5369
1736098259999000000,97917.49,5.413930,SELL,5370
1736098319999000000,97927.29,1.028980,BUY,5371
1736098379999000000,97938.01,1.484450,BUY,5372
1736098439999000000,98006.11,6.871780,BUY,5373
1736098499999000000,98007.83,14.015700,BUY,5374
1736098559999000000,97965.92,9.248330,SELL,5375
1736098619999000000,97950.71,5.422720,SELL,5376
1736098679999000000,97901.19,4.543230,SELL,5377
1736098739999000000,97808.50,19.164060,SELL,5378
1736098799999000000,97847.64,7.823250,BUY,5379
1736098859999000000,97858.50,4.917300,BUY,5380
1736098919999000000,97889.56,3.410660,BUY,5381
1736098979999000000,97850.35,2.577610,SELL,5382
1736099039999000000,97857.81,7.206840,BUY,5383
1736099099999000000,97849.49,7.021070,SELL,5384
1736099159999000000,97800.02,8.274520,SELL,5385
1736099219999000000,97712.99,24.610700,SELL,5386
1736099279999000000,97682.40,8.250780,SELL,5387
1736099339999000000,97707.64,2.689120,BUY,5388
1736099399999000000,97673.57,1.989470,SELL,5389
1736099459999000000,97704.67,10.604300,BUY,5390
1736099519999000000,97686.44,3.618000,SELL,5391
1736099579999000000,97721.06,6.095230,BUY,5392
1736099639999000000,97716.52,1.948340,SELL,5393
1736099699999000000,97722.18,2.648980,BUY,5394
1736099759999000000,97688.51,3.401450,SELL,5395
1736099819999000000,97716.04,13.335290,BUY,5396
1736099879999000000,97704.73,2.685080,SELL,5397
1736099939999000000,97715.41,1.413720,BUY,5398
1736099999999000000,97731.08,5.419610,BUY,5399
1736100059999000000,97760.64,7.139580,BUY,5400
1736100119999000000,97726.06,4.913060,SELL,5401
1736100179999000000,97693.44,6.243100,SELL,5402
1736100239999000000,97650.01,2.901720,SELL,5403
1736100299999000000,97629.96,22.620550,SELL,5404
1736100359999000000,97622.00,21.396630,SELL,5405
1736100419999000000,97638.38,8.361680,BUY,5406
1736100479999000000,97664.00,2.383790,BUY,5407
1736100539999000000,97734.83,5.016600,BUY,5408
1736100599999000000,97768.19,5.098910,BUY,5409
1736100659999000000,97699.94,5.587820,SELL,5410
1736100719999000000,97700.01,19.726720,BUY,5411
1736100779999000000,97672.63,2.587330,SELL,5412
1736100839999000000,97657.87,5.297610,SELL,5413
1736100899999000000,97700.81,15.312820,BUY,5414
1736100959999000000,97632.00,4.877300,SELL,5415
1736101019999000000,97609.28,12.437680,SELL,5416
1736101079999000000,97649.16,3.525460,BUY,5417
1736101139999000000,97642.90,1.246290,SELL,5418
1736101199999000000,97666.66,1.300980,BUY,5419
1736101259999000000,97724.15,7.340130,BUY,5420
1736101319999000000,97728.27,12.316000,BUY,5421
1736101379999000000,97747.91,7.236700,BUY,5422
1736101439999000000,97697.18,9.210600,SELL,5423
1736101499999000000,97721.19,4.329710,BUY,5424
1736101559999000000,97730.87,3.352900,BUY,5425
1736101619999000000,97741.66,3.939870,BUY,5426
1736101679999000000,97724.26,1.954640,SELL,5427
1736101739999000000,97724.16,1.352820,SELL,5428
1736101799999000000,97706.91,8.380670,SELL,5429
1736101859999000000,97717.82,7.653990,BUY,5430
1736101919999000000,97724.18,1.520250,BUY,5431
1736101979999000000,97757.58,3.745700,BUY,5432
1736102039999000000,97814.39,14.781970,BUY,5433
1736102099999000000,97804.08,2.679100,SELL,5434
1736102159999000000,97808.82,1.225100,BUY,5435
1736102219999000000,97789.61,2.203880,SELL,5436
1736102279999000000,97805.26,3.226010,BUY,5437
1736102339999000000,97847.36,2.195950,BUY,5438
1736102399999000000,97859.55,3.792830,BUY,5439
1736102459999000000,97840.01,2.414980,SELL,5440
1736102519999000000,97840.01,0.571310,BUY,5441
1736102579999000000,97844.07,0.591000,BUY,5442
1736102639999000000,97837.65,1.352290,SELL,5443
1736102699999000000,97837.66,0.594980,BUY,5444
1736102759999000000,97878.79,3.214010,BUY,5445
1736102819999000000,97892.97,1.687630,BUY,5446
1736102879999000000,97855.14,4.458090,SELL,5447
1736102939999000000,97843.11,2.039160,SELL,5448
1736102999999000000,97851.00,2.471080,BUY,5449
1736103059999000000,97861.94,1.366560,BUY,5450
1736103119999000000,97876.00,1.964070,BUY,5451
1736103179999000000,97863.78,1.450630,SELL,5452
1736103239999000000,97863.79,0.500060,BUY,5453
1736103299999000000,97875.63,1.464200,BUY,5454
1736103359999000000,97926.44,5.361220,BUY,5455
1736103419999000000,97913.31,5.167630,SELL,5456
1736103479999000000,97924.56,2.413970,BUY,5457
1736103539999000000,97925.44,0.631040,BUY,5458
1736103599999000000,97918.91,1.161970,SELL,5459
1736103659999000000,97881.12,5.311930,SELL,5460
1736103719999000000,97863.79,5.666500,SELL,5461
1736103779999000000,97871.99,2.146700,BUY,5462
1736103839999000000,97871.99,0.507320,BUY,5463
1736103899999000000,97871.99,0.561710,SELL,5464
1736103959999000000,97939.39,4.278640,BUY,5465
1736104019999000000,97999.31,9.091560,BUY,5466
1736104079999000000,97999.99,2.219480,BUY,5467
1736104139999000000,97999.99,4.565590,SELL,5468
1736104199999000000,98000.00,1.108740,BUY,5469
1736104259999000000,98009.69,6.221330,BUY,5470
1736104319999000000,98031.97,8.554570,BUY,5471
1736104379999000000,98028.71,2.172730,SELL,5472
1736104439999000000,98037.37,3.697020,BUY,5473
1736104499999000000,98037.38,1.235460,BUY,5474
1736104559999000000,98038.20,16.741520,BUY,5475
1736104619999000000,98099.99,17.429380,BUY,5476
1736104679999000000,98077.67,17.188130,SELL,5477
1736104739999000000,98033.61,7.242850,SELL,5478
1736104799999000000,98027.28,1.588270,SELL,5479
1736104859999000000,98021.98,9.343120,SELL,5480
1736104919999000000,98044.78,1.529950,BUY,5481
1736104979999000000,98001.48,3.866880,SELL,5482
1736105039999000000,98015.50,17.568110,BUY,5483
1736105099999000000,98021.93,3.640410,BUY,5484
1736105159999000000,98023.82,11.233100,BUY,5485
1736105219999000000,98058.03,2.405110,BUY,5486
1736105279999000000,98058.19,1.747140,BUY,5487
1736105339999000000,98057.85,1.932070,SELL,5488
1736105399999000000,98056.22,1.164620,SELL,5489
1736105459999000000,98009.01,2.998530,SELL,5490
1736105519999000000,97993.14,3.182600,SELL,5491
1736105579999000000,98016.02,8.834340,BUY,5492
1736105639999000000,98016.01,0.416990,BUY,5493
1736105699999000000,98012.28,14.866560,SELL,5494
1736105759999000000,98021.41,32.462250,BUY,5495
1736105819999000000,98000.42,4.754720,SELL,5496
1736105879999000000,97997.40,1.630070,SELL,5497
1736105939999000000,97997.40,1.154290,SELL,5498
1736105999999000000,98030.30,4.939620,BUY,5499
1736106059999000000,98068.13,3.000380,BUY,5500
1736106119999000000,98071.57,0.978110,BUY,5501
1736106179999000000,98056.02,3.457400,SELL,5502
1736106239999000000,98013.73,1.665980,SELL,5503
1736106299999000000,98017.03,2.686590,BUY,5504
1736106359999000000,98021.17,3.344590,BUY,5505
1736106419999000000,98016.99,1.387770,SELL,5506
1736106479999000000,97990.67,2.088580,SELL,5507
1736106539999000000,98000.33,2.765340,BUY,5508
1736106599999000000,97984.00,3.994280,SELL,5509
1736106659999000000,97996.21,2.538810,BUY,5510
1736106719999000000,98017.49,2.945140,BUY,5511
1736106779999000000,98008.51,3.066230,SELL,5512
1736106839999000000,98029.05,12.029570,BUY,5513
1736106899999000000,98029.06,5.544120,BUY,5514
1736106959999000000,98039.76,1.282830,BUY,5515
1736107019999000000,98043.99,0.847290,BUY,5516
1736107079999000000,98043.99,0.739720,BUY,5517
1736107139999000000,98048.00,0.991140,BUY,5518
1736107199999000000,98079.63,4.303060,BUY,5519
1736107259999000000,98099.99,5.866020,BUY,5520
1736107319999000000,98100.00,1.494000,BUY,5521
1736107379999000000,98085.07,4.124930,SELL,5522
1736107439999000000,98064.01,5.342070,SELL,5523
1736107499999000000,98024.01,2.924060,SELL,5524
1736107559999000000,98041.84,3.175700,BUY,5525
1736107619999000000,98068.05,3.451420,BUY,5526
1736107679999000000,98099.99,2.854530,BUY,5527
1736107739999000000,98100.00,0.643780,BUY,5528
1736107799999000000,98102.99,1.300190,BUY,5529
1736107859999000000,98135.13,6.522180,BUY,5530
1736107919999000000,98129.02,6.687820,SELL,5531
1736107979999000000,98128.60,3.962730,SELL,5532
1736108039999000000,98128.60,1.602080,BUY,5533
1736108099999000000,98128.61,0.401830,BUY,5534
1736108159999000000,98171.99,6.569180,BUY,5535
1736108219999000000,98172.00,1.148300,BUY,5536
1736108279999000000,98331.14,31.012960,BUY,5537
1736108339999000000,98599.99,154.124920,BUY,5538
1736108399999000000,98565.65,82.834420,SELL,5539
1736108459999000000,98536.77,19.113800,SELL,5540
1736108519999000000,98537.45,34.770770,BUY,5541
1736108579999000000,98545.45,10.702130,BUY,5542
1736108639999000000,98509.98,17.585890,SELL,5543
1736108699999000000,98514.15,13.785490,BUY,5544
1736108759999000000,98510.77,12.940340,SELL,5545
1736108819999000000,98530.04,21.936250,BUY,5546
1736108879999000000,98468.35,5.970880,SELL,5547
1736108939999000000,98487.85,3.580410,BUY,5548
1736108999999000000,98482.49,4.107680,SELL,5549
1736109059999000000,98413.04,10.067140,SELL,5550
1736109119999000000,98386.88,8.978820,SELL,5551
1736109179999000000,98429.86,14.420010,BUY,5552
1736109239999000000,98404.74,8.834420,SELL,5553
1736109299999000000,98357.01,3.382150,SELL,5554
1736109359999000000,98350.67,6.442150,SELL,5555
1736109419999000000,98349.78,3.169340,SELL,5556
1736109479999000000,98387.18,4.435540,BUY,5557
1736109539999000000,98378.25,9.673770,SELL,5558
1736109599999000000,98395.79,3.662750,BUY,5559
1736109659999000000,98368.39,2.796910,SELL,5560
1736109719999000000,98359.49,2.596610,SELL,5561
1736109779999000000,98341.18,2.192750,SELL,5562
1736109839999000000,98358.19,2.242430,BUY,5563
1736109899999000000,98344.06,2.649230,SELL,5564
1736109959999000000,98354.73,1.301440,BUY,5565
1736110019999000000,98345.13,3.417150,SELL,5566
1736110079999000000,98256.00,7.054400,SELL,5567
1736110139999000000,98169.74,18.733230,SELL,5568
1736110199999000000,98237.20,17.942790,BUY,5569
1736110259999000000,98271.73,1.902010,BUY,5570
1736110319999000000,98252.00,18.879670,SELL,5571
1736110379999000000,98194.21,23.575640,SELL,5572
1736110439999000000,98221.94,4.815930,BUY,5573
1736110499999000000,98221.94,0.355200,BUY,5574
1736110559999000000,98234.67,5.851920,BUY,5575
1736110619999000000,98249.99,1.452800,BUY,5576
1736110679999000000,98272.72,8.615640,BUY,5577
1736110739999000000,98256.97,4.254230,SELL,5578
1736110799999000000,98275.71,6.228840,BUY,5579
1736110859999000000,98235.99,11.766970,SELL,5580
1736110919999000000,98316.50,10.581320,BUY,5581
1736110979999000000,98303.57,2.270650,SELL,5582
1736111039999000000,98303.57,1.373770,BUY,5583
1736111099999000000,98320.76,5.405210,BUY,5584
1736111159999000000,98351.99,2.778690,BUY,5585
1736111219999000000,98324.08,3.778400,SELL,5586
1736111279999000000,98325.50,14.246540,BUY,5587
1736111339999000000,98363.64,14.227020,BUY,5588
1736111399999000000,98327.33,12.745710,SELL,5589
1736111459999000000,98392.00,15.844200,BUY,5590
1736111519999000000,98338.86,10.767180,SELL,5591
1736111579999000000,98403.99,15.360130,BUY,5592
1736111639999000000,98389.68,4.566470,SELL,5593
1736111699999000000,98396.93,3.340600,BUY,5594
1736111759999000000,98344.43,18.020920,SELL,5595
1736111819999000000,98357.53,1.858960,BUY,5596
1736111879999000000,98344.42,1.915800,SELL,5597
1736111939999000000,98340.84,1.371340,SELL,5598
1736111999999000000,98370.72,2.915370,BUY,5599
1736112059999000000,98350.05,10.181010,SELL,5600
1736112119999000000,98340.91,18.370770,SELL,5601
1736112179999000000,98356.11,5.236940,BUY,5602
1736112239999000000,98396.61,4.068490,BUY,5603
1736112299999000000,98419.94,2.746070,BUY,5604
1736112359999000000,98419.94,1.744240,BUY,5605
1736112419999000000,98407.34,2.403160,SELL,5606
1736112479999000000,98359.78,3.956300,SELL,5607
1736112539999000000,98329.25,7.783660,SELL,5608
1736112599999000000,98303.61,2.129320,SELL,5609
1736112659999000000,98291.98,10.014120,SELL,5610
1736112719999000000,98312.00,1.526250,BUY,5611
1736112779999000000,98321.08,1.144110,BUY,5612
1736112839999000000,98320.86,1.516060,SELL,5613
1736112899999000000,98356.02,2.555980,BUY,5614
1736112959999000000,98399.99,2.362200,BUY,5615
1736113019999000000,98407.16,2.540700,BUY,5616
1736113079999000000,98430.66,7.510940,BUY,5617
1736113139999000000,98450.12,7.972110,BUY,5618
1736113199999000000,98477.20,5.727480,BUY,5619
1736113259999000000,98460.00,4.377780,SELL,5620
1736113319999000000,98438.80,2.778810,SELL,5621
1736113379999000000,98438.81,0.416310,BUY,5622
1736113439999000000,98436.46,3.414740,SELL,5623
1736113499999000000,98429.65,0.706670,SELL,5624
1736113559999000000,98429.66,5.122300,BUY,5625
1736113619999000000,98429.66,2.450790,SELL,5626
1736113679999000000,98429.66,1.454650,BUY,5627
1736113739999000000,98429.66,1.186260,BUY,5628
1736113799999000000,98429.66,2.201590,SELL,5629
1736113859999000000,98429.66,4.643660,SELL,5630
1736113919999000000,98429.67,0.931140,BUY,5631
1736113979999000000,98439.51,6.992040,BUY,5632
1736114039999000000,98465.03,5.944610,BUY,5633
1736114099999000000,98513.50,3.673540,BUY,5634
1736114159999000000,98522.46,3.685340,BUY,5635
1736114219999000000,98522.45,1.051250,SELL,5636
1736114279999000000,98519.67,8.844190,SELL,5637
1736114339999000000,98500.97,5.993110,SELL,5638
1736114399999000000,98496.52,5.289740,SELL,5639
1736114459999000000,98499.72,2.577310,BUY,5640
1736114519999000000,98447.64,6.437440,SELL,5641
1736114579999000000,98416.70,4.496080,SELL,5642
1736114639999000000,98373.04,4.048980,SELL,5643
1736114699999000000,98399.99,3.601170,BUY,5644
1736114759999000000,98424.01,5.312770,BUY,5645
1736114819999000000,98437.96,3.122340,BUY,5646
1736114879999000000,98429.61,8.972270,SELL,5647
1736114939999000000,98445.61,1.178950,BUY,5648
1736114999999000000,98445.75,0.837880,BUY,5649
1736115059999000000,98445.74,0.579620,BUY,5650
1736115119999000000,98412.00,4.309790,SELL,5651
1736115179999000000,98350.81,5.905910,SELL,5652
1736115239999000000,98360.78,3.227220,BUY,5653
1736115299999000000,98377.52,5.754220,BUY,5654
1736115359999000000,98379.56,5.074620,BUY,5655
1736115419999000000,98389.20,1.797730,BUY,5656
1736115479999000000,98389.20,0.583790,BUY,5657
1736115539999000000,98389.20,0.353430,BUY,5658
1736115599999000000,98442.67,5.204480,BUY,5659
1736115659999000000,98442.90,0.916700,BUY,5660
1736115719999000000,98442.89,0.374710,BUY,5661
1736115779999000000,98442.89,0.754670,BUY,5662
1736115839999000000,98456.38,6.700130,BUY,5663
1736115899999000000,98486.29,2.775850,BUY,5664
1736115959999000000,98511.61,5.409040,BUY,5665
1736116019999000000,98530.45,5.377300,BUY,5666
1736116079999000000,98556.29,4.748330,BUY,5667
1736116139999000000,98532.48,11.044020,SELL,5668
1736116199999000000,98550.18,3.287330,BUY,5669
1736116259999000000,98537.35,2.745450,SELL,5670
1736116319999000000,98537.35,0.763380,BUY,5671
1736116379999000000,98537.36,1.929560,BUY,5672
1736116439999000000,98543.40,3.556530,BUY,5673
1736116499999000000,98543.40,1.273760,BUY,5674
1736116559999000000,98564.69,5.722010,BUY,5675
1736116619999000000,98564.68,0.811010,SELL,5676
1736116679999000000,98585.50,7.457810,BUY,5677
1736116739999000000,98599.99,3.701830,BUY,5678
1736116799999000000,98717.59,57.222640,BUY,5679
1736116859999000000,98675.32,20.827600,SELL,5680
1736116919999000000,98647.32,9.611560,SELL,5681
1736116979999000000,98670.39,23.518520,BUY,5682
1736117039999000000,98660.01,24.309080,SELL,5683
1736117099999000000,98660.01,27.879490,BUY,5684
1736117159999000000,98644.73,8.780280,SELL,5685
1736117219999000000,98614.94,5.153220,SELL,5686
1736117279999000000,98606.87,4.381700,SELL,5687
1736117339999000000,98580.69,11.001180,SELL,5688
1736117399999000000,98577.99,1.319330,SELL,5689
1736117459999000000,98530.44,9.471390,SELL,5690
1736117519999000000,98533.69,2.371240,BUY,5691
1736117579999000000,98518.99,1.951060,SELL,5692
1736117639999000000,98516.28,2.888590,SELL,5693
1736117699999000000,98516.28,4.344790,BUY,5694
1736117759999000000,98543.55,8.399290,BUY,5695
1736117819999000000,98687.40,14.324770,BUY,5696
1736117879999000000,98723.25,14.703410,BUY,5697
1736117939999000000,98686.71,7.723940,SELL,5698
1736117999999000000,98695.21,4.944250,BUY,5699
1736118059999000000,98732.00,29.482040,BUY,5700
1736118119999000000,98736.32,13.026030,BUY,5701
1736118179999000000,98830.50,64.981330,BUY,5702
1736118239999000000,98803.26,10.835160,SELL,5703
1736118299999000000,98744.00,25.567310,SELL,5704
1736118359999000000,98747.79,14.585930,BUY,5705
1736118419999000000,98652.22,7.222330,SELL,5706
1736118479999000000,98651.68,12.872610,SELL,5707
1736118539999000000,98656.39,4.821720,BUY,5708
1736118599999000000,98632.91,9.899330,SELL,5709
1736118659999000000,98679.00,7.948630,BUY,5710
1736118719999000000,98649.03,6.238020,SELL,5711
1736118779999000000,98600.00,7.400370,SELL,5712
1736118839999000000,98588.58,10.552830,SELL,5713
1736118899999000000,98555.84,22.195740,SELL,5714
1736118959999000000,98585.61,4.018470,BUY,5715
1736119019999000000,98467.05,26.844980,SELL,5716
1736119079999000000,98491.78,14.913090,BUY,5717
1736119139999000000,98462.26,5.576800,SELL,5718
1736119199999000000,98479.53,8.043430,BUY,5719
1736119259999000000,98436.82,4.191330,SELL,5720
1736119319999000000,98440.05,1.965530,BUY,5721
1736119379999000000,98404.98,8.827190,SELL,5722
1736119439999000000,98430.72,5.490440,BUY,5723
1736119499999000000,98448.00,2.257140,BUY,5724
1736119559999000000,98477.33,6.498290,BUY,5725
1736119619999000000,98476.82,3.543220,SELL,5726
1736119679999000000,98469.84,1.230240,SELL,5727
1736119739999000000,98472.59,2.025650,BUY,5728
1736119799999000000,98475.09,1.278700,BUY,5729
1736119859999000000,98456.01,5.628500,SELL,5730
1736119919999000000,98430.83,2.250350,SELL,5731
1736119979999000000,98421.84,4.469950,SELL,5732
1736120039999000000,98440.49,1.278650,BUY,5733
1736120099999000000,98420.72,2.817170,SELL,5734
1736120159999000000,98428.15,2.362190,BUY,5735
1736120219999000000,98429.99,6.529080,BUY,5736
1736120279999000000,98440.49,1.717240,BUY,5737
1736120339999000000,98484.85,16.373190,BUY,5738
1736120399999000000,98478.01,3.533800,SELL,5739
1736120459999000000,98491.66,1.872490,BUY,5740
1736120519999000000,98484.89,1.582750,SELL,5741
1736120579999000000,98484.89,1.301720,BUY,5742
1736120639999000000,98431.22,3.953790,SELL,5743
1736120699999000000,98424.24,1.438950,SELL,5744
1736120759999000000,98368.87,5.416650,SELL,5745
1736120819999000000,98393.94,12.402810,BUY,5746
1736120879999000000,98391.90,1.980840,SELL,5747
1736120939999000000,98426.13,2.392180,BUY,5748
1736120999999000000,98479.84,8.624630,BUY,5749
1736121059999000000,98424.63,5.360730,SELL,5750
1736121119999000000,98410.83,2.597390,SELL,5751
1736121179999000000,98410.84,0.269190,BUY,5752
1736121239999000000,98385.91,3.455590,SELL,5753
1736121299999000000,98394.55,3.887700,BUY,5754
1736121359999000000,98392.28,6.678520,SELL,5755
1736121419999000000,98374.93,4.274200,SELL,5756
1736121479999000000,98322.73,6.531670,SELL,5757
1736121539999000000,98322.73,1.549090,BUY,5758
1736121599999000000,98363.61,2.816000,BUY,5759
1736121659999000000,98493.77,32.343830,BUY,5760
1736121719999000000,98522.01,16.220130,BUY,5761
1736121779999000000,98503.75,6.235100,SELL,5762
1736121839999000000,98461.67,4.770000,SELL,5763
1736121899999000000,98442.00,3.809790,SELL,5764
1736121959999000000,98475.71,4.296680,BUY,5765
1736122019999000000,98480.45,8.612770,BUY,5766
1736122079999000000,98535.54,14.399940,BUY,5767
1736122139999000000,98524.41,14.084070,SELL,5768
1736122199999000000,98534.51,7.204150,BUY,5769
1736122259999000000,98607.04,14.780410,BUY,5770
1736122319999000000,98580.81,10.677700,SELL,5771
1736122379999000000,98513.43,7.642970,SELL,5772
1736122439999000000,98489.09,9.039330,SELL,5773
1736122499999000000,98455.89,5.830380,SELL,5774
1736122559999000000,98440.83,7.172410,SELL,5775
1736122619999000000,98317.62,8.228180,SELL,5776
1736122679999000000,98337.55,15.447610,BUY,5777
1736122739999000000,98372.50,5.284180,BUY,5778
1736122799999000000,98391.30,6.766090,BUY,5779
1736122859999000000,98465.09,11.181530,BUY,5780
1736122919999000000,98489.09,4.248640,BUY,5781
1736122979999000000,98579.57,4.823690,BUY,5782
1736123039999000000,98561.95,3.659830,SELL,5783
1736123099999000000,98610.84,5.589890,BUY,5784
1736123159999000000,98711.57,27.616470,BUY,5785
1736123219999000000,98596.36,8.353020,SELL,5786
1736123279999000000,98596.90,8.037540,BUY,5787
1736123339999000000,98575.76,1.834760,SELL,5788
1736123399999000000,98477.68,8.019680,SELL,5789
1736123459999000000,98518.30,7.143230,BUY,5790
1736123519999000000,98509.79,2.546810,SELL,5791
1736123579999000000,98555.87,24.190320,BUY,5792
1736123639999000000,98430.04,7.992860,SELL,5793
1736123699999000000,98400.01,7.040570,SELL,5794
1736123759999000000,98350.12,9.117910,SELL,5795
1736123819999000000,98368.80,7.883450,BUY,5796
1736123879999000000,98342.75,9.632090,SELL,5797
1736123939999000000,98332.62,3.994780,SELL,5798
1736123999999000000,98428.62,5.803050,BUY,5799
1736124059999000000,98402.84,2.531280,SELL,5800
1736124119999000000,98392.54,2.923190,SELL,5801
1736124179999000000,98391.66,13.091530,SELL,5802
1736124239999000000,98406.92,4.280030,BUY,5803
1736124299999000000,98428.55,4.274250,BUY,5804
1736124359999000000,98454.42,4.895770,BUY,5805
1736124419999000000,98424.04,2.535570,SELL,5806
1736124479999000000,98426.14,3.896460,BUY,5807
1736124539999000000,98428.66,1.497740,BUY,5808
1736124599999000000,98392.00,4.195520,SELL,5809
1736124659999000000,98310.52,6.997600,SELL,5810
1736124719999000000,98277.64,28.006670,SELL,5811
1736124779999000000,98233.28,9.542560,SELL,5812
1736124839999000000,98299.99,5.256410,BUY,5813
1736124899999000000,98273.39,2.629580,SELL,5814
1736124959999000000,98273.40,2.882600,BUY,5815
1736125019999000000,98223.05,7.103160,SELL,5816
1736125079999000000,98209.79,9.362780,SELL,5817
1736125139999000000,98217.60,4.933520,BUY,5818
1736125199999000000,98217.23,1.838590,SELL,5819
1736125259999000000,98233.85,9.495740,BUY,5820
1736125319999000000,98242.42,11.235730,BUY,5821
1736125379999000000,98274.36,6.741270,BUY,5822
1736125439999000000,98288.03,6.998210,BUY,5823
1736125499999000000,98295.41,3.493660,BUY,5824
1736125559999000000,98320.73,3.851020,BUY,5825
1736125619999000000,98272.86,5.007480,SELL,5826
1736125679999000000,98200.00,8.372230,SELL,5827
1736125739999000000,98171.83,6.763020,SELL,5828
1736125799999000000,98176.22,2.070020,BUY,5829
1736125859999000000,98148.82,5.685010,SELL,5830
1736125919999000000,98095.02,10.084960,SELL,5831
1736125979999000000,98035.32,40.049930,SELL,5832
1736126039999000000,98076.00,18.840520,BUY,5833
1736126099999000000,98049.61,5.443940,SELL,5834
1736126159999000000,98042.37,6.442220,SELL,5835
1736126219999000000,98027.84,8.153550,SELL,5836
1736126279999000000,98023.61,4.060750,SELL,5837
1736126339999000000,98022.25,3.434970,SELL,5838
1736126399999000000,97996.60,21.674840,SELL,5839
1736126459999000000,97953.34,8.256560,SELL,5840
1736126519999000000,97938.87,8.625340,SELL,5841
1736126579999000000,97956.49,9.889770,BUY,5842
1736126639999000000,97987.54,7.740080,BUY,5843
1736126699999000000,98047.64,6.343590,BUY,5844
1736126759999000000,98082.29,15.213100,BUY,5845
1736126819999000000,98069.70,3.472270,SELL,5846
1736126879999000000,98117.63,3.484870,BUY,5847
1736126939999000000,98096.37,7.058320,SELL,5848
1736126999999000000,98121.23,3.870490,BUY,5849
1736127059999000000,98181.08,5.256970,BUY,5850
1736127119999000000,98190.53,5.042450,BUY,5851
1736127179999000000,98168.66,3.939480,SELL,5852
1736127239999000000,98136.05,6.142470,SELL,5853
1736127299999000000,98185.49,6.812060,BUY,5854
1736127359999000000,98211.18,4.839560,BUY,5855
1736127419999000000,98211.17,0.862630,SELL,5856
1736127479999000000,98178.07,3.940860,SELL,5857
1736127539999000000,98189.53,2.584060,BUY,5858
1736127599999000000,98237.79,4.126640,BUY,5859
1736127659999000000,98256.33,2.817770,BUY,5860
1736127719999000000,98224.35,3.343460,SELL,5861
1736127779999000000,98266.27,2.203260,BUY,5862
1736127839999000000,98275.00,2.057500,BUY,5863
1736127899999000000,98275.00,1.127520,BUY,5864
1736127959999000000,98272.73,18.228590,SELL,5865
1736128019999000000,98217.10,10.940200,SELL,5866
1736128079999000000,98267.95,5.482890,BUY,5867
1736128139999000000,98265.62,2.812070,SELL,5868
1736128199999000000,98267.81,6.919120,BUY,5869
1736128259999000000,98324.89,7.454510,BUY,5870
1736128319999000000,98343.00,6.942150,BUY,5871
1736128379999000000,98470.95,6.589940,BUY,5872
1736128439999000000,98677.04,79.110770,BUY,5873
1736128499999000000,98811.00,15.693320,BUY,5874
1736128559999000000,98709.43,26.285660,SELL,5875
1736128619999000000,98727.94,13.127500,BUY,5876
1736128679999000000,98661.62,16.876340,SELL,5877
1736128739999000000,98687.74,11.018610,BUY,5878
1736128799999000000,98759.43,22.946820,BUY,5879
1736128859999000000,98740.17,17.013680,SELL,5880
1736128919999000000,98890.73,62.592330,BUY,5881
1736128979999000000,98867.38,31.833010,SELL,5882
1736129039999000000,98860.89,34.845670,SELL,5883
1736129099999000000,98885.59,17.265620,BUY,5884
1736129159999000000,99120.03,222.704820,BUY,5885
1736129219999000000,99050.07,120.700180,SELL,5886
1736129279999000000,99200.01,51.439490,BUY,5887
1736129339999000000,99240.00,94.329310,BUY,5888
1736129399999000000,99222.19,19.377350,SELL,5889
1736129459999000000,99297.55,140.126970,BUY,5890
1736129519999000000,99072.53,40.677290,SELL,5891
1736129579999000000,98994.44,38.359840,SELL,5892
1736129639999000000,99039.60,36.012290,BUY,5893
1736129699999000000,99028.96,6.190070,SELL,5894
1736129759999000000,98747.99,58.990190,SELL,5895
1736129819999000000,98812.12,33.279090,BUY,5896
1736129879999000000,98775.90,9.852850,SELL,5897
1736129939999000000,98774.57,12.579680,SELL,5898
1736129999999000000,98925.42,15.581520,BUY,5899
1736130059999000000,98890.25,27.638460,SELL,5900
1736130119999000000,98830.89,28.706310,SELL,5901
1736130179999000000,98762.99,9.249450,SELL,5902
1736130239999000000,98717.55,12.944790,SELL,5903
1736130299999000000,98794.90,8.717090,BUY,5904
1736130359999000000,98868.00,12.899850,BUY,5905
1736130419999000000,98785.77,10.604980,SELL,5906
1736130479999000000,98762.11,9.588870,SELL,5907
1736130539999000000,98742.03,8.904790,SELL,5908
1736130599999000000,98757.01,6.695910,BUY,5909
1736130659999000000,98729.31,9.646220,SELL,5910
1736130719999000000,98800.00,6.444320,BUY,5911
1736130779999000000,98853.43,8.835560,BUY,5912
1736130839999000000,98835.29,6.453260,SELL,5913
1736130899999000000,98950.85,70.659700,BUY,5914
1736130959999000000,99090.91,23.510040,BUY,5915
1736131019999000000,99040.00,10.666090,SELL,5916
1736131079999000000,99055.35,6.582340,BUY,5917
1736131139999000000,99032.32,9.078780,SELL,5918
1736131199999000000,99012.46,15.442470,SELL,5919
1736131259999000000,98976.00,20.626700,SELL,5920
1736131319999000000,98795.03,39.486150,SELL,5921
1736131379999000000,98848.97,30.776460,BUY,5922
1736131439999000000,98792.70,8.738390,SELL,5923
1736131499999000000,98862.00,17.111210,BUY,5924
1736131559999000000,98937.12,7.760200,BUY,5925
1736131619999000000,98957.56,30.295110,BUY,5926
1736131679999000000,98941.10,6.262590,SELL,5927
1736131739999000000,98930.60,7.647740,SELL,5928
1736131799999000000,98969.69,9.770450,BUY,5929
1736131859999000000,98954.94,9.085380,SELL,5930
1736131919999000000,98903.52,8.098210,SELL,5931
1736131979999000000,98912.92,3.356330,BUY,5932
1736132039999000000,98909.98,4.407320,SELL,5933
1736132099999000000,98898.65,7.328260,SELL,5934
1736132159999000000,98836.38,6.721940,SELL,5935
1736132219999000000,98858.86,6.299890,BUY,5936
1736132279999000000,98819.08,10.154290,SELL,5937
1736132339999000000,98844.04,5.881390,BUY,5938
1736132399999000000,98815.39,6.591320,SELL,5939
1736132459999000000,98808.99,12.333640,SELL,5940
1736132519999000000,98787.89,11.109850,SELL,5941
1736132579999000000,98759.55,5.137690,SELL,5942
1736132639999000000,98858.26,15.473050,BUY,5943
1736132699999000000,98849.28,3.894910,SELL,5944
1736132759999000000,98943.28,18.935310,BUY,5945
1736132819999000000,99000.00,9.042580,BUY,5946
1736132879999000000,98985.20,8.362040,SELL,5947
1736132939999000000,98946.00,5.739800,SELL,5948
1736132999999000000,98969.28,2.814620,BUY,5949
1736133059999000000,98956.47,5.799050,SELL,5950
1736133119999000000,98948.44,2.757630,SELL,5951
1736133179999000000,98928.46,3.587980,SELL,5952
1736133239999000000,98950.93,2.245080,BUY,5953
1736133299999000000,98961.91,1.539660,BUY,5954
1736133359999000000,98978.32,6.969700,BUY,5955
1736133419999000000,98975.70,4.515700,SELL,5956
1736133479999000000,98978.33,15.540950,BUY,5957
1736133539999000000,98999.97,4.034800,BUY,5958
1736133599999000000,98989.04,1.781510,SELL,5959
1736133659999000000,98947.78,54.971630,SELL,5960
1736133719999000000,98938.98,5.539740,SELL,5961
1736133779999000000,98930.96,0.664850,SELL,5962
1736133839999000000,98985.60,7.045810,BUY,5963
1736133899999000000,99080.68,11.520260,BUY,5964
1736133959999000000,99091.88,8.160280,BUY,5965
1736134019999000000,99090.52,77.482860,SELL,5966
1736134079999000000,99094.07,13.401740,BUY,5967
1736134139999000000,99094.06,3.604900,BUY,5968
1736134199999000000,99099.09,3.240770,BUY,5969
1736134259999000000,99089.44,8.520910,SELL,5970
1736134319999000000,99096.20,2.823170,BUY,5971
1736134379999000000,99138.85,7.692420,BUY,5972
1736134439999000000,99145.69,27.743490,BUY,5973
1736134499999000000,99092.00,12.519980,SELL,5974
1736134559999000000,99129.48,6.806880,BUY,5975
1736134619999000000,99182.56,10.004970,BUY,5976
1736134679999000000,99181.78,2.382820,SELL,5977
1736134739999000000,99179.85,3.474770,SELL,5978
1736134799999000000,99226.23,16.655750,BUY,5979
1736134859999000000,99186.69,8.671400,SELL,5980
1736134919999000000,99194.95,4.941730,BUY,5981
1736134979999000000,99168.45,2.651960,SELL,5982
1736135039999000000,99139.46,4.543280,SELL,5983
1736135099999000000,99119.80,8.409770,SELL,5984
1736135159999000000,99100.15,1.750620,SELL,5985
1736135219999000000,99120.01,6.964640,BUY,5986
1736135279999000000,99116.38,6.197860,SELL,5987
1736135339999000000,99056.55,6.406460,SELL,5988
1736135399999000000,99072.02,3.430620,BUY,5989
1736135459999000000,99050.10,2.549910,SELL,5990
1736135519999000000,99033.17,2.868820,SELL,5991
1736135579999000000,99029.99,6.762330,SELL,5992
1736135639999000000,99016.77,2.799650,SELL,5993
1736135699999000000,99019.20,7.560070,BUY,5994
1736135759999000000,99079.47,5.209880,BUY,5995
1736135819999000000,99082.35,5.252840,BUY,5996
1736135879999000000,99037.57,5.461340,SELL,5997
1736135939999000000,99037.57,1.640700,BUY,5998
1736135999999000000,99037.57,2.246720,BUY,5999
1736136059999000000,99179.38,45.843800,BUY,6000
1736136119999000000,99174.07,7.865870,SELL,6001
1736136179999000000,99171.07,7.823730,SELL,6002
1736136239999000000,99184.81,3.268450,BUY,6003
1736136299999000000,99173.13,3.523740,SELL,6004
1736136359999000000,99208.68,5.217060,BUY,6005
1736136419999000000,99208.29,6.336000,SELL,6006
1736136479999000000,99220.70,7.779070,BUY,6007
1736136539999000000,99212.18,4.302590,SELL,6008
1736136599999000000,99242.08,6.631650,BUY,6009
1736136659999000000,99242.57,7.171550,BUY,6010
1736136719999000000,99269.01,14.111540,BUY,6011
1736136779999000000,99274.46,6.685690,BUY,6012
1736136839999000000,99284.84,6.124300,BUY,6013
1736136899999000000,99282.13,7.299800,SELL,6014
1736136959999000000,99287.46,17.210150,BUY,6015
1736137019999000000,99250.19,8.396550,SELL,6016
1736137079999000000,99254.70,4.444190,BUY,6017
1736137139999000000,99319.99,11.973760,BUY,6018
1736137199999000000,99407.39,34.228560,BUY,6019
1736137259999000000,99362.28,12.874650,SELL,6020
1736137319999000000,99383.14,8.713220,BUY,6021
1736137379999000000,99348.61,5.933710,SELL,6022
1736137439999000000,99292.76,5.044250,SELL,6023
1736137499999000000,99335.93,12.739760,BUY,6024
1736137559999000000,99385.85,9.783950,BUY,6025
1736137619999000000,99338.97,14.272360,SELL,6026
1736137679999000000,99320.84,2.041400,SELL,6027
1736137739999000000,99242.54,22.909070,SELL,6028
1736137799999000000,99250.00,4.268920,BUY,6029
1736137859999000000,99261.50,4.520200,BUY,6030
1736137919999000000,99219.42,12.548130,SELL,6031
1736137979999000000,99237.60,8.380830,BUY,6032
1736138039999000000,99194.90,10.728370,SELL,6033
1736138099999000000,99189.83,3.645370,SELL,6034
1736138159999000000,99214.67,9.731630,BUY,6035
1736138219999000000,99233.91,35.561930,BUY,6036
1736138279999000000,99244.32,23.053380,BUY,6037
1736138339999000000,99209.69,3.676700,SELL,6038
1736138399999000000,99193.55,3.257900,SELL,6039
1736138459999000000,99198.63,1.423840,BUY,6040
1736138519999000000,99211.91,4.945890,BUY,6041
1736138579999000000,99219.99,4.249330,BUY,6042
1736138639999000000,99216.81,7.667500,SELL,6043
1736138699999000000,99204.68,3.031560,SELL,6044
1736138759999000000,99246.74,6.302080,BUY,6045
1736138819999000000,99247.77,1.210140,BUY,6046
1736138879999000000,99279.69,11.988940,BUY,6047
1736138939999000000,99282.82,5.540790,BUY,6048
1736138999999000000,99287.12,2.604930,BUY,6049
1736139059999000000,99320.88,5.061200,BUY,6050
1736139119999000000,99364.25,11.388970,BUY,6051
1736139179999000000,99408.63,9.049200,BUY,6052
1736139239999000000,99401.56,2.610640,SELL,6053
1736139299999000000,99425.59,8.231240,BUY,6054
1736139359999000000,99428.55,103.098430,BUY,6055
1736139419999000000,99428.50,8.159940,SELL,6056
1736139479999000000,99454.55,6.866640,BUY,6057
1736139539999000000,99484.81,7.593320,BUY,6058
1736139599999000000,99466.09,4.558240,SELL,6059
1736139659999000000,99482.62,5.025220,BUY,6060
1736139719999000000,99436.91,7.784600,SELL,6061
1736139779999000000,99415.80,4.557660,SELL,6062
1736139839999000000,99414.80,4.836840,SELL,6063
1736139899999000000,99428.40,2.435140,BUY,6064
1736139959999000000,99511.00,16.363770,BUY,6065
1736140019999000000,99540.01,45.279890,BUY,6066
1736140079999000000,99599.99,6.802680,BUY,6067
1736140139999000000,99576.37,14.180350,SELL,6068
1736140199999000000,99552.92,13.022130,SELL,6069
1736140259999000000,99552.36,9.588000,SELL,6070
1736140319999000000,99516.04,9.501690,SELL,6071
1736140379999000000,99456.50,7.742050,SELL,6072
1736140439999000000,99425.45,3.315170,SELL,6073
1736140499999000000,99413.40,7.051320,SELL,6074
1736140559999000000,99483.01,6.765750,BUY,6075
1736140619999000000,99581.91,24.567240,BUY,6076
1736140679999000000,99553.59,8.889880,SELL,6077
1736140739999000000,99530.95,3.694520,SELL,6078
1736140799999000000,99507.08,8.920440,SELL,6079
1736140859999000000,99513.31,33.027480,BUY,6080
1736140919999000000,99558.51,13.425350,BUY,6081
1736140979999000000,99597.99,2.450170,BUY,6082
1736141039999000000,99641.76,18.912110,BUY,6083
1736141099999000000,99665.90,9.224140,BUY,6084
1736141159999000000,99642.81,14.160250,SELL,6085
1736141219999000000,99623.83,10.063860,SELL,6086
1736141279999000000,99620.95,6.726130,SELL,6087
1736141339999000000,99644.43,8.814160,BUY,6088
1736141399999000000,99660.12,4.901670,BUY,6089
1736141459999000000,99747.00,48.805550,BUY,6090
1736141519999000000,99729.17,13.828800,SELL,6091
1736141579999000000,99727.95,13.409160,SELL,6092
1736141639999000000,99746.64,19.797270,BUY,6093
1736141699999000000,99810.15,49.280110,BUY,6094
1736141759999000000,99814.29,9.176350,BUY,6095
1736141819999000000,99807.92,13.780140,SELL,6096
1736141879999000000,99778.42,12.067610,SELL,6097
1736141939999000000,99764.00,14.095480,SELL,6098
1736141999999000000,99726.77,8.934650,SELL,6099
1736142059999000000,99751.00,21.472030,BUY,6100
1736142119999000000,99763.00,4.889300,BUY,6101
1736142179999000000,99728.39,7.832960,SELL,6102
1736142239999000000,99679.86,23.240480,SELL,6103
1736142299999000000,99729.70,52.060160,BUY,6104
1736142359999000000,99704.47,5.357590,SELL,6105
1736142419999000000,99791.56,18.450640,BUY,6106
1736142479999000000,99885.65,87.286100,BUY,6107
1736142539999000000,99855.19,33.143570,SELL,6108
1736142599999000000,99777.84,22.115020,SELL,6109
1736142659999000000,99786.30,6.963370,BUY,6110
1736142719999000000,99765.73,5.846610,SELL,6111
1736142779999000000,99705.42,12.970300,SELL,6112
1736142839999000000,99738.70,7.502650,BUY,6113
1736142899999000000,99744.61,1.967810,BUY,6114
1736142959999000000,99727.28,4.113600,SELL,6115
1736143019999000000,99700.00,16.497950,SELL,6116
1736143079999000000,99575.68,17.859790,SELL,6117
1736143139999000000,99576.31,45.095390,BUY,6118
1736143199999000000,99600.00,9.510060,BUY,6119
1736143259999000000,99614.56,9.160630,BUY,6120
1736143319999000000,99642.08,3.778040,BUY,6121
1736143379999000000,99685.37,6.086200,BUY,6122
1736143439999000000,99700.00,20.292410,BUY,6123
1736143499999000000,99663.62,18.096310,SELL,6124
1736143559999000000,99664.62,6.422370,BUY,6125
1736143619999000000,99642.34,11.641340,SELL,6126
1736143679999000000,99570.00,9.001590,SELL,6127
1736143739999000000,99535.45,8.291920,SELL,6128
1736143799999000000,99545.74,15.767140,BUY,6129
1736143859999000000,99612.00,7.387930,BUY,6130
1736143919999000000,99595.38,5.441710,SELL,6131
1736143979999000000,99517.27,7.653220,SELL,6132
1736144039999000000,99501.78,9.855940,SELL,6133
1736144099999000000,99521.44,6.913530,BUY,6134
1736144159999000000,99612.43,19.566160,BUY,6135
1736144219999000000,99495.35,77.104660,SELL,6136
1736144279999000000,99458.58,13.991920,SELL,6137
1736144339999000000,99436.74,16.100750,SELL,6138
1736144399999000000,99432.78,6.490180,SELL,6139
1736144459999000000,99486.23,12.301680,BUY,6140
1736144519999000000,99528.00,7.410210,BUY,6141
1736144579999000000,99492.15,3.572440,SELL,6142
1736144639999000000,99498.43,3.939190,BUY,6143
1736144699999000000,99511.06,7.176570,BUY,6144
1736144759999000000,99561.14,4.418500,BUY,6145
1736144819999000000,99619.90,75.861500,BUY,6146
1736144879999000000,99551.52,5.011490,SELL,6147
1736144939999000000,99508.00,3.693350,SELL,6148
1736144999999000000,99484.83,2.182830,SELL,6149
1736145059999000000,99498.02,3.616590,BUY,6150
1736145119999000000,99488.55,5.973110,SELL,6151
1736145179999000000,99459.56,5.819560,SELL,6152
1736145239999000000,99499.99,4.144400,BUY,6153
1736145299999000000,99519.22,2.561270,BUY,6154
1736145359999000000,99538.89,6.046620,BUY,6155
1736145419999000000,99505.28,5.082350,SELL,6156
1736145479999000000,99582.78,13.140760,BUY,6157
1736145539999000000,99646.86,9.092950,BUY,6158
1736145599999000000,99681.17,7.659920,BUY,6159
1736145659999000000,99727.28,34.799810,BUY,6160
1736145719999000000,99672.76,7.220420,SELL,6161
1736145779999000000,99748.06,12.449120,BUY,6162
1736145839999000000,99705.57,8.164620,SELL,6163
1736145899999000000,99699.30,31.705340,SELL,6164
1736145959999000000,99698.40,16.227140,SELL,6165
1736146019999000000,99680.80,6.684750,SELL,6166
1736146079999000000,99610.50,16.386090,SELL,6167
1736146139999000000,99620.01,8.070590,BUY,6168
1736146199999000000,99588.92,14.946550,SELL,6169
1736146259999000000,99589.20,10.546160,BUY,6170
1736146319999000000,99583.54,8.826340,SELL,6171
1736146379999000000,99581.59,17.282740,SELL,6172
1736146439999000000,99560.98,5.678590,SELL,6173
1736146499999000000,99569.97,5.165120,BUY,6174
1736146559999000000,99544.00,11.711000,SELL,6175
1736146619999000000,99582.51,3.209700,BUY,6176
1736146679999000000,99550.00,17.219620,SELL,6177
1736146739999000000,99485.48,95.015790,SELL,6178
1736146799999000000,99512.21,4.790600,BUY,6179
1736146859999000000,99520.85,24.009580,BUY,6180
1736146919999000000,99524.80,7.005590,BUY,6181
1736146979999000000,99520.09,10.275670,SELL,6182
1736147039999000000,99473.97,31.853330,SELL,6183
1736147099999000000,99300.09,33.618080,SELL,6184
1736147159999000000,99323.61,26.279550,BUY,6185
1736147219999000000,99313.92,5.802810,SELL,6186
1736147279999000000,99363.26,14.417550,BUY,6187
1736147339999000000,99420.20,17.065410,BUY,6188
1736147399999000000,99396.47,8.120530,SELL,6189
1736147459999000000,99414.03,10.660400,BUY,6190
1736147519999000000,99434.98,4.279580,BUY,6191
1736147579999000000,99410.00,5.563980,SELL,6192
1736147639999000000,99355.22,8.867650,SELL,6193
1736147699999000000,99380.77,2.408260,BUY,6194
1736147759999000000,99345.70,24.303210,SELL,6195
1736147819999000000,99283.33,17.002520,SELL,6196
1736147879999000000,99279.66,6.151090,SELL,6197
1736147939999000000,99165.84,19.084690,SELL,6198
1736147999999000000,99250.00,9.908530,BUY,6199
1736148059999000000,99244.01,19.446540,SELL,6200
1736148119999000000,99212.13,9.285730,SELL,6201
1736148179999000000,99240.00,6.273840,BUY,6202
1736148239999000000,99275.00,9.635300,BUY,6203
1736148299999000000,99320.55,9.592010,BUY,6204
1736148359999000000,99297.58,6.593750,SELL,6205
1736148419999000000,99334.00,4.059740,BUY,6206
1736148479999000000,99354.41,4.899650,BUY,6207
1736148539999000000,99327.79,9.159400,SELL,6208
1736148599999000000,99322.68,2.241910,SELL,6209
1736148659999000000,99354.38,11.210730,BUY,6210
1736148719999000000,99340.01,4.598730,SELL,6211
1736148779999000000,99306.05,5.340470,SELL,6212
1736148839999000000,99309.78,3.010300,BUY,6213
1736148899999000000,99304.19,4.859080,SELL,6214
1736148959999000000,99289.58,4.097990,SELL,6215
1736149019999000000,99321.89,9.937570,BUY,6216
1736149079999000000,99312.91,3.093980,SELL,6217
1736149139999000000,99326.60,5.803580,BUY,6218
1736149199999000000,99303.59,4.736030,SELL,6219
1736149259999000000,99256.00,1.968430,SELL,6220
1736149319999000000,99268.01,1.123940,BUY,6221
1736149379999000000,99283.83,2.166060,BUY,6222
1736149439999000000,99306.37,4.481840,BUY,6223
1736149499999000000,99303.04,1.375640,SELL,6224
1736149559999000000,99312.23,4.126590,BUY,6225
1736149619999000000,99334.12,3.855520,BUY,6226
1736149679999000000,99388.11,12.421840,BUY,6227
1736149739999000000,99383.11,13.532820,SELL,6228
1736149799999000000,99383.10,0.701540,BUY,6229
1736149859999000000,99376.08,9.240170,SELL,6230
1736149919999000000,99358.07,3.588920,SELL,6231
1736149979999000000,99379.99,1.835550,BUY,6232
1736150039999000000,99415.99,4.899650,BUY,6233
1736150099999000000,99363.30,40.934080,SELL,6234
1736150159999000000,99347.22,6.337020,SELL,6235
1736150219999000000,99336.00,1.853190,SELL,6236
1736150279999000000,99311.94,2.666060,SELL,6237
1736150339999000000,99310.43,10.088690,SELL,6238
1736150399999000000,99318.70,4.145290,BUY,6239
1736150459999000000,99352.25,7.284710,BUY,6240
1736150519999000000,99375.45,5.386760,BUY,6241
1736150579999000000,99418.17,14.275540,BUY,6242
1736150639999000000,99424.24,5.971820,BUY,6243
1736150699999000000,99476.00,13.672680,BUY,6244
1736150759999000000,99541.85,9.059200,BUY,6245
1736150819999000000,99521.69,24.610510,SELL,6246
1736150879999000000,99474.43,10.106900,SELL,6247
1736150939999000000,99508.31,10.546760,BUY,6248
1736150999999000000,99492.52,3.349790,SELL,6249
1736151059999000000,99609.08,8.466510,BUY,6250
1736151119999000000,99580.00,11.516020,SELL,6251
1736151179999000000,99549.05,2.888350,SELL,6252
1736151239999000000,99563.60,8.260020,BUY,6253
1736151299999000000,99563.76,4.853300,BUY,6254
1736151359999000000,99554.08,6.628920,SELL,6255
1736151419999000000,99487.38,9.294070,SELL,6256
1736151479999000000,99457.12,13.891450,SELL,6257
1736151539999000000,99450.00,3.845330,SELL,6258
1736151599999000000,99403.58,2.650180,SELL,6259
1736151659999000000,99405.43,3.974710,BUY,6260
1736151719999000000,99440.52,10.020980,BUY,6261
1736151779999000000,99478.60,4.506370,BUY,6262
1736151839999000000,99443.40,3.025490,SELL,6263
1736151899999000000,99380.31,5.612240,SELL,6264
1736151959999000000,99330.01,7.528280,SELL,6265
1736152019999000000,99355.13,6.128850,BUY,6266
1736152079999000000,99378.31,2.930270,BUY,6267
1736152139999000000,99407.01,12.167440,BUY,6268
1736152199999000000,99395.09,4.067370,SELL,6269
1736152259999000000,99398.88,6.437490,BUY,6270
1736152319999000000,99361.71,6.478350,SELL,6271
1736152379999000000,99334.16,14.618510,SELL,6272
1736152439999000000,99334.14,4.085610,SELL,6273
1736152499999000000,99308.97,3.612140,SELL,6274
1736152559999000000,99288.00,6.718540,SELL,6275
1736152619999000000,99318.74,5.434040,BUY,6276
1736152679999000000,99301.61,9.053930,SELL,6277
1736152739999000000,99241.90,14.999210,SELL,6278
1736152799999000000,99242.42,28.740010,BUY,6279
1736152859999000000,99245.66,5.695930,BUY,6280
1736152919999000000,99050.00,77.418960,SELL,6281
1736152979999000000,99085.15,59.195030,BUY,6282
1736153039999000000,99063.24,12.455120,SELL,6283
1736153099999000000,99046.63,12.010960,SELL,6284
1736153159999000000,99100.00,6.279460,BUY,6285
1736153219999000000,99075.23,5.105080,SELL,6286
1736153279999000000,99037.30,8.718950,SELL,6287
1736153339999000000,99086.60,15.459900,BUY,6288
1736153399999000000,99039.34,6.051470,SELL,6289
1736153459999000000,99071.36,3.983320,BUY,6290
1736153519999000000,99084.05,19.102100,BUY,6291
1736153579999000000,99099.24,6.730480,BUY,6292
1736153639999000000,99148.74,19.537420,BUY,6293
1736153699999000000,99143.11,2.275430,SELL,6294
1736153759999000000,99192.53,18.368180,BUY,6295
1736153819999000000,99189.23,8.904900,SELL,6296
1736153879999000000,99069.62,27.486430,SELL,6297
1736153939999000000,99031.27,13.458040,SELL,6298
1736153999999000000,99043.49,9.396500,BUY,6299
1736154059999000000,99066.21,13.929840,BUY,6300
1736154119999000000,99076.71,7.235240,BUY,6301
1736154179999000000,99137.39,14.541510,BUY,6302
1736154239999000000,99154.99,9.172380,BUY,6303
1736154299999000000,99159.03,6.832300,BUY,6304
1736154359999000000,99134.59,5.972940,SELL,6305
1736154419999000000,99134.60,0.876790,BUY,6306
1736154479999000000,99140.71,10.634550,BUY,6307
1736154539999000000,99167.99,6.459740,BUY,6308
1736154599999000000,99180.00,8.662950,BUY,6309
1736154659999000000,99200.00,3.961180,BUY,6310
1736154719999000000,99233.19,18.084960,BUY,6311
1736154779999000000,99162.61,22.783620,SELL,6312
1736154839999000000,99170.95,8.623970,BUY,6313
1736154899999000000,99179.99,6.709580,BUY,6314
1736154959999000000,99172.42,2.085540,SELL,6315
1736155019999000000,99163.27,5.307040,SELL,6316
1736155079999000000,99125.23,5.409390,SELL,6317
1736155139999000000,99146.48,2.310970,BUY,6318
1736155199999000000,99157.94,4.836110,BUY,6319
1736155259999000000,99156.42,2.888520,SELL,6320
1736155319999000000,99146.36,3.581200,SELL,6321
1736155379999000000,99134.90,4.863650,SELL,6322
1736155439999000000,99134.90,3.964160,BUY,6323
1736155499999000000,99158.32,11.216880,BUY,6324
1736155559999000000,99115.87,4.702100,SELL,6325
1736155619999000000,99069.29,19.859060,SELL,6326
1736155679999000000,99063.00,3.470240,SELL,6327
1736155739999000000,99083.65,16.681710,BUY,6328
1736155799999000000,99114.26,5.062870,BUY,6329
1736155859999000000,99066.09,5.575070,SELL,6330
1736155919999000000,99069.89,8.800500,BUY,6331
1736155979999000000,99145.63,23.743960,BUY,6332
1736156039999000000,99123.29,4.596210,SELL,6333
1736156099999000000,99118.72,8.591640,SELL,6334
1736156159999000000,99118.16,2.247710,SELL,6335
1736156219999000000,99053.91,7.458030,SELL,6336
1736156279999000000,99075.44,2.878330,BUY,6337
1736156339999000000,99085.12,6.641080,BUY,6338
1736156399999000000,99050.01,3.625770,SELL,6339
1736156459999000000,99074.74,10.772990,BUY,6340
1736156519999000000,99052.00,2.286390,SELL,6341
1736156579999000000,99038.30,3.503430,SELL,6342
1736156639999000000,99073.30,13.686580,BUY,6343
1736156699999000000,99054.87,4.418740,SELL,6344
1736156759999000000,99038.99,5.455970,SELL,6345
1736156819999000000,99082.96,8.179510,BUY,6346
1736156879999000000,99057.24,2.967490,SELL,6347
1736156939999000000,99075.91,3.122340,BUY,6348
1736156999999000000,99057.24,6.680970,SELL,6349
1736157059999000000,99050.00,3.691060,SELL,6350
1736157119999000000,98955.97,34.316620,SELL,6351
1736157179999000000,98989.99,3.483310,BUY,6352
1736157239999000000,98999.98,11.643590,BUY,6353
1736157299999000000,98978.95,7.004670,SELL,6354
1736157359999000000,98989.68,3.180370,BUY,6355
1736157419999000000,98983.54,2.187430,SELL,6356
1736157479999000000,99000.00,1.521250,BUY,6357
1736157539999000000,98999.99,2.906080,SELL,6358
1736157599999000000,98999.99,1.503030,BUY,6359
1736157659999000000,99057.95,29.743960,BUY,6360
1736157719999000000,99000.01,10.112840,SELL,6361
1736157779999000000,98977.69,8.042610,SELL,6362
1736157839999000000,98956.07,1.922930,SELL,6363
1736157899999000000,98974.52,5.909430,BUY,6364
1736157959999000000,98906.68,14.158330,SELL,6365
1736158019999000000,98836.35,33.793660,SELL,6366
1736158079999000000,98914.13,8.324300,BUY,6367
1736158139999000000,98896.92,15.923850,SELL,6368
1736158199999000000,98802.52,7.441170,SELL,6369
1736158259999000000,98900.00,18.956310,BUY,6370
1736158319999000000,98874.16,9.502640,SELL,6371
1736158379999000000,98887.79,2.449940,BUY,6372
1736158439999000000,98887.79,11.344550,BUY,6373
1736158499999000000,98882.01,2.125070,SELL,6374
1736158559999000000,98903.83,7.127050,BUY,6375
1736158619999000000,98909.99,2.753050,BUY,6376
1736158679999000000,98898.98,11.454190,SELL,6377
1736158739999000000,98863.55,5.024450,SELL,6378
1736158799999000000,98885.99,5.399950,BUY,6379
1736158859999000000,98858.80,2.592290,SELL,6380
1736158919999000000,98894.18,4.379400,BUY,6381
1736158979999000000,98904.95,4.082030,BUY,6382
1736159039999000000,98904.95,2.363510,SELL,6383
1736159099999000000,98928.34,19.466470,BUY,6384
1736159159999000000,98900.01,8.303050,SELL,6385
1736159219999000000,98908.68,7.500050,BUY,6386
1736159279999000000,98908.67,0.692660,BUY,6387
1736159339999000000,98988.00,28.391930,BUY,6388
1736159399999000000,99010.43,19.163860,BUY,6389
1736159459999000000,98948.93,7.414940,SELL,6390
1736159519999000000,98932.30,3.383390,SELL,6391
1736159579999000000,98925.41,2.485780,SELL,6392
1736159639999000000,98910.00,1.396450,SELL,6393
1736159699999000000,98930.54,6.421060,BUY,6394
1736159759999000000,98872.01,11.408120,SELL,6395
1736159819999000000,98845.40,4.362070,SELL,6396
1736159879999000000,98855.66,15.417090,BUY,6397
1736159939999000000,98890.88,3.581370,BUY,6398
1736159999999000000,98863.67,2.419120,SELL,6399
1736160059999000000,98850.23,3.663760,SELL,6400
1736160119999000000,98850.23,4.292010,BUY,6401
1736160179999000000,98860.37,1.293590,BUY,6402
1736160239999000000,98774.99,12.068790,SELL,6403
1736160299999000000,98766.79,6.582320,SELL,6404
1736160359999000000,98765.38,5.508300,SELL,6405
1736160419999000000,98803.35,16.736290,BUY,6406
1736160479999000000,98834.41,5.930110,BUY,6407
1736160539999000000,98834.41,9.229700,BUY,6408
1736160599999000000,98840.19,4.978940,BUY,6409
1736160659999000000,98816.57,4.423380,SELL,6410
1736160719999000000,98805.81,8.848780,SELL,6411
1736160779999000000,98799.92,3.212890,SELL,6412
1736160839999000000,98788.46,3.581290,SELL,6413
1736160899999000000,98821.79,18.012450,BUY,6414
1736160959999000000,98791.44,5.657760,SELL,6415
1736161019999000000,98791.43,2.874260,BUY,6416
1736161079999000000,98740.00,14.045840,SELL,6417
1736161139999000000,98749.62,22.010590,BUY,6418
1736161199999000000,98767.96,6.181300,BUY,6419
1736161259999000000,98821.68,6.482780,BUY,6420
1736161319999000000,98745.41,10.117560,SELL,6421
1736161379999000000,98777.93,7.914710,BUY,6422
1736161439999000000,98744.75,5.203650,SELL,6423
1736161499999000000,98793.57,3.495510,BUY,6424
1736161559999000000,98830.69,2.142440,BUY,6425
1736161619999000000,98921.34,12.887280,BUY,6426
1736161679999000000,98948.67,8.943880,BUY,6427
1736161739999000000,98947.99,6.361390,SELL,6428
1736161799999000000,98947.88,4.649780,SELL,6429
1736161859999000000,98962.59,3.198970,BUY,6430
1736161919999000000,98945.64,3.162710,SELL,6431
1736161979999000000,98962.40,2.882900,BUY,6432
1736162039999000000,98983.84,9.176780,BUY,6433
1736162099999000000,99013.62,16.040900,BUY,6434
1736162159999000000,99050.29,8.370200,BUY,6435
1736162219999000000,99050.28,3.041670,SELL,6436
1736162279999000000,99029.17,12.895450,SELL,6437
1736162339999000000,99045.03,11.666640,BUY,6438
1736162399999000000,99029.95,8.446170,SELL,6439
1736162459999000000,98976.18,43.137290,SELL,6440
1736162519999000000,98983.43,1.874380,BUY,6441
1736162579999000000,99097.07,153.895670,BUY,6442
1736162639999000000,99106.29,10.512630,BUY,6443
1736162699999000000,99196.76,14.389330,BUY,6444
1736162759999000000,99162.76,20.387820,SELL,6445
1736162819999000000,99257.13,8.764890,BUY,6446
1736162879999000000,99273.77,17.201260,BUY,6447
1736162939999000000,99256.74,8.627200,SELL,6448
1736162999999000000,99248.69,3.319860,SELL,6449
1736163059999000000,99254.18,5.930390,BUY,6450
1736163119999000000,99278.83,7.918370,BUY,6451
1736163179999000000,99260.59,5.245130,SELL,6452
1736163239999000000,99277.97,4.981090,BUY,6453
1736163299999000000,99247.37,3.437490,SELL,6454
1736163359999000000,99257.96,6.969570,BUY,6455
1736163419999000000,99368.55,17.643380,BUY,6456
1736163479999000000,99353.39,10.844280,SELL,6457
1736163539999000000,99252.41,22.564210,SELL,6458
1736163599999000000,99200.00,18.704970,SELL,6459
1736163659999000000,99212.13,20.680060,BUY,6460
1736163719999000000,99205.66,6.262030,SELL,6461
1736163779999000000,99217.02,3.421660,BUY,6462
1736163839999000000,99237.01,3.829930,BUY,6463
1736163899999000000,99240.75,3.988520,BUY,6464
1736163959999000000,99231.79,2.407410,SELL,6465
1736164019999000000,99193.73,3.753260,SELL,6466
1736164079999000000,99229.89,7.769360,BUY,6467
1736164139999000000,99206.11,6.696840,SELL,6468
1736164199999000000,99192.64,2.490810,SELL,6469
1736164259999000000,99208.85,3.546660,BUY,6470
1736164319999000000,99240.72,6.230940,BUY,6471
1736164379999000000,99311.95,7.125770,BUY,6472
1736164439999000000,99275.92,13.212840,SELL,6473
1736164499999000000,99233.68,11.433230,SELL,6474
1736164559999000000,99201.97,13.805610,SELL,6475
1736164619999000000,99240.26,4.602850,BUY,6476
1736164679999000000,99222.57,4.688330,SELL,6477
1736164739999000000,99248.62,4.057630,BUY,6478
1736164799999000000,99259.99,4.433430,BUY,6479
1736164859999000000,99300.00,3.020800,BUY,6480
1736164919999000000,99324.30,10.689940,BUY,6481
1736164979999000000,99381.19,7.103830,BUY,6482
1736165039999000000,99400.30,15.028950,BUY,6483
1736165099999000000,99399.99,9.770020,SELL,6484
1736165159999000000,99364.34,3.568810,SELL,6485
1736165219999000000,99410.30,4.527100,BUY,6486
1736165279999000000,99354.04,7.723580,SELL,6487
1736165339999000000,99317.11,4.445390,SELL,6488
1736165399999000000,99368.26,10.745650,BUY,6489
1736165459999000000,99400.42,10.705910,BUY,6490
1736165519999000000,99464.55,5.860350,BUY,6491
1736165579999000000,99448.70,13.110290,SELL,6492
1736165639999000000,99519.99,27.543810,BUY,6493
1736165699999000000,99485.57,8.910360,SELL,6494
1736165759999000000,99492.86,20.310930,BUY,6495
1736165819999000000,99450.02,8.803570,SELL,6496
1736165879999000000,99445.76,15.099550,SELL,6497
1736165939999000000,99440.83,7.005730,SELL,6498
1736165999999000000,99416.01,6.910560,SELL,6499
1736166059999000000,99451.20,8.456520,BUY,6500
1736166119999000000,99430.01,12.594150,SELL,6501
1736166179999000000,99525.00,13.784990,BUY,6502
1736166239999000000,99550.00,5.651300,BUY,6503
1736166299999000000,99676.68,50.831610,BUY,6504
1736166359999000000,99644.72,12.556120,SELL,6505
1736166419999000000,99630.96,15.796510,SELL,6506
1736166479999000000,99564.11,10.955000,SELL,6507
1736166539999000000,99623.83,6.659680,BUY,6508
1736166599999000000,99572.49,6.455270,SELL,6509
1736166659999000000,99560.89,5.069290,SELL,6510
1736166719999000000,99517.61,14.423060,SELL,6511
1736166779999000000,99491.58,14.545860,SELL,6512
1736166839999000000,99489.56,7.820560,SELL,6513
1736166899999000000,99454.54,12.114620,SELL,6514
1736166959999000000,99535.39,10.296620,BUY,6515
1736167019999000000,99484.46,5.023470,SELL,6516
1736167079999000000,99511.99,5.639840,BUY,6517
1736167139999000000,99511.99,2.772240,BUY,6518
1736167199999000000,99511.98,6.341190,SELL,6519
1736167259999000000,99502.03,3.045670,SELL,6520
1736167319999000000,99505.05,6.090770,BUY,6521
1736167379999000000,99470.17,5.571840,SELL,6522
1736167439999000000,99498.36,6.620860,BUY,6523
1736167499999000000,99539.01,7.605850,BUY,6524
1736167559999000000,99455.37,8.680790,SELL,6525
1736167619999000000,99462.64,6.498520,BUY,6526
1736167679999000000,99447.91,2.795660,SELL,6527
1736167739999000000,99461.14,7.443080,BUY,6528
1736167799999000000,99360.00,16.846730,SELL,6529
1736167859999000000,99345.94,13.664560,SELL,6530
1736167919999000000,99269.34,18.219880,SELL,6531
1736167979999000000,99285.84,8.223200,BUY,6532
1736168039999000000,99270.20,12.769450,SELL,6533
1736168099999000000,99271.36,15.396860,BUY,6534
1736168159999000000,99195.78,10.821440,SELL,6535
1736168219999000000,99184.98,19.772750,SELL,6536
1736168279999000000,99195.68,10.664020,BUY,6537
1736168339999000000,99161.68,6.880850,SELL,6538
1736168399999000000,99157.12,7.858280,SELL,6539
1736168459999000000,99211.88,5.871270,BUY,6540
1736168519999000000,99130.25,17.268150,SELL,6541
1736168579999000000,99178.71,9.521840,BUY,6542
1736168639999000000,99126.42,7.625080,SELL,6543
1736168699999000000,99138.77,9.317860,BUY,6544
1736168759999000000,99092.00,7.063450,SELL,6545
1736168819999000000,99073.68,16.024460,SELL,6546
1736168879999000000,99112.79,7.031510,BUY,6547
1736168939999000000,99175.44,5.956940,BUY,6548
1736168999999000000,99132.93,6.406630,SELL,6549
1736169059999000000,99137.61,4.642400,BUY,6550
1736169119999000000,99093.75,4.399830,SELL,6551
1736169179999000000,99083.12,10.871690,SELL,6552
1736169239999000000,99026.17,27.414750,SELL,6553
1736169299999000000,99044.49,5.595110,BUY,6554
1736169359999000000,98937.07,38.266700,SELL,6555
1736169419999000000,98909.82,16.265990,SELL,6556
1736169479999000000,98926.89,18.822100,BUY,6557
1736169539999000000,99066.27,21.598240,BUY,6558
1736169599999000000,99009.99,24.458820,SELL,6559
1736169659999000000,99110.86,20.117480,BUY,6560
1736169719999000000,99127.66,15.584500,BUY,6561
1736169779999000000,99188.67,8.128550,BUY,6562
1736169839999000000,99249.86,11.836790,BUY,6563
1736169899999000000,99253.85,5.059210,BUY,6564
1736169959999000000,99344.58,8.968060,BUY,6565
1736170019999000000,99315.61,15.002890,SELL,6566
1736170079999000000,99356.00,13.085650,BUY,6567
1736170139999000000,99328.32,9.184780,SELL,6568
1736170199999000000,99320.03,5.449010,SELL,6569
1736170259999000000,99370.27,9.335110,BUY,6570
1736170319999000000,99364.98,6.533030,SELL,6571
1736170379999000000,99333.51,6.257980,SELL,6572
1736170439999000000,99270.81,4.981840,SELL,6573
1736170499999000000,99244.32,7.825520,SELL,6574
1736170559999000000,99220.21,9.395140,SELL,6575
1736170619999000000,99258.43,4.023140,BUY,6576
1736170679999000000,99245.78,5.512470,SELL,6577
1736170739999000000,99217.37,3.602990,SELL,6578
1736170799999000000,99149.79,7.460100,SELL,6579
1736170859999000000,99218.60,3.592840,BUY,6580
1736170919999000000,99269.44,17.506970,BUY,6581
1736170979999000000,99232.30,11.984710,SELL,6582
1736171039999000000,99252.99,10.422230,BUY,6583
1736171099999000000,99282.82,3.719390,BUY,6584
1736171159999000000,99234.52,13.627730,SELL,6585
1736171219999000000,99230.83,7.617670,SELL,6586
1736171279999000000,99282.39,12.668490,BUY,6587
1736171339999000000,99289.92,4.330870,BUY,6588
1736171399999000000,99285.15,3.313930,SELL,6589
1736171459999000000,99261.38,9.328560,SELL,6590
1736171519999000000,99377.38,18.943050,BUY,6591
1736171579999000000,99399.29,4.505620,BUY,6592
1736171639999000000,99408.27,4.444900,BUY,6593
1736171699999000000,99462.87,11.759260,BUY,6594
1736171759999000000,99505.13,9.424540,BUY,6595
1736171819999000000,99489.02,10.494420,SELL,6596
1736171879999000000,99537.56,6.960060,BUY,6597
1736171939999000000,99501.52,15.637800,SELL,6598
1736171999999000000,99492.51,9.174630,SELL,6599
1736172059999000000,99463.53,19.611210,SELL,6600
1736172119999000000,99486.49,6.785990,BUY,6601
1736172179999000000,99566.61,14.941010,BUY,6602
1736172239999000000,99578.18,13.639550,BUY,6603
1736172299999000000,99586.49,6.877830,BUY,6604
1736172359999000000,99504.96,10.328910,SELL,6605
1736172419999000000,99368.01,22.340060,SELL,6606
1736172479999000000,99377.15,19.816720,BUY,6607
1736172539999000000,99411.99,6.953560,BUY,6608
1736172599999000000,99323.41,16.486560,SELL,6609
1736172659999000000,99227.23,11.945140,SELL,6610
1736172719999000000,99266.58,8.962270,BUY,6611
1736172779999000000,99226.68,9.152150,SELL,6612
1736172839999000000,99247.55,9.719650,BUY,6613
1736172899999000000,99277.36,22.690170,BUY,6614
1736172959999000000,99042.00,26.927780,SELL,6615
1736173019999000000,98827.30,130.455740,SELL,6616
1736173079999000000,98917.31,38.280170,BUY,6617
1736173139999000000,98831.51,39.309710,SELL,6618
1736173199999000000,98750.02,28.011390,SELL,6619
1736173259999000000,98852.04,37.247610,BUY,6620
1736173319999000000,98873.87,17.124600,BUY,6621
1736173379999000000,98812.50,16.598160,SELL,6622
1736173439999000000,98803.83,18.955950,SELL,6623
1736173499999000000,98755.85,14.326690,SELL,6624
1736173559999000000,98920.04,19.767840,BUY,6625
1736173619999000000,99004.78,30.392720,BUY,6626
1736173679999000000,99110.05,9.752590,BUY,6627
1736173739999000000,99029.49,19.633260,SELL,6628
1736173799999000000,99055.01,2.186570,BUY,6629
1736173859999000000,98987.51,47.840500,SELL,6630
1736173919999000000,98888.01,31.348270,SELL,6631
1736173979999000000,98984.66,50.948150,BUY,6632
1736174039999000000,99184.00,30.801230,BUY,6633
1736174099999000000,99285.12,73.296440,BUY,6634
1736174159999000000,99033.93,58.486050,SELL,6635
1736174219999000000,98982.70,78.257380,SELL,6636
1736174279999000000,99106.00,44.151600,BUY,6637
1736174339999000000,99099.44,38.208890,SELL,6638
1736174399999000000,99116.00,24.686790,BUY,6639
1736174459999000000,99379.99,39.579010,BUY,6640
1736174519999000000,99487.99,44.305910,BUY,6641
1736174579999000000,99512.00,43.523070,BUY,6642
1736174639999000000,99589.90,32.861530,BUY,6643
1736174699999000000,99527.81,35.254900,SELL,6644
1736174759999000000,99782.51,95.738710,BUY,6645
1736174819999000000,99787.54,44.408280,BUY,6646
1736174879999000000,99863.38,28.388360,BUY,6647
1736174939999000000,100249.99,319.876380,BUY,6648
1736174999999000000,100489.99,393.738540,BUY,6649
1736175059999000000,100440.72,162.384510,SELL,6650
1736175119999000000,100719.03,143.510170,BUY,6651
1736175179999000000,100767.17,107.013140,BUY,6652
1736175239999000000,100928.69,137.309410,BUY,6653
1736175299999000000,101020.18,217.300610,BUY,6654
1736175359999000000,101022.53,100.324290,BUY,6655
1736175419999000000,101051.34,82.401300,BUY,6656
1736175479999000000,101029.61,151.746860,SELL,6657
1736175539999000000,100963.61,75.805500,SELL,6658
1736175599999000000,100737.03,105.168030,SELL,6659
1736175659999000000,100593.82,95.375740,SELL,6660
1736175719999000000,100699.28,92.706890,BUY,6661
1736175779999000000,100919.17,68.001540,BUY,6662
1736175839999000000,101027.36,86.495940,BUY,6663
1736175899999000000,100974.75,62.555060,SELL,6664
1736175959999000000,100920.81,66.940680,SELL,6665
1736176019999000000,101009.29,117.899540,BUY,6666
1736176079999000000,101005.59,64.382020,SELL,6667
1736176139999000000,101057.40,58.165470,BUY,6668
1736176199999000000,101085.58,36.494620,BUY,6669
1736176259999000000,101097.08,90.867320,BUY,6670
1736176319999000000,101090.90,86.645710,SELL,6671
1736176379999000000,101097.31,37.654970,BUY,6672
1736176439999000000,101242.38,89.978290,BUY,6673
1736176499999000000,101253.83,89.196100,BUY,6674
1736176559999000000,101217.45,98.134340,SELL,6675
1736176619999000000,101152.27,56.031510,SELL,6676
1736176679999000000,101315.30,74.108020,BUY,6677
1736176739999000000,101384.16,95.920310,BUY,6678
1736176799999000000,101483.88,44.805950,BUY,6679
1736176859999000000,101483.99,68.047110,BUY,6680
1736176919999000000,101454.55,42.820220,SELL,6681
1736176979999000000,101457.34,58.893680,BUY,6682
1736177039999000000,101348.22,40.496740,SELL,6683
1736177099999000000,101342.79,31.982040,SELL,6684
1736177159999000000,101491.30,93.776190,BUY,6685
1736177219999000000,101574.53,63.880570,BUY,6686
1736177279999000000,101572.61,38.331390,SELL,6687
1736177339999000000,101612.01,33.135400,BUY,6688
1736177399999000000,101678.10,38.504220,BUY,6689
1736177459999000000,101804.46,85.801150,BUY,6690
1736177519999000000,101710.34,122.516240,SELL,6691
1736177579999000000,101756.40,41.884640,BUY,6692
1736177639999000000,101810.76,33.297160,BUY,6693
1736177699999000000,101814.29,57.449010,BUY,6694
1736177759999000000,101820.29,39.334390,BUY,6695
1736177819999000000,101838.88,47.459280,BUY,6696
1736177879999000000,101899.99,61.407580,BUY,6697
1736177939999000000,101876.88,41.640180,SELL,6698
1736177999999000000,101703.25,65.551010,SELL,6699
1736178059999000000,101862.91,30.248350,BUY,6700
1736178119999000000,101847.26,50.405570,SELL,6701
1736178179999000000,101885.24,45.787940,BUY,6702
1736178239999000000,101912.16,66.977070,BUY,6703
1736178299999000000,101969.51,19.855550,BUY,6704
1736178359999000000,102172.99,148.020410,BUY,6705
1736178419999000000,102052.42,45.364600,SELL,6706
1736178479999000000,101884.10,63.409940,SELL,6707
1736178539999000000,101965.76,48.003470,BUY,6708
1736178599999000000,101962.89,41.846130,SELL,6709
1736178659999000000,102057.61,47.398350,BUY,6710
1736178719999000000,102106.30,42.119280,BUY,6711
1736178779999000000,102320.01,66.906310,BUY,6712
1736178839999000000,102401.93,51.963020,BUY,6713
1736178899999000000,102357.20,68.491230,SELL,6714
1736178959999000000,102315.66,75.363270,SELL,6715
1736179019999000000,102149.99,44.487010,SELL,6716
1736179079999000000,102140.02,28.322980,SELL,6717
1736179139999000000,102224.69,20.378420,BUY,6718
1736179199999000000,102147.95,41.052270,SELL,6719
1736179259999000000,102111.01,70.157010,SELL,6720
1736179319999000000,102166.23,76.736910,BUY,6721
1736179379999000000,102038.61,63.858340,SELL,6722
1736179439999000000,102087.55,37.617410,BUY,6723
1736179499999000000,102110.82,36.668250,BUY,6724
1736179559999000000,102134.58,36.896310,BUY,6725
1736179619999000000,102203.82,64.946370,BUY,6726
1736179679999000000,102228.19,21.018000,BUY,6727
1736179739999000000,102227.50,26.320640,SELL,6728
1736179799999000000,102404.53,85.067950,BUY,6729
1736179859999000000,102442.48,72.605570,BUY,6730
1736179919999000000,102370.23,29.856850,SELL,6731
1736179979999000000,102210.23,31.720380,SELL,6732
1736180039999000000,102216.20,31.828810,BUY,6733
1736180099999000000,102198.37,63.686710,SELL,6734
1736180159999000000,102239.99,24.912300,BUY,6735
1736180219999000000,102306.94,18.292910,BUY,6736
1736180279999000000,102220.43,26.091440,SELL,6737
1736180339999000000,102156.09,17.050770,SELL,6738
1736180399999000000,102289.94,26.772200,BUY,6739
1736180459999000000,102320.14,27.278520,BUY,6740
1736180519999000000,102303.92,18.729760,SELL,6741
1736180579999000000,102344.75,52.145370,BUY,6742
1736180639999000000,102349.12,16.560080,BUY,6743
1736180699999000000,102419.98,26.280100,BUY,6744
1736180759999000000,102413.97,13.027160,SELL,6745
1736180819999000000,102411.62,27.153260,SELL,6746
1736180879999000000,102414.24,14.545620,BUY,6747
1736180939999000000,102449.62,22.400880,BUY,6748
1736180999999000000,102440.02,51.543330,SELL,6749
1736181059999000000,102423.07,25.496170,SELL,6750
1736181119999000000,102426.41,20.726820,BUY,6751
1736181179999000000,102466.59,17.709330,BUY,6752
1736181239999000000,102459.99,18.308810,SELL,6753
1736181299999000000,102421.83,19.245740,SELL,6754
1736181359999000000,102193.79,51.416520,SELL,6755
1736181419999000000,102283.23,23.386520,BUY,6756
1736181479999000000,102168.51,23.413330,SELL,6757
1736181539999000000,102145.00,18.875280,SELL,6758
1736181599999000000,102152.13,48.559130,BUY,6759
1736181659999000000,102074.77,24.052810,SELL,6760
1736181719999000000,102095.50,21.763600,BUY,6761
1736181779999000000,102033.22,21.926570,SELL,6762
1736181839999000000,101959.98,39.319120,SELL,6763
1736181899999000000,101883.16,66.304090,SELL,6764
1736181959999000000,101967.71,56.326770,BUY,6765
1736182019999000000,101870.21,33.396100,SELL,6766
1736182079999000000,101796.12,57.006040,SELL,6767
1736182139999000000,101795.30,34.841660,SELL,6768
1736182199999000000,101883.84,65.873300,BUY,6769
1736182259999000000,101956.10,56.533620,BUY,6770
1736182319999000000,102201.75,56.731030,BUY,6771
1736182379999000000,102140.10,21.099840,SELL,6772
1736182439999000000,102146.94,42.436950,BUY,6773
1736182499999000000,102270.00,30.423110,BUY,6774
1736182559999000000,102156.01,42.438600,SELL,6775
1736182619999000000,102087.27,18.954830,SELL,6776
1736182679999000000,102127.36,24.007130,BUY,6777
1736182739999000000,102125.80,20.422480,SELL,6778
1736182799999000000,102158.67,12.825650,BUY,6779
1736182859999000000,102047.02,31.337550,SELL,6780
1736182919999000000,102041.96,19.773710,SELL,6781
1736182979999000000,102075.28,14.494940,BUY,6782
1736183039999000000,102011.02,26.141190,SELL,6783
1736183099999000000,101949.94,17.513310,SELL,6784
1736183159999000000,101921.86,29.160310,SELL,6785
1736183219999000000,101875.34,25.367800,SELL,6786
1736183279999000000,101896.02,44.745290,BUY,6787
1736183339999000000,101985.06,38.799110,BUY,6788
1736183399999000000,102027.54,82.803260,BUY,6789
1736183459999000000,101975.49,13.917120,SELL,6790
1736183519999000000,102000.83,14.327710,BUY,6791
1736183579999000000,101975.95,20.423120,SELL,6792
1736183639999000000,102014.93,17.061940,BUY,6793
1736183699999000000,101900.01,14.078480,SELL,6794
1736183759999000000,101865.85,25.634010,SELL,6795
1736183819999000000,101890.84,16.935860,BUY,6796
1736183879999000000,101896.88,10.597870,BUY,6797
1736183939999000000,101835.85,13.595390,SELL,6798
1736183999999000000,101790.62,24.056190,SELL,6799
1736184059999000000,101873.96,40.802270,BUY,6800
1736184119999000000,101954.94,18.042730,BUY,6801
1736184179999000000,101984.33,25.072020,BUY,6802
1736184239999000000,102001.21,29.330560,BUY,6803
1736184299999000000,101994.84,22.559070,SELL,6804
1736184359999000000,101973.11,19.114340,SELL,6805
1736184419999000000,101840.51,15.837130,SELL,6806
1736184479999000000,101866.84,17.065580,BUY,6807
1736184539999000000,101790.63,13.075580,SELL,6808
1736184599999000000,101830.53,10.970330,BUY,6809
1736184659999000000,101789.23,14.132260,SELL,6810
1736184719999000000,101763.72,9.639460,SELL,6811
1736184779999000000,101805.25,29.264400,BUY,6812
1736184839999000000,101949.99,10.187810,BUY,6813
1736184899999000000,101961.73,12.312710,BUY,6814
1736184959999000000,101829.86,24.511450,SELL,6815
1736185019999000000,101744.24,19.617900,SELL,6816
1736185079999000000,101684.36,55.597280,SELL,6817
1736185139999000000,101683.99,40.193950,SELL,6818
1736185199999000000,101526.42,84.364410,SELL,6819
1736185259999000000,101502.99,91.072810,SELL,6820
1736185319999000000,101371.41,36.695880,SELL,6821
1736185379999000000,101284.42,75.253440,SELL,6822
1736185439999000000,101305.88,25.429510,BUY,6823
1736185499999000000,101414.70,17.659460,BUY,6824
1736185559999000000,101438.38,28.307450,BUY,6825
1736185619999000000,101598.04,40.647530,BUY,6826
1736185679999000000,101682.87,23.735590,BUY,6827
1736185739999000000,101601.01,20.279410,SELL,6828
1736185799999000000,101630.01,11.132030,BUY,6829
1736185859999000000,101565.36,22.370170,SELL,6830
1736185919999000000,101592.12,15.164700,BUY,6831
1736185979999000000,101614.96,10.812910,BUY,6832
1736186039999000000,101647.36,10.842770,BUY,6833
1736186099999000000,101711.38,23.175760,BUY,6834
1736186159999000000,101734.26,13.635040,BUY,6835
1736186219999000000,101706.40,6.490050,SELL,6836
1736186279999000000,101790.63,9.451550,BUY,6837
1736186339999000000,101820.72,10.714340,BUY,6838
1736186399999000000,101831.95,11.726330,BUY,6839
1736186459999000000,101765.82,15.145890,SELL,6840
1736186519999000000,101677.61,27.119660,SELL,6841
1736186579999000000,101727.71,36.020480,BUY,6842
1736186639999000000,101805.29,19.658760,BUY,6843
1736186699999000000,101786.81,15.751160,SELL,6844
1736186759999000000,101787.88,7.672820,BUY,6845
1736186819999000000,101727.27,12.247210,SELL,6846
1736186879999000000,101791.44,12.655600,BUY,6847
1736186939999000000,101843.74,7.832900,BUY,6848
1736186999999000000,101914.10,9.988850,BUY,6849
1736187059999000000,101919.19,11.518900,BUY,6850
1736187119999000000,101860.01,15.236960,SELL,6851
1736187179999000000,101859.05,8.020640,SELL,6852
1736187239999000000,101937.48,5.283460,BUY,6853
1736187299999000000,101945.76,8.152700,BUY,6854
1736187359999000000,101944.91,11.042610,SELL,6855
1736187419999000000,101919.62,12.562980,SELL,6856
1736187479999000000,101882.49,10.492590,SELL,6857
1736187539999000000,101917.42,38.800390,BUY,6858
1736187599999000000,101922.33,5.209040,BUY,6859
1736187659999000000,101957.69,7.536060,BUY,6860
1736187719999000000,101959.05,14.081000,BUY,6861
1736187779999000000,101985.29,91.745540,BUY,6862
1736187839999000000,101987.73,14.807860,BUY,6863
1736187899999000000,101905.45,11.057480,SELL,6864
1736187959999000000,101938.98,9.937950,BUY,6865
1736188019999000000,101889.56,8.200350,SELL,6866
1736188079999000000,101938.93,5.129200,BUY,6867
1736188139999000000,101886.07,7.393500,SELL,6868
1736188199999000000,101933.84,18.497340,BUY,6869
1736188259999000000,101949.77,8.245370,BUY,6870
1736188319999000000,101896.87,25.445870,SELL,6871
1736188379999000000,101851.36,9.246150,SELL,6872
1736188439999000000,101903.77,10.327050,BUY,6873
1736188499999000000,101896.87,6.741850,SELL,6874
1736188559999000000,101931.66,9.718220,BUY,6875
1736188619999000000,101984.22,5.052540,BUY,6876
1736188679999000000,101998.99,4.925760,BUY,6877
1736188739999000000,102052.00,8.695250,BUY,6878
1736188799999000000,102047.86,10.487470,SELL,6879
1736188859999000000,102019.90,12.099070,SELL,6880
1736188919999000000,102023.99,10.919980,BUY,6881
1736188979999000000,101969.65,12.987160,SELL,6882
1736189039999000000,102026.67,8.556800,BUY,6883
1736189099999000000,101954.15,7.812390,SELL,6884
1736189159999000000,101787.33,30.062670,SELL,6885
1736189219999000000,101896.88,26.023340,BUY,6886
1736189279999000000,101945.78,13.626770,BUY,6887
1736189339999000000,101872.24,8.586370,SELL,6888
1736189399999000000,101705.71,14.593260,SELL,6889
1736189459999000000,101698.10,19.608120,SELL,6890
1736189519999000000,101864.98,10.243830,BUY,6891
1736189579999000000,101895.62,9.392060,BUY,6892
1736189639999000000,101928.31,8.225910,BUY,6893
1736189699999000000,101866.27,10.069930,SELL,6894
1736189759999000000,101907.98,9.373230,BUY,6895
1736189819999000000,101866.05,7.035270,SELL,6896
1736189879999000000,101820.02,11.843830,SELL,6897
1736189939999000000,101828.84,11.776670,BUY,6898
1736189999999000000,101738.80,13.783530,SELL,6899
1736190059999000000,101714.37,13.220810,SELL,6900
1736190119999000000,101657.61,13.894510,SELL,6901
1736190179999000000,101720.28,22.234760,BUY,6902
1736190239999000000,101792.00,12.160550,BUY,6903
1736190299999000000,101699.36,10.397960,SELL,6904
1736190359999000000,101836.32,14.895930,BUY,6905
1736190419999000000,101743.66,24.354740,SELL,6906
1736190479999000000,101856.00,9.999150,BUY,6907
1736190539999000000,101851.92,8.381860,SELL,6908
1736190599999000000,101860.83,4.314560,BUY,6909
1736190659999000000,101775.81,13.468380,SELL,6910
1736190719999000000,101813.26,5.507830,BUY,6911
1736190779999000000,101937.94,8.022670,BUY,6912
1736190839999000000,101927.68,9.145240,SELL,6913
1736190899999000000,101921.58,5.756660,SELL,6914
1736190959999000000,101999.99,8.816240,BUY,6915
1736191019999000000,101985.64,11.039330,SELL,6916
1736191079999000000,102024.65,10.289660,BUY,6917
1736191139999000000,102009.79,16.574060,SELL,6918
1736191199999000000,101996.80,15.049820,SELL,6919
1736191259999000000,101974.49,20.977700,SELL,6920
1736191319999000000,101896.88,16.402980,SELL,6921
1736191379999000000,101910.03,14.989160,BUY,6922
1736191439999000000,101942.52,3.673670,BUY,6923
1736191499999000000,101926.13,15.445100,SELL,6924
1736191559999000000,101878.76,7.591530,SELL,6925
1736191619999000000,101852.73,7.303630,SELL,6926
1736191679999000000,101931.98,9.378260,BUY,6927
1736191739999000000,101939.39,6.618240,BUY,6928
1736191799999000000,101892.96,5.771020,SELL,6929
1736191859999000000,101887.54,9.298360,SELL,6930
1736191919999000000,101810.47,18.219870,SELL,6931
1736191979999000000,101781.05,11.029450,SELL,6932
1736192039999000000,101782.08,7.629130,BUY,6933
1736192099999000000,101814.03,11.273330,BUY,6934
1736192159999000000,101804.45,14.631370,SELL,6935
1736192219999000000,101843.74,6.153640,BUY,6936
1736192279999000000,101807.53,7.016170,SELL,6937
1736192339999000000,101924.37,6.078440,BUY,6938
1736192399999000000,101902.95,7.774940,SELL,6939
1736192459999000000,101934.22,11.348630,BUY,6940
1736192519999000000,101945.40,6.505530,BUY,6941
1736192579999000000,101938.02,8.052830,SELL,6942
1736192639999000000,101975.99,8.197490,BUY,6943
1736192699999000000,102009.78,14.441430,BUY,6944
1736192759999000000,101975.00,18.304660,SELL,6945
1736192819999000000,101978.60,3.739710,BUY,6946
1736192879999000000,101944.54,10.460560,SELL,6947
1736192939999000000,101932.53,4.238110,SELL,6948
1736192999999000000,101861.42,9.201020,SELL,6949
1736193059999000000,101852.15,5.612040,SELL,6950
1736193119999000000,101810.00,10.300110,SELL,6951
1736193179999000000,101805.78,5.076290,SELL,6952
1736193239999000000,101854.45,10.681340,BUY,6953
1736193299999000000,101821.02,19.587780,SELL,6954
1736193359999000000,101848.49,7.590160,BUY,6955
1736193419999000000,101859.62,8.495680,BUY,6956
1736193479999000000,101750.62,5.669570,SELL,6957
1736193539999000000,101802.46,13.465760,BUY,6958
1736193599999000000,101817.22,5.430730,BUY,6959
1736193659999000000,101940.49,60.961120,BUY,6960
1736193719999000000,101968.03,16.666860,BUY,6961
1736193779999000000,101978.37,6.590960,BUY,6962
1736193839999000000,102000.00,37.536280,BUY,6963
1736193899999000000,102012.96,39.324860,BUY,6964
1736193959999000000,102004.91,16.361060,SELL,6965
1736194019999000000,102018.20,15.755020,BUY,6966
1736194079999000000,101999.16,16.466810,SELL,6967
1736194139999000000,102043.07,10.921850,BUY,6968
1736194199999000000,102039.73,8.049880,SELL,6969
1736194259999000000,102039.55,10.012280,SELL,6970
1736194319999000000,102031.25,7.461950,SELL,6971
1736194379999000000,102075.99,16.959100,BUY,6972
1736194439999000000,102123.35,31.554750,BUY,6973
1736194499999000000,102181.82,7.334580,BUY,6974
1736194559999000000,102179.56,18.110220,SELL,6975
1736194619999000000,102195.68,9.109700,BUY,6976
1736194679999000000,102194.75,8.773590,SELL,6977
1736194739999000000,102181.48,16.661420,SELL,6978
1736194799999000000,102193.19,13.011870,BUY,6979
1736194859999000000,102224.18,36.534280,BUY,6980
1736194919999000000,102213.29,9.586850,SELL,6981
1736194979999000000,102202.23,13.192120,SELL,6982
1736195039999000000,102271.52,13.030170,BUY,6983
1736195099999000000,102318.49,21.553470,BUY,6984
1736195159999000000,102220.01,19.188860,SELL,6985
1736195219999000000,102205.40,12.395080,SELL,6986
1736195279999000000,102099.39,21.958340,SELL,6987
1736195339999000000,102096.97,16.422010,SELL,6988
1736195399999000000,102114.94,13.034490,BUY,6989
1736195459999000000,102066.97,24.342120,SELL,6990
1736195519999000000,102031.64,19.985110,SELL,6991
1736195579999000000,102106.36,16.135850,BUY,6992
1736195639999000000,102139.71,12.216720,BUY,6993
1736195699999000000,102204.97,14.707470,BUY,6994
1736195759999000000,102226.20,15.956230,BUY,6995
1736195819999000000,102172.46,21.967670,SELL,6996
1736195879999000000,102097.79,12.893000,SELL,6997
1736195939999000000,101961.68,28.583540,SELL,6998
1736195999999000000,101972.77,39.789590,BUY,6999
1736196059999000000,102030.16,25.328210,BUY,7000
1736196119999000000,102053.31,26.438170,BUY,7001
1736196179999000000,102059.34,23.702970,BUY,7002
1736196239999000000,102028.89,13.166290,SELL,7003
1736196299999000000,102018.52,23.315280,SELL,7004
1736196359999000000,102017.16,24.907630,SELL,7005
1736196419999000000,101910.59,26.960130,SELL,7006
1736196479999000000,101888.24,36.856010,SELL,7007
1736196539999000000,101969.69,31.876240,BUY,7008
1736196599999000000,101871.54,15.318540,SELL,7009
1736196659999000000,101970.11,64.016870,BUY,7010
1736196719999000000,102053.97,23.457740,BUY,7011
1736196779999000000,102046.45,16.164940,SELL,7012
1736196839999000000,102103.38,29.796950,BUY,7013
1736196899999000000,102115.27,34.667230,BUY,7014
1736196959999000000,102054.48,37.263920,SELL,7015
1736197019999000000,102038.87,16.475100,SELL,7016
1736197079999000000,102037.77,19.669880,SELL,7017
1736197139999000000,102063.55,23.172390,BUY,7018
1736197199999000000,102127.38,194.892210,BUY,7019
1736197259999000000,102143.30,32.565370,BUY,7020
1736197319999000000,102174.45,11.887970,BUY,7021
1736197379999000000,102235.47,20.916050,BUY,7022
1736197439999000000,102232.80,10.068240,SELL,7023
1736197499999000000,102206.45,7.517870,SELL,7024
1736197559999000000,102293.59,15.159060,BUY,7025
1736197619999000000,102262.98,17.153170,SELL,7026
1736197679999000000,102292.39,10.015260,BUY,7027
1736197739999000000,102267.99,21.669110,SELL,7028
1736197799999000000,102241.34,5.440730,SELL,7029
1736197859999000000,102296.90,13.775810,BUY,7030
1736197919999000000,102242.42,16.886540,SELL,7031
1736197979999000000,102192.49,16.460610,SELL,7032
1736198039999000000,102154.16,9.760830,SELL,7033
1736198099999000000,102039.68,141.635540,SELL,7034
1736198159999000000,102133.44,12.189750,BUY,7035
1736198219999000000,102155.44,5.316680,BUY,7036
1736198279999000000,102175.07,25.491940,BUY,7037
1736198339999000000,102164.01,3.486430,SELL,7038
1736198399999000000,102134.05,14.446500,SELL,7039
1736198459999000000,102130.61,5.488490,SELL,7040
1736198519999000000,102079.31,13.184880,SELL,7041
1736198579999000000,102019.48,8.014440,SELL,7042
1736198639999000000,102000.55,20.084860,SELL,7043
1736198699999000000,102018.03,19.975370,BUY,7044
1736198759999000000,102109.05,18.362080,BUY,7045
1736198819999000000,102136.00,14.593660,BUY,7046
1736198879999000000,102126.73,6.788270,SELL,7047
1736198939999000000,102082.45,46.034070,SELL,7048
1736198999999000000,102060.60,98.201940,SELL,7049
1736199059999000000,101976.07,26.942570,SELL,7050
1736199119999000000,101973.99,14.810510,SELL,7051
1736199179999000000,101998.57,4.628060,BUY,7052
1736199239999000000,102037.04,13.127480,BUY,7053
1736199299999000000,101999.99,16.669030,SELL,7054
1736199359999000000,101977.42,4.474340,SELL,7055
1736199419999000000,101831.20,24.660790,SELL,7056
1736199479999000000,101773.25,13.497670,SELL,7057
1736199539999000000,101749.96,10.364550,SELL,7058
1736199599999000000,101808.53,15.281660,BUY,7059
1736199659999000000,101737.51,8.208090,SELL,7060
1736199719999000000,101753.61,10.565540,BUY,7061
1736199779999000000,101759.92,5.190230,BUY,7062
1736199839999000000,101773.61,9.453840,BUY,7063
1736199899999000000,101769.08,2.841610,SELL,7064
1736199959999000000,101733.55,18.615810,SELL,7065
1736200019999000000,101732.48,5.681510,SELL,7066
1736200079999000000,101788.38,46.352400,BUY,7067
1736200139999000000,101835.89,6.383920,BUY,7068
1736200199999000000,101862.60,3.784650,BUY,7069
1736200259999000000,101804.78,10.409520,SELL,7070
1736200319999000000,101830.64,16.464820,BUY,7071
1736200379999000000,101758.98,5.432570,SELL,7072
1736200439999000000,101742.06,2.324600,SELL,7073
1736200499999000000,101764.72,8.545660,BUY,7074
1736200559999000000,101694.56,11.508930,SELL,7075
1736200619999000000,101643.16,12.636780,SELL,7076
1736200679999000000,101608.01,7.367180,SELL,7077
1736200739999000000,101622.16,9.333020,BUY,7078
1736200799999000000,101611.92,2.069040,SELL,7079
1736200859999000000,101628.93,22.257380,BUY,7080
1736200919999000000,101673.39,13.453080,BUY,7081
1736200979999000000,101642.65,3.738530,SELL,7082
1736201039999000000,101635.73,2.607610,SELL,7083
1736201099999000000,101608.06,3.690530,SELL,7084
1736201159999000000,101642.65,6.144980,BUY,7085
1736201219999000000,101647.70,13.082990,BUY,7086
1736201279999000000,101642.48,3.559710,SELL,7087
1736201339999000000,101728.98,9.502590,BUY,7088
1736201399999000000,101727.21,7.253420,SELL,7089
1736201459999000000,101748.17,3.740030,BUY,7090
1736201519999000000,101698.63,10.144140,SELL,7091
1736201579999000000,101684.38,5.477230,SELL,7092
1736201639999000000,101677.91,6.141000,SELL,7093
1736201699999000000,101711.59,4.445200,BUY,7094
1736201759999000000,101749.24,3.355020,BUY,7095
1736201819999000000,101755.99,2.395610,BUY,7096
1736201879999000000,101832.39,9.095190,BUY,7097
1736201939999000000,101796.00,4.213580,SELL,7098
1736201999999000000,101873.08,7.365610,BUY,7099
1736202059999000000,101825.22,9.275800,SELL,7100
1736202119999000000,101887.13,3.583540,BUY,7101
1736202179999000000,101887.12,1.897500,SELL,7102
1736202239999000000,101940.73,4.015830,BUY,7103
1736202299999000000,101947.52,7.163150,BUY,7104
1736202359999000000,101855.56,21.523350,SELL,7105
1736202419999000000,101789.52,11.280850,SELL,7106
1736202479999000000,101846.65,5.091990,BUY,7107
1736202539999000000,101875.29,2.965520,BUY,7108
1736202599999000000,101928.58,11.002800,BUY,7109
1736202659999000000,101967.67,9.888630,BUY,7110
1736202719999000000,101983.29,1.737080,BUY,7111
1736202779999000000,101935.02,3.944710,SELL,7112
1736202839999000000,101928.59,1.602070,SELL,7113
1736202899999000000,101928.59,1.802680,BUY,7114
1736202959999000000,101952.17,2.219630,BUY,7115
1736203019999000000,101986.01,1.356200,BUY,7116
1736203079999000000,102032.45,10.533220,BUY,7117
1736203139999000000,102012.00,10.864450,SELL,7118
1736203199999000000,102026.36,5.844980,BUY,7119
1736203259999000000,102002.20,7.612440,SELL,7120
1736203319999000000,101996.86,3.747640,SELL,7121
1736203379999000000,101980.01,3.525410,SELL,7122
1736203439999000000,101958.63,3.965540,SELL,7123
1736203499999000000,101975.52,2.693030,BUY,7124
1736203559999000000,101977.63,2.144240,BUY,7125
1736203619999000000,101981.51,1.226850,BUY,7126
1736203679999000000,101988.00,1.565840,BUY,7127
1736203739999000000,102022.67,7.125310,BUY,7128
1736203799999000000,102056.23,2.906060,BUY,7129
1736203859999000000,102044.00,7.144870,SELL,7130
1736203919999000000,101998.98,8.204540,SELL,7131
1736203979999000000,101998.98,4.394300,BUY,7132
1736204039999000000,101998.98,6.784520,SELL,7133
1736204099999000000,101998.97,1.476230,SELL,7134
1736204159999000000,102000.24,5.551820,BUY,7135
1736204219999000000,102046.07,11.129680,BUY,7136
1736204279999000000,102051.46,3.515760,BUY,7137
1736204339999000000,102039.79,8.543350,SELL,7138
1736204399999000000,102011.98,2.642720,SELL,7139
1736204459999000000,102077.51,9.392230,BUY,7140
1736204519999000000,101985.73,6.239230,SELL,7141
1736204579999000000,101933.98,9.970250,SELL,7142
1736204639999000000,101933.21,11.911760,SELL,7143
1736204699999000000,101953.41,5.948210,BUY,7144
1736204759999000000,101907.50,9.732090,SELL,7145
1736204819999000000,102011.98,12.253960,BUY,7146
1736204879999000000,102056.25,13.993470,BUY,7147
1736204939999000000,102127.92,13.852920,BUY,7148
1736204999999000000,102094.30,13.688030,SELL,7149
1736205059999000000,102103.17,12.389540,BUY,7150
1736205119999000000,102087.47,10.729080,SELL,7151
1736205179999000000,101994.01,10.750980,SELL,7152
1736205239999000000,101985.39,7.362340,SELL,7153
1736205299999000000,102000.00,2.113450,BUY,7154
1736205359999000000,102054.31,12.432320,BUY,7155
1736205419999000000,102113.47,62.236940,BUY,7156
1736205479999000000,102074.18,3.945490,SELL,7157
1736205539999000000,102094.46,4.108720,BUY,7158
1736205599999000000,102081.47,3.526660,SELL,7159
1736205659999000000,102079.50,4.585410,SELL,7160
1736205719999000000,102075.21,7.662560,SELL,7161
1736205779999000000,102086.27,3.377550,BUY,7162
1736205839999000000,102092.82,5.310990,BUY,7163
1736205899999000000,102072.93,3.592970,SELL,7164
1736205959999000000,102087.39,3.588500,BUY,7165
1736206019999000000,102056.26,4.176130,SELL,7166
1736206079999000000,102052.35,8.013050,SELL,7167
1736206139999000000,102062.27,1.836660,BUY,7168
1736206199999000000,102082.76,2.127940,BUY,7169
1736206259999000000,102107.24,3.415140,BUY,7170
1736206319999000000,102000.00,11.351610,SELL,7171
1736206379999000000,102017.66,10.787520,BUY,7172
1736206439999000000,102039.50,2.535980,BUY,7173
1736206499999000000,102012.19,3.849400,SELL,7174
1736206559999000000,102093.90,6.507200,BUY,7175
1736206619999000000,102046.81,3.457380,SELL,7176
1736206679999000000,102104.51,2.829810,BUY,7177
1736206739999000000,102098.96,1.160420,SELL,7178
1736206799999000000,102098.95,0.907210,SELL,7179
1736206859999000000,102072.66,3.464740,SELL,7180
1736206919999000000,102079.97,1.672230,BUY,7181
1736206979999000000,102113.46,5.630070,BUY,7182
1736207039999000000,102199.98,13.265890,BUY,7183
1736207099999000000,102179.25,6.695430,SELL,7184
1736207159999000000,102199.98,3.492100,BUY,7185
1736207219999000000,102202.64,9.979150,BUY,7186
1736207279999000000,102195.53,3.918180,SELL,7187
1736207339999000000,102157.35,4.002410,SELL,7188
1736207399999000000,102186.53,7.649150,BUY,7189
1736207459999000000,102174.45,4.286270,SELL,7190
1736207519999000000,102169.52,3.879050,SELL,7191
1736207579999000000,102187.97,3.021690,BUY,7192
1736207639999000000,102187.97,8.817710,BUY,7193
1736207699999000000,102182.84,1.974370,SELL,7194
1736207759999000000,102182.84,3.340930,BUY,7195
1736207819999000000,102182.85,1.669540,BUY,7196
1736207879999000000,102182.84,2.165500,SELL,7197
1736207939999000000,102230.64,9.701290,BUY,7198
1736207999999000000,102235.60,9.591040,BUY,7199
1736208059999000000,102239.57,27.197180,BUY,7200
1736208119999000000,102170.61,9.139500,SELL,7201
1736208179999000000,102170.78,31.646740,BUY,7202
1736208239999000000,102170.79,13.701960,BUY,7203
1736208299999000000,102109.38,7.404340,SELL,7204
1736208359999000000,102102.72,3.361260,SELL,7205
1736208419999000000,102049.70,6.526370,SELL,7206
1736208479999000000,101999.99,11.214130,SELL,7207
1736208539999000000,101988.01,16.113130,SELL,7208
1736208599999000000,102000.00,5.281660,BUY,7209
1736208659999000000,102045.00,7.694240,BUY,7210
1736208719999000000,102049.97,7.151730,BUY,7211
1736208779999000000,102028.85,18.500400,SELL,7212
1736208839999000000,102031.96,5.025540,BUY,7213
1736208899999000000,102031.96,1.746620,BUY,7214
1736208959999000000,101986.69,22.958900,SELL,7215
1736209019999000000,102000.00,10.935520,BUY,7216
1736209079999000000,102035.97,10.656700,BUY,7217
1736209139999000000,102076.91,13.455900,BUY,7218
1736209199999000000,102091.40,10.304650,BUY,7219
1736209259999000000,102090.92,2.368000,SELL,7220
1736209319999000000,102118.41,9.516060,BUY,7221
1736209379999000000,102160.00,8.242430,BUY,7222
1736209439999000000,102193.23,7.800280,BUY,7223
1736209499999000000,102204.76,2.965850,BUY,7224
1736209559999000000,102162.10,15.989120,SELL,7225
1736209619999000000,102134.77,5.764690,SELL,7226
1736209679999000000,102204.00,5.730100,BUY,7227
1736209739999000000,102361.01,35.612730,BUY,7228
1736209799999000000,102380.85,20.361660,BUY,7229
1736209859999000000,102327.78,17.300880,SELL,7230
1736209919999000000,102304.52,11.278840,SELL,7231
1736209979999000000,102368.69,9.526900,BUY,7232
1736210039999000000,102364.77,4.026710,SELL,7233
1736210099999000000,102450.68,13.327910,BUY,7234
1736210159999000000,102687.21,222.604670,BUY,7235
1736210219999000000,102490.00,23.267550,SELL,7236
1736210279999000000,102442.23,29.168730,SELL,7237
1736210339999000000,102456.77,9.134710,BUY,7238
1736210399999000000,102299.89,17.812980,SELL,7239
1736210459999000000,102182.72,22.581990,SELL,7240
1736210519999000000,102152.54,11.069470,SELL,7241
1736210579999000000,102167.07,31.601100,BUY,7242
1736210639999000000,102134.02,12.918770,SELL,7243
1736210699999000000,102056.50,29.596890,SELL,7244
1736210759999000000,102041.16,19.759700,SELL,7245
1736210819999000000,101969.85,19.086540,SELL,7246
1736210879999000000,102052.66,20.234790,BUY,7247
1736210939999000000,102128.33,14.825220,BUY,7248
1736210999999000000,102162.16,9.211520,BUY,7249
1736211059999000000,102191.99,13.119690,BUY,7250
1736211119999000000,102134.80,9.328550,SELL,7251
1736211179999000000,102153.30,3.776000,BUY,7252
1736211239999000000,102212.13,4.298000,BUY,7253
1736211299999000000,102212.12,0.968370,BUY,7254
1736211359999000000,102073.04,11.209600,SELL,7255
1736211419999000000,102004.96,16.200570,SELL,7256
1736211479999000000,102002.65,7.805610,SELL,7257
1736211539999000000,102018.99,8.984710,BUY,7258
1736211599999000000,102042.46,1.976420,BUY,7259
1736211659999000000,102063.03,21.401660,BUY,7260
1736211719999000000,101934.16,23.699800,SELL,7261
1736211779999000000,101899.58,13.715790,SELL,7262
1736211839999000000,101816.17,35.947860,SELL,7263
1736211899999000000,101897.98,15.944740,BUY,7264
1736211959999000000,101909.09,6.263020,BUY,7265
1736212019999000000,101972.86,8.037070,BUY,7266
1736212079999000000,101942.28,8.494780,SELL,7267
1736212139999000000,101900.00,8.716900,SELL,7268
1736212199999000000,101919.03,7.509760,BUY,7269
1736212259999000000,101864.93,7.441590,SELL,7270
1736212319999000000,101857.10,6.690650,SELL,7271
1736212379999000000,101800.01,11.660380,SELL,7272
1736212439999000000,101842.27,9.792500,BUY,7273
1736212499999000000,101818.18,6.148670,SELL,7274
1736212559999000000,101835.35,32.653700,BUY,7275
1736212619999000000,101909.02,5.419130,BUY,7276
1736212679999000000,101887.85,5.776130,SELL,7277
1736212739999000000,101862.06,4.391390,SELL,7278
1736212799999000000,101864.48,4.372930,BUY,7279
1736212859999000000,101852.84,5.969730,SELL,7280
1736212919999000000,101896.87,2.924550,BUY,7281
1736212979999000000,101908.43,5.690380,BUY,7282
1736213039999000000,101907.35,4.236250,SELL,7283
1736213099999000000,101862.85,7.813960,SELL,7284
1736213159999000000,101790.63,5.565780,SELL,7285
1736213219999000000,101751.01,8.781820,SELL,7286
1736213279999000000,101734.10,4.279840,SELL,7287
1736213339999000000,101744.97,5.312670,BUY,7288
1736213399999000000,101685.27,7.687950,SELL,7289
1736213459999000000,101731.95,9.738920,BUY,7290
1736213519999000000,101765.01,9.232840,BUY,7291
1736213579999000000,101815.05,7.648100,BUY,7292
1736213639999000000,101758.00,12.731890,SELL,7293
1736213699999000000,101744.01,5.191440,SELL,7294
1736213759999000000,101810.54,37.715570,BUY,7295
1736213819999000000,101803.86,11.090820,SELL,7296
1736213879999000000,101784.67,6.908720,SELL,7297
1736213939999000000,101825.24,10.241530,BUY,7298
1736213999999000000,101841.84,5.635000,BUY,7299
1736214059999000000,101938.62,9.840860,BUY,7300
1736214119999000000,101939.54,12.939450,BUY,7301
1736214179999000000,101971.49,24.794250,BUY,7302
1736214239999000000,101978.29,6.866710,BUY,7303
1736214299999000000,101973.79,5.102420,SELL,7304
1736214359999000000,101916.66,5.437210,SELL,7305
1736214419999000000,101947.99,5.282620,BUY,7306
1736214479999000000,101987.00,5.226250,BUY,7307
1736214539999000000,101992.38,4.572160,BUY,7308
1736214599999000000,101998.48,2.202940,BUY,7309
1736214659999000000,101999.99,4.051650,BUY,7310
1736214719999000000,101985.17,8.956770,SELL,7311
1736214779999000000,101979.98,6.534080,SELL,7312
1736214839999000000,101991.99,1.479540,BUY,7313
1736214899999000000,101978.81,3.944580,SELL,7314
1736214959999000000,101881.88,9.805310,SELL,7315
1736215019999000000,101841.83,4.032320,SELL,7316
1736215079999000000,101871.57,5.851130,BUY,7317
1736215139999000000,101915.66,11.771000,BUY,7318
1736215199999000000,101915.66,1.138430,BUY,7319
1736215259999000000,101946.70,9.913150,BUY,7320
1736215319999000000,101944.23,15.303510,SELL,7321
1736215379999000000,101989.27,7.266000,BUY,7322
1736215439999000000,102002.30,3.299970,BUY,7323
1736215499999000000,101973.98,3.331160,SELL,7324
1736215559999000000,101934.51,4.136960,SELL,7325
1736215619999000000,101897.99,2.648660,SELL,7326
1736215679999000000,101909.35,11.408780,BUY,7327
1736215739999000000,101928.02,2.351860,BUY,7328
1736215799999000000,101985.78,3.277870,BUY,7329
1736215859999000000,101971.12,3.992060,SELL,7330
1736215919999000000,101966.56,5.744770,SELL,7331
1736215979999000000,101993.34,5.100870,BUY,7332
1736216039999000000,101992.35,1.785740,SELL,7333
1736216099999000000,101960.06,4.039950,SELL,7334
1736216159999000000,101982.98,5.319480,BUY,7335
1736216219999000000,102000.75,14.040260,BUY,7336
1736216279999000000,102010.83,6.507170,BUY,7337
1736216339999000000,102000.01,4.387510,SELL,7338
1736216399999000000,101964.55,8.298210,SELL,7339
1736216459999000000,101957.15,5.855620,SELL,7340
1736216519999000000,102000.01,11.427580,BUY,7341
1736216579999000000,101983.73,2.422050,SELL,7342
1736216639999000000,101952.00,4.766490,SELL,7343
1736216699999000000,101905.90,6.902700,SELL,7344
1736216759999000000,101919.99,5.298530,BUY,7345
1736216819999000000,101872.49,6.707740,SELL,7346
1736216879999000000,101875.47,9.005120,BUY,7347
1736216939999000000,101858.08,2.452370,SELL,7348
1736216999999000000,101848.49,2.002290,SELL,7349
1736217059999000000,101795.35,8.637310,SELL,7350
1736217119999000000,101843.74,6.938230,BUY,7351
1736217179999000000,101837.06,3.240060,SELL,7352
1736217239999000000,101798.91,4.219300,SELL,7353
1736217299999000000,101809.20,11.452270,BUY,7354
1736217359999000000,101868.86,3.143090,BUY,7355
1736217419999000000,101844.11,10.295880,SELL,7356
1736217479999000000,101855.15,3.328940,BUY,7357
1736217539999000000,101816.49,5.887860,SELL,7358
1736217599999000000,101830.74,3.394320,BUY,7359
1736217659999000000,101841.75,8.344200,BUY,7360
1736217719999000000,101840.48,2.111080,SELL,7361
1736217779999000000,101805.91,4.845930,SELL,7362
1736217839999000000,101816.58,2.763110,BUY,7363
1736217899999000000,101815.73,1.056000,SELL,7364
1736217959999000000,101790.62,3.073520,SELL,7365
1736218019999000000,101841.27,10.889770,BUY,7366
1736218079999000000,101779.22,11.396360,SELL,7367
1736218139999000000,101762.94,13.018330,SELL,7368
1736218199999000000,101741.52,12.400970,SELL,7369
1736218259999000000,101733.26,3.856050,SELL,7370
1736218319999000000,101708.66,10.774520,SELL,7371
1736218379999000000,101720.57,4.256570,BUY,7372
1736218439999000000,101720.58,3.300520,BUY,7373
1736218499999000000,101667.26,12.146320,SELL,7374
1736218559999000000,101702.70,5.874260,BUY,7375
1736218619999000000,101681.96,4.916710,SELL,7376
1736218679999000000,101698.24,7.409730,BUY,7377
1736218739999000000,101689.80,2.285810,SELL,7378
1736218799999000000,101677.66,28.157770,SELL,7379
1736218859999000000,101688.64,2.787820,BUY,7380
1736218919999000000,101731.04,20.528470,BUY,7381
1736218979999000000,101672.03,4.052710,SELL,7382
1736219039999000000,101739.99,8.093660,BUY,7383
1736219099999000000,101787.11,5.787710,BUY,7384
1736219159999000000,101763.38,5.208110,SELL,7385
1736219219999000000,101771.61,1.744920,BUY,7386
1736219279999000000,101776.32,7.610260,BUY,7387
1736219339999000000,101763.08,20.058000,SELL,7388
1736219399999000000,101730.17,14.957350,SELL,7389
1736219459999000000,101771.10,5.823850,BUY,7390
1736219519999000000,101795.26,14.881130,BUY,7391
1736219579999000000,101801.93,12.043420,BUY,7392
1736219639999000000,101750.14,8.009460,SELL,7393
1736219699999000000,101666.73,10.971110,SELL,7394
1736219759999000000,101670.54,3.926440,BUY,7395
1736219819999000000,101707.62,10.152220,BUY,7396
1736219879999000000,101714.36,2.481430,BUY,7397
1736219939999000000,101696.97,4.056370,SELL,7398
1736219999999000000,101685.34,0.878230,SELL,7399
1736220059999000000,101707.88,3.806000,BUY,7400
1736220119999000000,101650.04,6.613820,SELL,7401
1736220179999000000,101658.06,1.772870,BUY,7402
1736220239999000000,101640.64,4.837330,SELL,7403
1736220299999000000,101650.76,5.077440,BUY,7404
1736220359999000000,101640.64,3.873150,SELL,7405
1736220419999000000,101664.05,13.964850,BUY,7406
1736220479999000000,101640.11,8.465750,SELL,7407
1736220539999000000,101648.73,9.731770,BUY,7408
1736220599999000000,101655.51,1.266640,BUY,7409
1736220659999000000,101660.15,2.547980,BUY,7410
1736220719999000000,101652.62,3.539630,SELL,7411
1736220779999000000,101685.11,7.676930,BUY,7412
1736220839999000000,101681.82,3.234360,SELL,7413
1736220899999000000,101702.86,5.783320,BUY,7414
1736220959999000000,101759.68,25.392930,BUY,7415
1736221019999000000,101798.42,4.086920,BUY,7416
1736221079999000000,101770.78,5.410810,SELL,7417
1736221139999000000,101748.24,6.490620,SELL,7418
1736221199999000000,101715.57,2.090260,SELL,7419
1736221259999000000,101708.21,0.901940,SELL,7420
1736221319999000000,101707.57,1.987000,SELL,7421
1736221379999000000,101671.99,4.114750,SELL,7422
1736221439999000000,101675.01,3.989980,BUY,7423
1736221499999000000,101625.01,9.705320,SELL,7424
1736221559999000000,101604.00,4.413910,SELL,7425
1736221619999000000,101567.27,9.765890,SELL,7426
1736221679999000000,101560.00,5.628050,SELL,7427
1736221739999000000,101571.88,16.819070,BUY,7428
1736221799999000000,101577.67,13.833150,BUY,7429
1736221859999000000,101563.61,16.755630,SELL,7430
1736221919999000000,101554.52,15.874710,SELL,7431
1736221979999000000,101578.32,5.645890,BUY,7432
1736222039999000000,101631.25,6.566300,BUY,7433
1736222099999000000,101639.86,2.416650,BUY,7434
1736222159999000000,101701.67,5.566070,BUY,7435
1736222219999000000,101701.66,1.725650,SELL,7436
1736222279999000000,101729.52,5.128120,BUY,7437
1736222339999000000,101719.43,2.040810,SELL,7438
1736222399999000000,101708.08,3.734550,SELL,7439
1736222459999000000,101745.72,6.494160,BUY,7440
1736222519999000000,101770.88,2.743230,BUY,7441
1736222579999000000,101767.44,3.688550,SELL,7442
1736222639999000000,101810.71,4.916840,BUY,7443
1736222699999000000,101784.19,6.702110,SELL,7444
1736222759999000000,101741.56,3.393570,SELL,7445
1736222819999000000,101755.43,6.189280,BUY,7446
1736222879999000000,101778.06,3.404460,BUY,7447
1736222939999000000,101784.85,2.283250,BUY,7448
1736222999999000000,101809.73,3.456390,BUY,7449
1736223059999000000,101781.62,5.112540,SELL,7450
1736223119999000000,101790.63,6.404590,BUY,7451
1736223179999000000,101799.99,1.567260,BUY,7452
1736223239999000000,101815.35,2.434470,BUY,7453
1736223299999000000,101854.86,6.063890,BUY,7454
1736223359999000000,101840.01,6.585480,SELL,7455
1736223419999000000,101823.63,3.684200,SELL,7456
1736223479999000000,101805.96,4.888360,SELL,7457
1736223539999000000,101805.96,1.111590,BUY,7458
1736223599999000000,101794.15,18.971390,SELL,7459
1736223659999000000,101811.57,6.266370,BUY,7460
1736223719999000000,101811.57,1.275370,BUY,7461
1736223779999000000,101809.10,2.215870,SELL,7462
1736223839999000000,101803.59,6.046590,SELL,7463
1736223899999000000,101826.63,12.064490,BUY,7464
1736223959999000000,101824.34,3.840560,SELL,7465
1736224019999000000,101824.34,1.621000,BUY,7466
1736224079999000000,101824.34,0.762600,BUY,7467
1736224139999000000,101824.34,1.094370,BUY,7468
1736224199999000000,101878.78,5.703250,BUY,7469
1736224259999000000,101906.07,4.904990,BUY,7470
1736224319999000000,101872.01,5.266390,SELL,7471
1736224379999000000,101872.00,8.431400,BUY,7472
1736224439999000000,101870.75,2.081410,SELL,7473
1736224499999000000,101869.28,3.440550,SELL,7474
1736224559999000000,101886.48,2.825520,BUY,7475
1736224619999000000,101881.65,2.987520,SELL,7476
1736224679999000000,101881.49,5.658330,SELL,7477
1736224739999000000,101925.77,5.626420,BUY,7478
1736224799999000000,101923.57,2.065480,SELL,7479
1736224859999000000,101880.49,8.806920,SELL,7480
1736224919999000000,101830.02,7.581470,SELL,7481
1736224979999000000,101790.63,7.284130,SELL,7482
1736225039999000000,101798.42,2.202790,BUY,7483
1736225099999000000,101780.40,4.877140,SELL,7484
1736225159999000000,101811.59,2.911790,BUY,7485
1736225219999000000,101787.49,10.442680,SELL,7486
1736225279999000000,101787.50,2.011480,BUY,7487
1736225339999000000,101787.49,0.616760,SELL,7488
1736225399999000000,101812.00,13.058820,BUY,7489
1736225459999000000,101773.55,4.836220,SELL,7490
1736225519999000000,101773.54,2.173040,BUY,7491
1736225579999000000,101757.58,2.379960,SELL,7492
1736225639999000000,101754.25,2.896460,SELL,7493
1736225699999000000,101754.24,1.135350,SELL,7494
1736225759999000000,101754.24,0.919650,SELL,7495
1736225819999000000,101747.25,3.507620,SELL,7496
1736225879999000000,101717.42,12.380330,SELL,7497
1736225939999000000,101700.81,10.974500,SELL,7498
1736225999999000000,101667.02,3.828360,SELL,7499
1736226059999000000,101620.01,6.917930,SELL,7500
1736226119999000000,101601.17,5.139780,SELL,7501
1736226179999000000,101623.99,6.914100,BUY,7502
1736226239999000000,101697.60,6.866640,BUY,7503
1736226299999000000,101737.24,2.211340,BUY,7504
1736226359999000000,101754.24,5.807440,BUY,7505
1736226419999000000,101754.25,6.659960,BUY,7506
1736226479999000000,101754.25,0.678570,BUY,7507
1736226539999000000,101754.25,0.982130,BUY,7508
1736226599999000000,101774.30,11.903660,BUY,7509
1736226659999000000,101752.24,5.272920,SELL,7510
1736226719999000000,101752.24,4.066040,BUY,7511
1736226779999000000,101752.23,0.777340,BUY,7512
1736226839999000000,101741.79,18.936200,SELL,7513
1736226899999000000,101704.53,5.560690,SELL,7514
1736226959999000000,101719.85,2.307600,BUY,7515
1736227019999000000,101719.86,5.102070,BUY,7516
1736227079999000000,101725.77,2.018360,BUY,7517
1736227139999000000,101741.78,1.663620,BUY,7518
1736227199999000000,101786.07,9.593470,BUY,7519
1736227259999000000,101699.88,15.006830,SELL,7520
1736227319999000000,101692.01,8.964680,SELL,7521
1736227379999000000,101705.57,3.207560,BUY,7522
1736227439999000000,101647.30,7.536350,SELL,7523
1736227499999000000,101631.25,11.895990,SELL,7524
1736227559999000000,101639.89,4.341420,BUY,7525
1736227619999000000,101643.82,1.905710,BUY,7526
1736227679999000000,101653.76,2.407780,BUY,7527
1736227739999000000,101683.10,3.039490,BUY,7528
1736227799999000000,101718.53,8.986510,BUY,7529
1736227859999000000,101710.16,8.161640,SELL,7530
1736227919999000000,101707.55,6.828380,SELL,7531
1736227979999000000,101707.55,5.149980,BUY,7532
1736228039999000000,101696.74,7.381220,SELL,7533
1736228099999000000,101739.99,6.252680,BUY,7534
1736228159999000000,101723.04,12.378690,SELL,7535
1736228219999000000,101732.57,6.708990,BUY,7536
1736228279999000000,101654.17,14.999950,SELL,7537
1736228339999000000,101672.76,4.783840,BUY,7538
1736228399999000000,101670.22,3.000670,SELL,7539
1736228459999000000,101673.01,3.834380,BUY,7540
1736228519999000000,101690.24,3.792900,BUY,7541
1736228579999000000,101665.28,3.289420,SELL,7542
1736228639999000000,101640.58,7.254880,SELL,7543
1736228699999000000,101642.35,3.100400,BUY,7544
1736228759999000000,101634.76,0.969550,SELL,7545
1736228819999000000,101675.67,2.564140,BUY,7546
1736228879999000000,101692.64,7.020900,BUY,7547
1736228939999000000,101715.98,18.586500,BUY,7548
1736228999999000000,101716.00,1.948150,BUY,7549
1736229059999000000,101715.00,1.030210,SELL,7550
1736229119999000000,101727.35,8.625320,BUY,7551
1736229179999000000,101723.87,5.385870,SELL,7552
1736229239999000000,101720.14,2.568710,SELL,7553
1736229299999000000,101745.15,3.454530,BUY,7554
1736229359999000000,101742.37,1.155800,SELL,7555
1736229419999000000,101742.37,0.651810,BUY,7556
1736229479999000000,101742.38,4.603440,BUY,7557
1736229539999000000,101743.46,8.353500,BUY,7558
1736229599999000000,101743.47,1.079660,BUY,7559
1736229659999000000,101721.60,4.319950,SELL,7560
1736229719999000000,101710.26,5.346500,SELL,7561
1736229779999000000,101681.00,20.941810,SELL,7562
1736229839999000000,101680.96,7.329120,SELL,7563
1736229899999000000,101677.34,2.509300,SELL,7564
1736229959999000000,101652.71,8.582190,SELL,7565
1736230019999000000,101655.07,1.098490,BUY,7566
1736230079999000000,101681.12,22.816800,BUY,7567
1736230139999000000,101693.35,3.077260,BUY,7568
1736230199999000000,101691.77,2.353860,SELL,7569
1736230259999000000,101691.78,0.524140,BUY,7570
1736230319999000000,101652.26,3.312960,SELL,7571
1736230379999000000,101652.25,1.152400,SELL,7572
1736230439999000000,101687.80,5.181740,BUY,7573
1736230499999000000,101738.95,6.218810,BUY,7574
1736230559999000000,101818.01,7.046490,BUY,7575
1736230619999000000,101865.00,4.507670,BUY,7576
1736230679999000000,101842.86,6.391050,SELL,7577
1736230739999000000,101837.68,0.927540,SELL,7578
1736230799999000000,101829.00,2.056170,SELL,7579
1736230859999000000,101871.79,10.146720,BUY,7580
1736230919999000000,101885.94,1.456110,BUY,7581
1736230979999000000,101878.46,3.045630,SELL,7582
1736231039999000000,101878.47,2.364090,BUY,7583
1736231099999000000,101878.47,1.017490,BUY,7584
1736231159999000000,101894.47,3.829890,BUY,7585
1736231219999000000,101882.09,17.138240,SELL,7586
1736231279999000000,101876.36,8.824880,SELL,7587
1736231339999000000,101834.19,4.089310,SELL,7588
1736231399999000000,101832.89,1.227610,SELL,7589
1736231459999000000,101845.90,3.463070,BUY,7590
1736231519999000000,101821.77,3.343540,SELL,7591
1736231579999000000,101818.19,6.697400,SELL,7592
1736231639999000000,101856.09,8.113700,BUY,7593
1736231699999000000,101844.32,5.953330,SELL,7594
1736231759999000000,101856.06,8.823430,BUY,7595
1736231819999000000,101830.90,12.422010,SELL,7596
1736231879999000000,101842.57,4.220360,BUY,7597
1736231939999000000,101835.52,1.880000,SELL,7598
1736231999999000000,101824.15,3.613430,SELL,7599
1736232059999000000,101796.33,9.097870,SELL,7600
1736232119999000000,101804.69,7.680320,BUY,7601
1736232179999000000,101816.62,2.364260,BUY,7602
1736232239999000000,101834.13,2.676950,BUY,7603
1736232299999000000,101840.78,2.215930,BUY,7604
1736232359999000000,101821.88,7.175410,SELL,7605
1736232419999000000,101812.00,3.063750,SELL,7606
1736232479999000000,101811.99,0.870150,BUY,7607
1736232539999000000,101784.00,6.620130,SELL,7608
1736232599999000000,101784.01,2.135350,BUY,7609
1736232659999000000,101783.45,1.631810,SELL,7610
1736232719999000000,101783.43,4.899370,SELL,7611
1736232779999000000,101783.43,0.534960,BUY,7612
1736232839999000000,101784.00,7.668340,BUY,7613
1736232899999000000,101784.00,2.064920,SELL,7614
1736232959999000000,101795.42,7.733670,BUY,7615
1736233019999000000,101800.89,4.645120,BUY,7616
1736233079999000000,101825.64,18.594930,BUY,7617
1736233139999000000,101820.54,11.378320,SELL,7618
1736233199999000000,101820.53,5.586170,SELL,7619
1736233259999000000,101820.51,3.616890,SELL,7620
1736233319999000000,101820.54,12.386860,BUY,7621
1736233379999000000,101935.02,23.692940,BUY,7622
1736233439999000000,101989.99,6.672640,BUY,7623
1736233499999000000,102013.48,11.930590,BUY,7624
1736233559999000000,101966.10,13.756470,SELL,7625
1736233619999000000,101969.33,10.449030,BUY,7626
1736233679999000000,101969.32,4.769910,SELL,7627
1736233739999000000,101964.71,2.320560,SELL,7628
1736233799999000000,101964.04,9.641280,SELL,7629
1736233859999000000,101960.97,5.199230,SELL,7630
1736233919999000000,101960.91,2.566620,SELL,7631
1736233979999000000,101969.43,5.756670,BUY,7632
1736234039999000000,101953.04,3.087780,SELL,7633
1736234099999000000,101868.00,8.732790,SELL,7634
1736234159999000000,101836.79,3.842300,SELL,7635
1736234219999000000,101821.17,3.435690,SELL,7636
1736234279999000000,101812.73,1.652530,SELL,7637
1736234339999000000,101800.00,2.994590,SELL,7638
1736234399999000000,101840.00,10.323330,BUY,7639
1736234459999000000,101806.43,5.223520,SELL,7640
1736234519999000000,101802.33,4.316220,SELL,7641
1736234579999000000,101808.64,2.181410,BUY,7642
1736234639999000000,101823.04,1.940450,BUY,7643
1736234699999000000,101800.00,6.077370,SELL,7644
1736234759999000000,101776.51,5.501810,SELL,7645
1736234819999000000,101773.93,6.305530,SELL,7646
1736234879999000000,101771.65,1.846280,SELL,7647
1736234939999000000,101784.23,3.027740,BUY,7648
1736234999999000000,101773.95,1.859650,SELL,7649
1736235059999000000,101801.60,11.403250,BUY,7650
1736235119999000000,101794.26,9.346280,SELL,7651
1736235179999000000,101794.24,6.426430,SELL,7652
1736235239999000000,101766.01,6.408700,SELL,7653
1736235299999000000,101715.45,11.576200,SELL,7654
1736235359999000000,101670.01,22.513140,SELL,7655
1736235419999000000,101731.04,23.371740,BUY,7656
1736235479999000000,101718.69,14.873380,SELL,7657
1736235539999000000,101737.49,9.826190,BUY,7658
1736235599999000000,101781.87,8.815610,BUY,7659
1736235659999000000,101797.59,13.723650,BUY,7660
1736235719999000000,101777.59,9.395860,SELL,7661
1736235779999000000,101750.34,12.447530,SELL,7662
1736235839999000000,101752.01,10.080190,BUY,7663
1736235899999000000,101748.71,5.860770,SELL,7664
1736235959999000000,101728.92,9.733270,SELL,7665
1736236019999000000,101729.35,9.042220,BUY,7666
1736236079999000000,101725.69,8.227130,SELL,7667
1736236139999000000,101724.29,8.677330,SELL,7668
1736236199999000000,101711.88,18.570410,SELL,7669
1736236259999000000,101701.08,10.436400,SELL,7670
1736236319999000000,101713.56,9.377620,BUY,7671
1736236379999000000,101713.54,16.666340,SELL,7672
1736236439999000000,101712.17,6.115010,SELL,7673
1736236499999000000,101684.37,8.733630,SELL,7674
1736236559999000000,101679.52,9.935240,SELL,7675
1736236619999000000,101657.65,10.302310,SELL,7676
1736236679999000000,101643.50,8.378020,SELL,7677
1736236739999000000,101656.86,20.625440,BUY,7678
1736236799999000000,101664.81,10.079950,BUY,7679
1736236859999000000,101738.25,17.543790,BUY,7680
1736236919999000000,101688.78,5.815980,SELL,7681
1736236979999000000,101660.78,5.936100,SELL,7682
1736237039999000000,101698.98,17.030270,BUY,7683
1736237099999000000,101726.63,7.596050,BUY,7684
1736237159999000000,101721.97,8.258590,SELL,7685
1736237219999000000,101727.30,8.017630,BUY,7686
1736237279999000000,101690.01,7.829860,SELL,7687
1736237339999000000,101690.01,3.485300,BUY,7688
1736237399999000000,101685.72,11.299020,SELL,7689
1736237459999000000,101657.65,10.991150,SELL,7690
1736237519999000000,101652.01,3.514880,SELL,7691
1736237579999000000,101631.25,13.575460,SELL,7692
1736237639999000000,101642.56,9.255030,BUY,7693
1736237699999000000,101636.37,3.953080,SELL,7694
1736237759999000000,101659.62,14.772510,BUY,7695
1736237819999000000,101686.28,12.792250,BUY,7696
1736237879999000000,101661.14,8.941110,SELL,7697
1736237939999000000,101645.79,2.985040,SELL,7698
1736237999999000000,101654.08,2.193030,BUY,7699
1736238059999000000,101721.93,5.626280,BUY,7700
1736238119999000000,101737.50,7.281670,BUY,7701
1736238179999000000,101775.13,17.236300,BUY,7702
1736238239999000000,101775.15,4.611850,BUY,7703
1736238299999000000,101782.46,9.211200,BUY,7704
1736238359999000000,101790.62,4.977070,BUY,7705
1736238419999000000,101790.62,2.810420,SELL,7706
1736238479999000000,101790.63,0.783100,BUY,7707
1736238539999000000,101800.00,4.849890,BUY,7708
1736238599999000000,101789.60,15.355760,SELL,7709
1736238659999000000,101812.33,7.660780,BUY,7710
1736238719999000000,101831.61,6.820070,BUY,7711
1736238779999000000,101821.56,10.417160,SELL,7712
1736238839999000000,101783.51,5.719010,SELL,7713
1736238899999000000,101814.48,6.332080,BUY,7714
1736238959999000000,101830.52,2.372340,BUY,7715
1736239019999000000,101786.55,6.200290,SELL,7716
1736239079999000000,101798.06,6.517920,BUY,7717
1736239139999000000,101812.87,8.079160,BUY,7718
1736239199999000000,101861.18,6.368860,BUY,7719
1736239259999000000,101861.17,2.268200,SELL,7720
1736239319999000000,101887.45,3.621920,BUY,7721
1736239379999000000,101861.18,8.787090,SELL,7722
1736239439999000000,101895.72,3.012030,BUY,7723
1736239499999000000,101875.25,7.820280,SELL,7724
1736239559999000000,101840.43,4.549440,SELL,7725
1736239619999000000,101891.91,5.067030,BUY,7726
1736239679999000000,101966.99,24.277610,BUY,7727
1736239739999000000,101995.64,9.555720,BUY,7728
1736239799999000000,101991.05,9.385150,SELL,7729
1736239859999000000,101947.10,5.698230,SELL,7730
1736239919999000000,101946.77,5.317680,SELL,7731
1736239979999000000,101934.22,9.292270,SELL,7732
1736240039999000000,101942.14,12.615460,BUY,7733
1736240099999000000,101909.51,6.060320,SELL,7734
1736240159999000000,101915.37,2.765580,BUY,7735
1736240219999000000,101897.71,4.525940,SELL,7736
1736240279999000000,101919.00,5.209250,BUY,7737
1736240339999000000,101914.37,7.366230,SELL,7738
1736240399999000000,101905.08,3.408970,SELL,7739
1736240459999000000,101914.10,4.904880,BUY,7740
1736240519999000000,101874.98,6.507360,SELL,7741
1736240579999000000,101892.55,3.116430,BUY,7742
1736240639999000000,101900.25,2.883400,BUY,7743
1736240699999000000,101873.93,6.406760,SELL,7744
1736240759999000000,101846.87,4.392740,SELL,7745
1736240819999000000,101825.51,4.409760,SELL,7746
1736240879999000000,101812.87,1.459270,SELL,7747
1736240939999000000,101830.34,4.629360,BUY,7748
1736240999999000000,101860.29,3.516240,BUY,7749
1736241059999000000,101885.15,2.778910,BUY,7750
1736241119999000000,101874.98,3.558870,SELL,7751
1736241179999000000,101862.05,1.794880,SELL,7752
1736241239999000000,101862.05,1.962700,BUY,7753
1736241299999000000,101850.00,1.323740,SELL,7754
1736241359999000000,101821.31,3.149300,SELL,7755
1736241419999000000,101800.00,6.605820,SELL,7756
1736241479999000000,101831.82,6.978770,BUY,7757
1736241539999000000,101808.01,4.499770,SELL,7758
1736241599999000000,101810.39,22.174550,BUY,7759
1736241659999000000,101798.56,2.547180,SELL,7760
1736241719999000000,101786.91,28.651820,SELL,7761
1736241779999000000,101802.69,11.598740,BUY,7762
1736241839999000000,101762.01,5.732370,SELL,7763
1736241899999000000,101737.50,4.499950,SELL,7764
1736241959999000000,101740.01,5.080790,BUY,7765
1736242019999000000,101736.29,3.052350,SELL,7766
1736242079999000000,101753.40,4.617420,BUY,7767
1736242139999000000,101753.39,0.921750,BUY,7768
1736242199999000000,101765.07,3.887640,BUY,7769
1736242259999000000,101759.94,1.591200,SELL,7770
1736242319999000000,101764.99,14.634690,BUY,7771
1736242379999000000,101727.27,10.071210,SELL,7772
1736242439999000000,101698.92,18.474050,SELL,7773
1736242499999000000,101696.96,11.696230,SELL,7774
1736242559999000000,101672.22,18.474200,SELL,7775
1736242619999000000,101678.23,18.182350,BUY,7776
1736242679999000000,101703.36,14.665320,BUY,7777
1736242739999000000,101683.43,12.084340,SELL,7778
1736242799999000000,101705.10,15.629750,BUY,7779
1736242859999000000,101708.01,12.270580,BUY,7780
1736242919999000000,101715.69,11.795520,BUY,7781
1736242979999000000,101684.76,8.876240,SELL,7782
1736243039999000000,101669.31,20.647570,SELL,7783
1736243099999000000,101661.16,8.714380,SELL,7784
1736243159999000000,101667.04,18.192460,BUY,7785
1736243219999000000,101657.48,9.877100,SELL,7786
1736243279999000000,101640.03,16.466950,SELL,7787
1736243339999000000,101679.54,6.822820,BUY,7788
1736243399999000000,101705.70,16.724530,BUY,7789
1736243459999000000,101699.85,10.483470,SELL,7790
1736243519999000000,101724.42,13.777510,BUY,7791
1736243579999000000,101718.64,2.285630,SELL,7792
1736243639999000000,101718.64,0.988260,BUY,7793
1736243699999000000,101731.99,4.477160,BUY,7794
1736243759999000000,101708.64,5.754660,SELL,7795
1736243819999000000,101706.76,2.873200,SELL,7796
1736243879999000000,101723.18,4.158270,BUY,7797
1736243939999000000,101750.38,6.741820,BUY,7798
1736243999999000000,101723.19,5.327740,SELL,7799
1736244059999000000,101680.01,4.529310,SELL,7800
1736244119999000000,101653.54,2.431280,SELL,7801
1736244179999000000,101626.56,14.951220,SELL,7802
1736244239999000000,101632.01,15.741930,BUY,7803
1736244299999000000,101620.01,2.977200,SELL,7804
1736244359999000000,101648.00,3.257230,BUY,7805
1736244419999000000,101647.81,3.035420,SELL,7806
1736244479999000000,101618.17,3.241470,SELL,7807
1736244539999000000,101600.00,41.515860,SELL,7808
1736244599999000000,101585.37,71.879320,SELL,7809
1736244659999000000,101605.80,23.215610,BUY,7810
1736244719999000000,101475.14,60.817020,SELL,7811
1736244779999000000,101455.79,44.876560,SELL,7812
1736244839999000000,101474.41,22.782860,BUY,7813
1736244899999000000,101436.02,17.527460,SELL,7814
1736244959999000000,101410.00,18.511750,SELL,7815
1736245019999000000,101467.22,7.324980,BUY,7816
1736245079999000000,101444.31,5.614210,SELL,7817
1736245139999000000,101511.95,11.143350,BUY,7818
1736245199999000000,101534.68,9.234720,BUY,7819
1736245259999000000,101511.96,5.951980,SELL,7820
1736245319999000000,101499.32,3.301050,SELL,7821
1736245379999000000,101448.01,30.135990,SELL,7822
1736245439999000000,101472.55,10.123630,BUY,7823
1736245499999000000,101472.54,13.134410,SELL,7824
1736245559999000000,101492.00,23.632260,BUY,7825
1736245619999000000,101491.20,5.488080,SELL,7826
1736245679999000000,101491.20,1.680380,SELL,7827
1736245739999000000,101508.71,16.509280,BUY,7828
1736245799999000000,101529.89,7.980840,BUY,7829
1736245859999000000,101523.20,9.120760,SELL,7830
1736245919999000000,101523.19,5.275960,BUY,7831
1736245979999000000,101501.01,3.496510,SELL,7832
1736246039999000000,101498.35,5.824490,SELL,7833
1736246099999000000,101498.34,3.526630,BUY,7834
1736246159999000000,101483.99,3.610990,SELL,7835
1736246219999000000,101484.00,1.120300,BUY,7836
1736246279999000000,101465.16,20.709390,SELL,7837
1736246339999000000,101445.47,5.489890,SELL,7838
1736246399999000000,101483.99,10.340740,BUY,7839
1736246459999000000,101509.89,10.437590,BUY,7840
1736246519999000000,101573.94,33.143820,BUY,7841
1736246579999000000,101541.54,3.438550,SELL,7842
1736246639999000000,101509.62,2.766060,SELL,7843
1736246699999000000,101496.72,2.833970,SELL,7844
1736246759999000000,101468.04,2.459130,SELL,7845
1736246819999000000,101455.57,1.555010,SELL,7846
1736246879999000000,101439.03,6.717610,SELL,7847
1736246939999000000,101440.99,4.229840,BUY,7848
1736246999999000000,101468.46,7.629140,BUY,7849
1736247059999000000,101443.76,17.829580,SELL,7850
1736247119999000000,101450.96,11.459960,BUY,7851
1736247179999000000,101420.01,2.863890,SELL,7852
1736247239999000000,101391.17,7.321160,SELL,7853
1736247299999000000,101406.52,5.158310,BUY,7854
1736247359999000000,101423.05,4.628070,BUY,7855
1736247419999000000,101443.59,5.356340,BUY,7856
1736247479999000000,101439.82,11.832010,SELL,7857
1736247539999000000,101413.78,2.121500,SELL,7858
1736247599999000000,101406.78,1.525110,SELL,7859
1736247659999000000,101360.00,7.342730,SELL,7860
1736247719999000000,101336.48,25.970850,SELL,7861
1736247779999000000,101333.50,5.959250,SELL,7862
1736247839999000000,101376.50,13.409270,BUY,7863
1736247899999000000,101435.71,10.181410,BUY,7864
1736247959999000000,101418.75,5.850750,SELL,7865
1736248019999000000,101427.99,3.912140,BUY,7866
1736248079999000000,101427.99,2.589950,SELL,7867
1736248139999000000,101402.67,8.170500,SELL,7868
1736248199999000000,101364.91,13.695400,SELL,7869
1736248259999000000,101326.27,17.647820,SELL,7870
1736248319999000000,101300.01,14.971560,SELL,7871
1736248379999000000,101399.99,25.361840,BUY,7872
1736248439999000000,101384.01,8.708790,SELL,7873
1736248499999000000,101383.95,4.959230,SELL,7874
1736248559999000000,101389.86,9.441970,BUY,7875
1736248619999000000,101452.98,22.532130,BUY,7876
1736248679999000000,101449.93,3.154730,SELL,7877
1736248739999000000,101403.56,6.629040,SELL,7878
1736248799999000000,101399.00,7.440730,SELL,7879
1736248859999000000,101390.00,18.290550,SELL,7880
1736248919999000000,101358.15,13.150990,SELL,7881
1736248979999000000,101363.64,8.623670,BUY,7882
1736249039999000000,101344.01,2.447270,SELL,7883
1736249099999000000,101333.22,4.911080,SELL,7884
1736249159999000000,101322.62,20.144950,SELL,7885
1736249219999000000,101322.62,1.037920,BUY,7886
1736249279999000000,101322.64,3.125600,BUY,7887
1736249339999000000,101300.01,14.841720,SELL,7888
1736249399999000000,101364.55,8.900270,BUY,7889
1736249459999000000,101312.41,3.168570,SELL,7890
1736249519999000000,101284.89,7.859130,SELL,7891
1736249579999000000,101238.91,23.973150,SELL,7892
1736249639999000000,101196.72,25.557370,SELL,7893
1736249699999000000,101085.44,39.611140,SELL,7894
1736249759999000000,101128.41,30.800980,BUY,7895
1736249819999000000,101131.19,18.061870,BUY,7896
1736249879999000000,100964.92,127.559470,SELL,7897
1736249939999000000,100841.34,74.195460,SELL,7898
1736249999999000000,100881.75,209.759450,BUY,7899
1736250059999000000,100739.99,48.181220,SELL,7900
1736250119999000000,100677.15,75.353330,SELL,7901
1736250179999000000,100777.59,34.701830,BUY,7902
1736250239999000000,100689.92,25.807480,SELL,7903
1736250299999000000,100666.66,16.842740,SELL,7904
1736250359999000000,100600.00,28.539590,SELL,7905
1736250419999000000,100500.00,56.108720,SELL,7906
1736250479999000000,100490.03,25.684790,SELL,7907
1736250539999000000,100560.36,40.533410,BUY,7908
1736250599999000000,100554.00,14.591400,SELL,7909
1736250659999000000,100608.98,31.431190,BUY,7910
1736250719999000000,100674.98,28.899140,BUY,7911
1736250779999000000,100791.98,58.315670,BUY,7912
1736250839999000000,100757.43,28.133460,SELL,7913
1736250899999000000,100740.03,27.226100,SELL,7914
1736250959999000000,100700.04,21.612650,SELL,7915
1736251019999000000,100826.92,45.268030,BUY,7916
1736251079999000000,100900.01,41.667010,BUY,7917
1736251139999000000,100910.85,29.394060,BUY,7918
1736251199999000000,100830.86,20.239360,SELL,7919
1736251259999000000,100831.61,17.363560,BUY,7920
1736251319999000000,100786.32,20.190040,SELL,7921
1736251379999000000,100883.74,44.797980,BUY,7922
1736251439999000000,100937.55,10.732130,BUY,7923
1736251499999000000,100891.39,16.940430,SELL,7924
1736251559999000000,100913.93,23.008620,BUY,7925
1736251619999000000,100894.38,8.033540,SELL,7926
1736251679999000000,100875.36,11.841150,SELL,7927
1736251739999000000,100823.42,26.104710,SELL,7928
1736251799999000000,100825.37,7.700600,BUY,7929
1736251859999000000,100854.10,6.220330,BUY,7930
1736251919999000000,100803.93,12.881030,SELL,7931
1736251979999000000,100781.96,11.138080,SELL,7932
1736252039999000000,100744.49,13.900070,SELL,7933
1736252099999000000,100718.09,39.226750,SELL,7934
1736252159999000000,100760.92,20.956080,BUY,7935
1736252219999000000,100767.50,9.700050,BUY,7936
1736252279999000000,100716.57,11.174160,SELL,7937
1736252339999000000,100773.33,18.997260,BUY,7938
1736252399999000000,100733.03,3.655100,SELL,7939
1736252459999000000,100732.31,10.274610,SELL,7940
1736252519999000000,100744.67,11.767660,BUY,7941
1736252579999000000,100758.92,13.005350,BUY,7942
1736252639999000000,100732.01,3.978150,SELL,7943
1736252699999000000,100708.23,17.203170,SELL,7944
1736252759999000000,100677.82,4.984160,SELL,7945
1736252819999000000,100728.79,14.223110,BUY,7946
1736252879999000000,100676.86,9.813740,SELL,7947
1736252939999000000,100646.10,12.051790,SELL,7948
1736252999999000000,100635.12,8.026390,SELL,7949
1736253059999000000,100655.99,12.281380,BUY,7950
1736253119999000000,100749.64,9.015920,BUY,7951
1736253179999000000,100729.66,7.318260,SELL,7952
1736253239999000000,100848.91,10.597820,BUY,7953
1736253299999000000,100820.89,16.755520,SELL,7954
1736253359999000000,100860.01,9.327710,BUY,7955
1736253419999000000,100802.67,15.080200,SELL,7956
1736253479999000000,100818.18,12.884010,BUY,7957
1736253539999000000,100769.36,9.733320,SELL,7958
1736253599999000000,100802.80,12.662320,BUY,7959
1736253659999000000,100878.62,14.801940,BUY,7960
1736253719999000000,100842.19,10.426480,SELL,7961
1736253779999000000,100872.70,7.440960,BUY,7962
1736253839999000000,100851.80,5.999090,SELL,7963
1736253899999000000,100854.50,7.513930,BUY,7964
1736253959999000000,100842.18,3.411290,SELL,7965
1736254019999000000,100840.33,6.373620,SELL,7966
1736254079999000000,100869.97,6.470260,BUY,7967
1736254139999000000,100866.00,18.943330,SELL,7968
1736254199999000000,100886.13,11.351720,BUY,7969
1736254259999000000,100848.86,15.399880,SELL,7970
1736254319999000000,100861.28,10.433510,BUY,7971
1736254379999000000,100909.34,11.422260,BUY,7972
1736254439999000000,100909.34,3.177750,SELL,7973
1736254499999000000,100848.84,3.770450,SELL,7974
1736254559999000000,100800.00,4.495700,SELL,7975
1736254619999000000,100767.60,10.478390,SELL,7976
1736254679999000000,100750.00,3.603620,SELL,7977
1736254739999000000,100734.36,2.418620,SELL,7978
1736254799999000000,100750.89,11.615590,BUY,7979
1736254859999000000,100740.01,10.140310,SELL,7980
1736254919999000000,100700.01,11.423080,SELL,7981
1736254979999000000,100779.99,20.630860,BUY,7982
1736255039999000000,100818.19,10.248080,BUY,7983
1736255099999000000,100814.16,15.787550,SELL,7984
1736255159999000000,100790.07,4.106130,SELL,7985
1736255219999000000,100816.78,8.538180,BUY,7986
1736255279999000000,100823.27,7.782400,BUY,7987
1736255339999000000,100769.53,11.061050,SELL,7988
1736255399999000000,100731.06,4.882350,SELL,7989
1736255459999000000,100731.07,6.800510,BUY,7990
1736255519999000000,100740.44,6.742360,BUY,7991
1736255579999000000,100750.50,3.591490,BUY,7992
1736255639999000000,100771.36,3.659840,BUY,7993
1736255699999000000,100752.46,10.213020,SELL,7994
1736255759999000000,100779.94,8.657260,BUY,7995
1736255819999000000,100731.06,12.493660,SELL,7996
1736255879999000000,100686.43,17.365270,SELL,7997
1736255939999000000,100740.07,10.979990,BUY,7998
1736255999999000000,100765.91,9.781570,BUY,7999
1736256059999000000,100738.91,22.189860,SELL,8000
1736256119999000000,100735.59,9.512150,SELL,8001
1736256179999000000,100769.54,14.573340,BUY,8002
1736256239999000000,100843.22,13.316420,BUY,8003
1736256299999000000,100884.64,6.833240,BUY,8004
1736256359999000000,100918.74,40.579810,BUY,8005
1736256419999000000,100934.78,12.430890,BUY,8006
1736256479999000000,100936.58,8.903810,BUY,8007
1736256539999000000,100944.26,29.725360,BUY,8008
1736256599999000000,100939.29,7.543760,SELL,8009
1736256659999000000,100891.73,15.350390,SELL,8010
1736256719999000000,100879.16,8.621710,SELL,8011
1736256779999000000,100828.00,9.544660,SELL,8012
1736256839999000000,100874.59,16.759400,BUY,8013
1736256899999000000,100782.72,10.513610,SELL,8014
1736256959999000000,100778.07,15.287810,SELL,8015
1736257019999000000,100739.19,20.059460,SELL,8016
1736257079999000000,100737.32,17.473220,SELL,8017
1736257139999000000,100678.60,24.645970,SELL,8018
1736257199999000000,100668.03,25.281000,SELL,8019
1736257259999000000,100642.74,23.820510,SELL,8020
1736257319999000000,100707.09,12.140950,BUY,8021
1736257379999000000,100653.00,15.356410,SELL,8022
1736257439999000000,100647.37,10.096370,SELL,8023
1736257499999000000,100713.91,20.917370,BUY,8024
1736257559999000000,100777.83,16.362780,BUY,8025
1736257619999000000,100743.17,10.243590,SELL,8026
1736257679999000000,100770.40,5.766480,BUY,8027
1736257739999000000,100760.56,7.066760,SELL,8028
1736257799999000000,100785.53,4.557850,BUY,8029
1736257859999000000,100762.64,4.607370,SELL,8030
1736257919999000000,100729.35,9.924440,SELL,8031
1736257979999000000,100760.34,6.221990,BUY,8032
1736258039999000000,100704.17,7.609240,SELL,8033
1736258099999000000,100674.02,12.712920,SELL,8034
1736258159999000000,100642.37,17.597460,SELL,8035
1736258219999000000,100651.15,9.119150,BUY,8036
1736258279999000000,100655.15,11.117830,BUY,8037
1736258339999000000,100660.58,2.803720,BUY,8038
1736258399999000000,100636.80,11.972270,SELL,8039
1736258459999000000,100689.89,22.353250,BUY,8040
1736258519999000000,100712.56,7.897880,BUY,8041
1736258579999000000,100750.23,6.410650,BUY,8042
1736258639999000000,100714.51,6.445710,SELL,8043
1736258699999000000,100739.51,16.983840,BUY,8044
1736258759999000000,100807.67,7.304620,BUY,8045
1736258819999000000,100748.76,11.401060,SELL,8046
1736258879999000000,100737.67,3.127230,SELL,8047
1736258939999000000,100753.45,4.607370,BUY,8048
1736258999999000000,100751.31,6.414770,SELL,8049
1736259059999000000,100680.01,14.275570,SELL,8050
1736259119999000000,100660.01,3.808100,SELL,8051
1736259179999000000,100614.40,18.377020,SELL,8052
1736259239999000000,100599.88,9.715750,SELL,8053
1736259299999000000,100576.01,11.187860,SELL,8054
1736259359999000000,100597.82,27.261660,BUY,8055
1736259419999000000,100580.38,15.234080,SELL,8056
1736259479999000000,100554.48,10.633530,SELL,8057
1736259539999000000,100549.41,5.350330,SELL,8058
1736259599999000000,100508.20,11.223270,SELL,8059
1736259659999000000,100595.58,15.805160,BUY,8060
1736259719999000000,100655.51,8.576490,BUY,8061
1736259779999000000,100680.00,8.080130,BUY,8062
1736259839999000000,100645.75,6.446690,SELL,8063
1736259899999000000,100654.50,9.450290,BUY,8064
1736259959999000000,100635.93,10.106050,SELL,8065
1736260019999000000,100659.23,5.090750,BUY,8066
1736260079999000000,100776.23,13.178810,BUY,8067
1736260139999000000,100800.09,20.588550,BUY,8068
1736260199999000000,100759.69,17.038370,SELL,8069
1736260259999000000,100620.00,28.599810,SELL,8070
1736260319999000000,100710.16,23.065520,BUY,8071
1736260379999000000,100695.72,41.256030,SELL,8072
1736260439999000000,100637.81,22.468990,SELL,8073
1736260499999000000,100437.16,136.123040,SELL,8074
1736260559999000000,100448.44,68.622360,BUY,8075
1736260619999000000,100319.56,61.485920,SELL,8076
1736260679999000000,100323.30,96.588340,BUY,8077
1736260739999000000,100439.81,36.029160,BUY,8078
1736260799999000000,100495.53,71.799440,BUY,8079
1736260859999000000,100446.93,51.526560,SELL,8080
1736260919999000000,100675.24,80.342740,BUY,8081
1736260979999000000,100598.34,32.305110,SELL,8082
1736261039999000000,100771.37,32.005350,BUY,8083
1736261099999000000,100716.61,50.416370,SELL,8084
1736261159999000000,100766.23,45.874120,BUY,8085
1736261219999000000,100566.88,44.979760,SELL,8086
1736261279999000000,100539.26,71.118040,SELL,8087
1736261339999000000,100644.38,74.013420,BUY,8088
1736261399999000000,100493.95,78.898110,SELL,8089
1736261459999000000,100428.00,75.633140,SELL,8090
1736261519999000000,100400.00,67.241060,SELL,8091
1736261579999000000,100464.26,36.055690,BUY,8092
1736261639999000000,100261.55,78.220680,SELL,8093
1736261699999000000,100330.06,41.598210,BUY,8094
1736261759999000000,100272.16,31.870440,SELL,8095
1736261819999000000,100048.00,196.505540,SELL,8096
1736261879999000000,100038.19,116.596940,SELL,8097
1736261939999000000,99950.63,112.645630,SELL,8098
1736261999999000000,99979.69,252.496830,BUY,8099
1736262059999000000,99831.42,158.912850,SELL,8100
1736262119999000000,99290.80,326.529800,SELL,8101
1736262179999000000,99808.00,182.131390,BUY,8102
1736262239999000000,99697.82,103.492420,SELL,8103
1736262299999000000,99500.00,66.657920,SELL,8104
1736262359999000000,99345.36,167.145470,SELL,8105
1736262419999000000,99283.61,176.627490,SELL,8106
1736262479999000000,98987.48,277.943100,SELL,8107
1736262539999000000,99143.99,192.816690,BUY,8108
1736262599999000000,99046.07,158.049500,SELL,8109
1736262659999000000,98661.57,388.111830,SELL,8110
1736262719999000000,98521.49,452.790180,SELL,8111
1736262779999000000,98712.81,306.509750,BUY,8112
1736262839999000000,98809.99,205.667590,BUY,8113
1736262899999000000,98592.43,208.398220,SELL,8114
1736262959999000000,98181.07,255.678720,SELL,8115
1736263019999000000,98403.00,180.657360,BUY,8116
1736263079999000000,98316.83,134.491230,SELL,8117
1736263139999000000,98399.21,117.179010,BUY,8118
1736263199999000000,98729.44,118.155310,BUY,8119
1736263259999000000,98684.00,87.198120,SELL,8120
1736263319999000000,98521.19,102.593210,SELL,8121
1736263379999000000,98440.00,136.296740,SELL,8122
1736263439999000000,98364.41,88.887640,SELL,8123
1736263499999000000,98434.34,79.979810,BUY,8124
1736263559999000000,98544.01,125.807420,BUY,8125
1736263619999000000,98738.55,129.718290,BUY,8126
1736263679999000000,98628.98,65.305590,SELL,8127
1736263739999000000,98477.46,117.130170,SELL,8128
1736263799999000000,98457.16,54.859080,SELL,8129
1736263859999000000,98482.63,105.769460,BUY,8130
1736263919999000000,98383.74,47.450790,SELL,8131
1736263979999000000,98309.97,81.915220,SELL,8132
1736264039999000000,98295.37,93.731680,SELL,8133
1736264099999000000,98108.79,222.185540,SELL,8134
1736264159999000000,98033.16,221.964180,SELL,8135
1736264219999000000,98129.78,96.440510,BUY,8136
1736264279999000000,98084.00,89.220030,SELL,8137
1736264339999000000,97921.10,68.296510,SELL,8138
1736264399999000000,97763.16,304.073840,SELL,8139
1736264459999000000,97898.56,139.878170,BUY,8140
1736264519999000000,97880.82,89.891080,SELL,8141
1736264579999000000,97539.97,226.475810,SELL,8142
1736264639999000000,97707.33,173.101560,BUY,8143
1736264699999000000,97568.37,111.256980,SELL,8144
1736264759999000000,97532.56,318.944580,SELL,8145
1736264819999000000,97748.08,140.671530,BUY,8146
1736264879999000000,97560.43,123.654600,SELL,8147
1736264939999000000,97705.79,110.260720,BUY,8148
1736264999999000000,97989.51,70.117640,BUY,8149
1736265059999000000,97990.20,70.181410,BUY,8150
1736265119999000000,98100.02,63.382620,BUY,8151
1736265179999000000,98268.24,98.378920,BUY,8152
1736265239999000000,98100.02,96.820840,SELL,8153
1736265299999000000,98050.13,109.989050,SELL,8154
1736265359999000000,98064.21,61.499590,BUY,8155
1736265419999000000,98057.26,71.099230,SELL,8156
1736265479999000000,98000.00,57.075090,SELL,8157
1736265539999000000,98007.94,31.686810,BUY,8158
1736265599999000000,97952.26,30.993430,SELL,8159
1736265659999000000,97726.23,121.743350,SELL,8160
1736265719999000000,98094.94,82.706450,BUY,8161
1736265779999000000,97881.99,53.333050,SELL,8162
1736265839999000000,97869.66,53.478240,SELL,8163
1736265899999000000,97887.31,182.581620,BUY,8164
1736265959999000000,97812.86,121.886680,SELL,8165
1736266019999000000,97920.01,33.938940,BUY,8166
1736266079999000000,97817.08,34.449150,SELL,8167
1736266139999000000,98023.87,29.930060,BUY,8168
1736266199999000000,98010.88,69.182830,SELL,8169
1736266259999000000,97896.29,44.885100,SELL,8170
1736266319999000000,97630.69,80.861670,SELL,8171
1736266379999000000,97678.87,54.812970,BUY,8172
1736266439999000000,97775.13,38.038310,BUY,8173
1736266499999000000,97831.69,33.328700,BUY,8174
1736266559999000000,97794.06,48.225330,SELL,8175
1736266619999000000,97840.00,28.695090,BUY,8176
1736266679999000000,97782.81,39.549640,SELL,8177
1736266739999000000,97702.18,35.068770,SELL,8178
1736266799999000000,97707.05,28.083700,BUY,8179
1736266859999000000,97899.99,34.838990,BUY,8180
1736266919999000000,97942.83,30.461820,BUY,8181
1736266979999000000,97962.60,41.517410,BUY,8182
1736267039999000000,97904.92,29.415860,SELL,8183
1736267099999000000,97985.13,16.141280,BUY,8184
1736267159999000000,98004.00,27.854910,BUY,8185
1736267219999000000,97997.74,18.771060,SELL,8186
1736267279999000000,97960.89,29.170210,SELL,8187
1736267339999000000,97980.05,15.239630,BUY,8188
1736267399999000000,98013.38,26.342230,BUY,8189
1736267459999000000,97917.15,28.147020,SELL,8190
1736267519999000000,98010.09,38.625510,BUY,8191
1736267579999000000,98089.55,22.436580,BUY,8192
1736267639999000000,98111.34,31.604880,BUY,8193
1736267699999000000,98021.69,27.794380,SELL,8194
1736267759999000000,97877.48,31.415910,SELL,8195
1736267819999000000,97863.00,57.010950,SELL,8196
1736267879999000000,98000.93,20.282010,BUY,8197
1736267939999000000,98050.58,16.626090,BUY,8198
1736267999999000000,98271.99,27.938610,BUY,8199
1736268059999000000,98343.41,41.710150,BUY,8200
1736268119999000000,98214.50,69.454770,SELL,8201
1736268179999000000,98290.38,32.247990,BUY,8202
1736268239999000000,98204.53,32.892790,SELL,8203
1736268299999000000,98200.00,41.199320,SELL,8204
1736268359999000000,98146.54,19.496430,SELL,8205
1736268419999000000,98139.86,16.066910,SELL,8206
1736268479999000000,98185.48,26.939290,BUY,8207
1736268539999000000,98035.29,32.180700,SELL,8208
1736268599999000000,97945.44,71.521770,SELL,8209
1736268659999000000,97837.11,33.385050,SELL,8210
1736268719999000000,97750.01,32.629890,SELL,8211
1736268779999000000,97837.68,21.661770,BUY,8212
1736268839999000000,97792.15,29.968080,SELL,8213
1736268899999000000,97793.77,12.708210,BUY,8214
1736268959999000000,97779.70,17.820160,SELL,8215
1736269019999000000,97802.88,25.365370,BUY,8216
1736269079999000000,97804.79,13.778360,BUY,8217
1736269139999000000,97755.49,33.522630,SELL,8218
1736269199999000000,97733.58,11.818670,SELL,8219
1736269259999000000,97721.30,27.321030,SELL,8220
1736269319999000000,97750.14,27.343210,BUY,8221
1736269379999000000,97726.65,40.859540,SELL,8222
1736269439999000000,97749.13,26.568700,BUY,8223
1736269499999000000,97637.25,45.476900,SELL,8224
1736269559999000000,97633.22,27.519110,SELL,8225
1736269619999000000,97576.00,34.636780,SELL,8226
1736269679999000000,97456.95,66.603320,SELL,8227
1736269739999000000,97505.69,20.666440,BUY,8228
1736269799999000000,97448.74,24.757250,SELL,8229
1736269859999000000,97408.86,48.774030,SELL,8230
1736269919999000000,97441.61,17.188570,BUY,8231
1736269979999000000,97552.09,19.641640,BUY,8232
1736270039999000000,97464.39,23.293110,SELL,8233
1736270099999000000,97385.44,27.917260,SELL,8234
1736270159999000000,97318.62,38.047820,SELL,8235
1736270219999000000,97320.05,33.471840,BUY,8236
1736270279999000000,97424.03,27.618310,BUY,8237
1736270339999000000,97493.13,33.418120,BUY,8238
1736270399999000000,97474.65,24.328850,SELL,8239
1736270459999000000,97404.90,24.031460,SELL,8240
1736270519999000000,97422.01,19.780370,BUY,8241
1736270579999000000,97330.41,21.026770,SELL,8242
1736270639999000000,97362.90,29.925230,BUY,8243
1736270699999000000,97372.57,15.250740,BUY,8244
1736270759999000000,97364.76,20.258710,SELL,8245
1736270819999000000,97251.78,27.467330,SELL,8246
1736270879999000000,97320.99,26.033140,BUY,8247
1736270939999000000,97250.36,20.302780,SELL,8248
1736270999999000000,97320.81,18.230520,BUY,8249
1736271059999000000,97292.04,50.584760,SELL,8250
1736271119999000000,97292.34,17.891110,BUY,8251
1736271179999000000,97290.01,18.464640,SELL,8252
1736271239999000000,97262.54,33.828090,SELL,8253
1736271299999000000,97223.44,18.637570,SELL,8254
1736271359999000000,97229.38,36.144170,BUY,8255
1736271419999000000,97252.77,17.356260,BUY,8256
1736271479999000000,97139.52,29.554980,SELL,8257
1736271539999000000,97123.49,316.873280,SELL,8258
1736271599999000000,97411.75,54.926640,BUY,8259
1736271659999000000,97519.32,57.965250,BUY,8260
1736271719999000000,97500.50,30.980930,SELL,8261
1736271779999000000,97404.00,33.544600,SELL,8262
1736271839999000000,97280.81,16.683730,SELL,8263
1736271899999000000,97229.98,13.748530,SELL,8264
1736271959999000000,97248.18,25.693920,BUY,8265
1736272019999000000,96889.67,133.304660,SELL,8266
1736272079999000000,96899.57,42.140290,BUY,8267
1736272139999000000,96962.39,219.231070,BUY,8268
1736272199999000000,96955.04,42.152410,SELL,8269
1736272259999000000,97038.78,51.679130,BUY,8270
1736272319999000000,96954.37,45.449790,SELL,8271
1736272379999000000,97000.00,26.881770,BUY,8272
1736272439999000000,97033.99,30.422520,BUY,8273
1736272499999000000,97175.63,51.037840,BUY,8274
1736272559999000000,97219.80,16.289260,BUY,8275
1736272619999000000,97366.57,36.323200,BUY,8276
1736272679999000000,97273.82,20.733930,SELL,8277
1736272739999000000,97294.25,18.369880,BUY,8278
1736272799999000000,97277.31,20.251650,SELL,8279
1736272859999000000,97278.83,36.162450,BUY,8280
1736272919999000000,97274.05,22.784490,SELL,8281
1736272979999000000,97335.63,38.656240,BUY,8282
1736273039999000000,97400.48,20.629330,BUY,8283
1736273099999000000,97455.51,10.333940,BUY,8284
1736273159999000000,97421.65,32.492700,SELL,8285
1736273219999000000,97423.42,19.128100,BUY,8286
1736273279999000000,97363.98,45.112110,SELL,8287
1736273339999000000,97406.29,25.072580,BUY,8288
1736273399999000000,97491.30,29.112080,BUY,8289
1736273459999000000,97530.22,33.230710,BUY,8290
1736273519999000000,97457.72,19.265400,SELL,8291
1736273579999000000,97458.18,21.610150,BUY,8292
1736273639999000000,97379.72,9.049480,SELL,8293
1736273699999000000,97398.99,13.281230,BUY,8294
1736273759999000000,97344.46,19.344330,SELL,8295
1736273819999000000,97258.02,27.337280,SELL,8296
1736273879999000000,97268.89,16.218740,BUY,8297
1736273939999000000,97317.26,8.214540,BUY,8298
1736273999999000000,97365.90,18.465830,BUY,8299
1736274059999000000,97288.13,9.696190,SELL,8300
1736274119999000000,97095.55,27.194090,SELL,8301
1736274179999000000,97279.80,45.577720,BUY,8302
1736274239999000000,97234.35,13.566730,SELL,8303
1736274299999000000,97248.50,19.434720,BUY,8304
1736274359999000000,97134.87,12.797710,SELL,8305
1736274419999000000,97199.03,56.725870,BUY,8306
1736274479999000000,97181.86,21.428270,SELL,8307
1736274539999000000,97066.35,29.398190,SELL,8308
1736274599999000000,97061.84,17.136560,SELL,8309
1736274659999000000,97051.83,27.726260,SELL,8310
1736274719999000000,96952.84,52.154420,SELL,8311
1736274779999000000,96966.64,39.461550,BUY,8312
1736274839999000000,96995.49,24.363480,BUY,8313
1736274899999000000,97060.79,23.589580,BUY,8314
1736274959999000000,97021.85,16.294280,SELL,8315
1736275019999000000,96962.17,12.123600,SELL,8316
1736275079999000000,96857.22,71.657660,SELL,8317
1736275139999000000,96878.67,28.039670,BUY,8318
1736275199999000000,96888.75,42.588980,BUY,8319
1736275259999000000,96862.72,28.191620,SELL,8320
1736275319999000000,96743.03,36.938080,SELL,8321
1736275379999000000,96855.03,31.214090,BUY,8322
1736275439999000000,96712.18,26.360250,SELL,8323
1736275499999000000,96864.62,16.746600,BUY,8324
1736275559999000000,96812.55,27.683480,SELL,8325
1736275619999000000,96700.01,35.620100,SELL,8326
1736275679999000000,96829.19,21.423710,BUY,8327
1736275739999000000,96636.93,25.097870,SELL,8328
1736275799999000000,96600.01,23.676600,SELL,8329
1736275859999000000,96687.18,23.619320,BUY,8330
1736275919999000000,96770.14,47.047700,BUY,8331
1736275979999000000,96925.90,27.831180,BUY,8332
1736276039999000000,96909.10,19.855270,SELL,8333
1736276099999000000,96840.59,17.932220,SELL,8334
1736276159999000000,96842.35,19.961570,BUY,8335
1736276219999000000,96705.80,22.235710,SELL,8336
1736276279999000000,96774.15,17.443370,BUY,8337
1736276339999000000,96750.85,16.004070,SELL,8338
1736276399999000000,96750.86,9.818640,BUY,8339
1736276459999000000,96837.60,23.496510,BUY,8340
1736276519999000000,96889.54,18.188420,BUY,8341
1736276579999000000,96980.01,32.774510,BUY,8342
1736276639999000000,96852.00,21.445190,SELL,8343
1736276699999000000,96814.94,19.676120,SELL,8344
1736276759999000000,96722.67,19.452060,SELL,8345
1736276819999000000,96834.84,28.329980,BUY,8346
1736276879999000000,96889.09,21.050410,BUY,8347
1736276939999000000,96959.71,11.160990,BUY,8348
1736276999999000000,97067.81,14.501430,BUY,8349
1736277059999000000,97111.29,13.553310,BUY,8350
1736277119999000000,97110.93,13.912450,SELL,8351
1736277179999000000,97142.64,13.822660,BUY,8352
1736277239999000000,97177.90,17.165560,BUY,8353
1736277299999000000,97165.60,15.403730,SELL,8354
1736277359999000000,97200.00,19.418400,BUY,8355
1736277419999000000,97057.60,24.590240,SELL,8356
1736277479999000000,97035.97,16.502700,SELL,8357
1736277539999000000,97030.90,12.442420,SELL,8358
1736277599999000000,97099.72,28.064260,BUY,8359
1736277659999000000,96984.48,10.772360,SELL,8360
1736277719999000000,96900.01,18.105470,SELL,8361
1736277779999000000,96897.62,21.915210,SELL,8362
1736277839999000000,96827.94,19.393070,SELL,8363
1736277899999000000,96750.01,14.050740,SELL,8364
1736277959999000000,96750.62,18.451320,BUY,8365
1736278019999000000,96756.01,46.161710,BUY,8366
1736278079999000000,96779.12,34.930900,BUY,8367
1736278139999000000,96829.33,16.135100,BUY,8368
1736278199999000000,96862.16,11.960380,BUY,8369
1736278259999000000,96716.98,17.664490,SELL,8370
1736278319999000000,96694.25,46.353420,SELL,8371
1736278379999000000,96719.53,9.261470,BUY,8372
1736278439999000000,96831.01,19.153110,BUY,8373
1736278499999000000,96756.24,8.751410,SELL,8374
1736278559999000000,96756.26,11.176450,BUY,8375
1736278619999000000,96656.99,10.290520,SELL,8376
1736278679999000000,96572.02,38.517270,SELL,8377
1736278739999000000,96564.34,26.157540,SELL,8378
1736278799999000000,96563.07,20.689800,SELL,8379
1736278859999000000,96526.82,122.270050,SELL,8380
1736278919999000000,96583.45,79.954780,BUY,8381
1736278979999000000,96484.20,42.616610,SELL,8382
1736279039999000000,96680.00,37.762860,BUY,8383
1736279099999000000,96687.64,41.425480,BUY,8384
1736279159999000000,96810.01,25.907800,BUY,8385
1736279219999000000,96722.41,15.703060,SELL,8386
1736279279999000000,96582.01,22.526090,SELL,8387
1736279339999000000,96457.77,62.457720,SELL,8388
1736279399999000000,96438.12,30.487410,SELL,8389
1736279459999000000,96491.22,19.342510,BUY,8390
1736279519999000000,96389.38,11.539440,SELL,8391
1736279579999000000,96418.80,13.986950,BUY,8392
1736279639999000000,96541.36,17.783270,BUY,8393
1736279699999000000,96450.01,20.698870,SELL,8394
1736279759999000000,96530.16,28.724750,BUY,8395
1736279819999000000,96549.99,31.099800,BUY,8396
1736279879999000000,96538.03,23.995220,SELL,8397
1736279939999000000,96503.53,13.512690,SELL,8398
1736279999999000000,96451.98,15.431870,SELL,8399
1736280059999000000,96371.86,43.441010,SELL,8400
1736280119999000000,96347.18,15.815960,SELL,8401
1736280179999000000,96342.01,18.030520,SELL,8402
1736280239999000000,96396.00,50.695940,BUY,8403
1736280299999000000,96553.86,36.728560,BUY,8404
1736280359999000000,96620.00,27.008440,BUY,8405
1736280419999000000,96694.22,74.515000,BUY,8406
1736280479999000000,96644.17,25.808430,SELL,8407
1736280539999000000,96676.96,20.903810,BUY,8408
1736280599999000000,96471.90,15.168320,SELL,8409
1736280659999000000,96298.63,30.052050,SELL,8410
1736280719999000000,96303.21,39.033870,BUY,8411
1736280779999000000,96381.51,27.552280,BUY,8412
1736280839999000000,96411.73,18.513060,BUY,8413
1736280899999000000,96460.43,23.477250,BUY,8414
1736280959999000000,96517.22,29.270390,BUY,8415
1736281019999000000,96408.09,20.009730,SELL,8416
1736281079999000000,96406.45,13.329030,SELL,8417
1736281139999000000,96287.27,27.130080,SELL,8418
1736281199999000000,96357.07,10.594370,BUY,8419
1736281259999000000,96259.38,10.111360,SELL,8420
1736281319999000000,96283.42,20.823410,BUY,8421
1736281379999000000,96257.64,40.648530,SELL,8422
1736281439999000000,96300.94,27.716350,BUY,8423
1736281499999000000,96223.79,27.131350,SELL,8424
1736281559999000000,96269.32,26.631210,BUY,8425
1736281619999000000,96272.73,16.072180,BUY,8426
1736281679999000000,96333.33,26.682470,BUY,8427
1736281739999000000,96263.75,18.171220,SELL,8428
1736281799999000000,96272.74,10.773620,BUY,8429
1736281859999000000,96392.73,39.347100,BUY,8430
1736281919999000000,96403.07,19.108990,BUY,8431
1736281979999000000,96456.28,18.360620,BUY,8432
1736282039999000000,96329.79,19.531190,SELL,8433
1736282099999000000,96352.60,20.309580,BUY,8434
1736282159999000000,96230.01,25.343680,SELL,8435
1736282219999000000,96207.58,22.909730,SELL,8436
1736282279999000000,96262.43,34.518940,BUY,8437
1736282339999000000,96304.56,23.466410,BUY,8438
1736282399999000000,96495.81,33.066250,BUY,8439
1736282459999000000,96562.59,51.965160,BUY,8440
1736282519999000000,96567.49,39.220570,BUY,8441
1736282579999000000,96478.72,25.206260,SELL,8442
1736282639999000000,96424.05,23.529840,SELL,8443
1736282699999000000,96245.62,62.012910,SELL,8444
1736282759999000000,96264.17,34.645220,BUY,8445
1736282819999000000,96307.89,52.551420,BUY,8446
1736282879999000000,96450.34,30.461840,BUY,8447
1736282939999000000,96594.39,37.615750,BUY,8448
1736282999999000000,96550.58,21.225220,SELL,8449
1736283059999000000,96686.34,46.654210,BUY,8450
1736283119999000000,96700.16,44.660660,BUY,8451
1736283179999000000,96628.08,21.387880,SELL,8452
1736283239999000000,96769.67,27.073500,BUY,8453
1736283299999000000,96793.94,31.565880,BUY,8454
1736283359999000000,96731.60,39.332980,SELL,8455
1736283419999000000,96712.02,15.253080,SELL,8456
1736283479999000000,96613.95,30.883380,SELL,8457
1736283539999000000,96503.14,34.158720,SELL,8458
1736283599999000000,96533.35,103.263560,BUY,8459
1736283659999000000,96609.40,31.737040,BUY,8460
1736283719999000000,96675.37,40.020610,BUY,8461
1736283779999000000,96635.37,25.445160,SELL,8462
1736283839999000000,96742.42,18.041320,BUY,8463
1736283899999000000,96764.70,15.492200,BUY,8464
1736283959999000000,96789.65,13.053440,BUY,8465
1736284019999000000,96849.31,21.233390,BUY,8466
1736284079999000000,96783.06,20.415240,SELL,8467
1736284139999000000,96781.27,18.811250,SELL,8468
1736284199999000000,96724.57,54.895570,SELL,8469
1736284259999000000,96887.27,42.815180,BUY,8470
1736284319999000000,96879.53,8.748520,SELL,8471
1736284379999000000,96845.54,30.626840,SELL,8472
1736284439999000000,96863.46,13.269680,BUY,8473
1736284499999000000,96882.62,10.617430,BUY,8474
1736284559999000000,96895.61,10.302030,BUY,8475
1736284619999000000,96915.10,26.470070,BUY,8476
1736284679999000000,96976.97,40.726370,BUY,8477
1736284739999000000,97003.07,20.487590,BUY,8478
1736284799999000000,96979.52,17.201830,SELL,8479
1736284859999000000,96954.75,12.653240,SELL,8480
1736284919999000000,96911.18,19.165860,SELL,8481
1736284979999000000,96946.44,11.427940,BUY,8482
1736285039999000000,96959.92,5.476930,BUY,8483
1736285099999000000,96904.60,11.311630,SELL,8484
1736285159999000000,96878.11,6.283280,SELL,8485
1736285219999000000,96925.30,13.633810,BUY,8486
1736285279999000000,96939.40,13.229480,BUY,8487
1736285339999000000,96926.41,2.804490,SELL,8488
1736285399999000000,96920.01,2.217740,SELL,8489
1736285459999000000,96972.72,15.406620,BUY,8490
1736285519999000000,97037.27,9.275880,BUY,8491
1736285579999000000,97032.30,16.343210,SELL,8492
1736285639999000000,96936.07,15.802820,SELL,8493
1736285699999000000,96953.24,16.046860,BUY,8494
1736285759999000000,96854.48,13.162150,SELL,8495
1736285819999000000,96736.91,25.350900,SELL,8496
1736285879999000000,96641.06,25.517340,SELL,8497
1736285939999000000,96601.99,21.520770,SELL,8498
1736285999999000000,96610.90,5.921400,BUY,8499
1736286059999000000,96492.43,19.231610,SELL,8500
1736286119999000000,96447.10,10.563090,SELL,8501
1736286179999000000,96446.69,14.348640,SELL,8502
1736286239999000000,96528.14,19.769290,BUY,8503
1736286299999000000,96659.10,56.129460,BUY,8504
1736286359999000000,96664.53,14.566550,BUY,8505
1736286419999000000,96512.06,47.327160,SELL,8506
1736286479999000000,96514.56,38.613420,BUY,8507
1736286539999000000,96618.59,11.839540,BUY,8508
1736286599999000000,96648.60,14.092590,BUY,8509
1736286659999000000,96636.60,8.840140,SELL,8510
1736286719999000000,96603.25,11.237600,SELL,8511
1736286779999000000,96678.30,37.918380,BUY,8512
1736286839999000000,96670.05,5.624640,SELL,8513
1736286899999000000,96723.41,31.964780,BUY,8514
1736286959999000000,96561.36,17.060780,SELL,8515
1736287019999000000,96635.13,14.027240,BUY,8516
1736287079999000000,96629.34,10.919540,SELL,8517
1736287139999000000,96608.01,20.085470,SELL,8518
1736287199999000000,96501.22,14.827050,SELL,8519
1736287259999000000,96486.82,25.823190,SELL,8520
1736287319999000000,96532.39,21.773950,BUY,8521
1736287379999000000,96435.07,20.982400,SELL,8522
1736287439999000000,96659.11,26.245870,BUY,8523
1736287499999000000,96556.78,18.081560,SELL,8524
1736287559999000000,96743.94,12.304350,BUY,8525
1736287619999000000,96687.49,9.338890,SELL,8526
1736287679999000000,96818.07,13.431750,BUY,8527
1736287739999000000,96858.73,26.988910,BUY,8528
1736287799999000000,96944.06,13.941030,BUY,8529
1736287859999000000,96889.99,12.305750,SELL,8530
1736287919999000000,96865.53,10.311000,SELL,8531
1736287979999000000,96832.35,22.020500,SELL,8532
1736288039999000000,96906.48,16.771930,BUY,8533
1736288099999000000,96900.00,8.118490,SELL,8534
1736288159999000000,96841.19,7.838470,SELL,8535
1736288219999000000,96873.22,8.969040,BUY,8536
1736288279999000000,96867.32,11.816730,SELL,8537
1736288339999000000,96810.40,8.674770,SELL,8538
1736288399999000000,96791.88,5.584700,SELL,8539
1736288459999000000,96811.42,1.539830,BUY,8540
1736288519999000000,96811.43,1.517890,BUY,8541
1736288579999000000,96939.40,7.856710,BUY,8542
1736288639999000000,96991.24,12.926280,BUY,8543
1736288699999000000,96921.99,19.655840,SELL,8544
1736288759999000000,96976.44,7.022130,BUY,8545
1736288819999000000,96912.59,5.904910,SELL,8546
1736288879999000000,96873.00,8.415230,SELL,8547
1736288939999000000,96952.00,10.932430,BUY,8548
1736288999999000000,96921.00,5.011290,SELL,8549
1736289059999000000,96953.91,33.344900,BUY,8550
1736289119999000000,96982.76,5.501330,BUY,8551
1736289179999000000,96904.18,15.711400,SELL,8552
1736289239999000000,96933.52,5.333250,BUY,8553
1736289299999000000,96961.87,5.991810,BUY,8554
1736289359999000000,97000.00,6.039190,BUY,8555
1736289419999000000,96981.26,10.267670,SELL,8556
1736289479999000000,96972.79,7.302660,SELL,8557
1736289539999000000,97094.08,7.176580,BUY,8558
1736289599999000000,97128.85,12.228950,BUY,8559
1736289659999000000,97179.83,23.514270,BUY,8560
1736289719999000000,97065.96,25.098730,SELL,8561
1736289779999000000,97172.97,12.712000,BUY,8562
1736289839999000000,97150.00,8.754670,SELL,8563
1736289899999000000,97119.60,14.293760,SELL,8564
1736289959999000000,97170.26,10.485910,BUY,8565
1736290019999000000,97115.09,8.376800,SELL,8566
1736290079999000000,97062.01,6.555100,SELL,8567
1736290139999000000,97101.21,9.118420,BUY,8568
1736290199999000000,97023.37,11.890850,SELL,8569
1736290259999000000,97003.70,3.636660,SELL,8570
1736290319999000000,96990.84,4.649270,SELL,8571
1736290379999000000,96969.79,3.750050,SELL,8572
1736290439999000000,96989.21,15.722270,BUY,8573
1736290499999000000,97069.25,7.131420,BUY,8574
1736290559999000000,97082.26,8.508380,BUY,8575
1736290619999000000,97060.62,7.780190,SELL,8576
1736290679999000000,97070.09,8.228970,BUY,8577
1736290739999000000,97164.89,16.107080,BUY,8578
1736290799999000000,97164.00,11.391350,SELL,8579
1736290859999000000,96919.15,25.361650,SELL,8580
1736290919999000000,96900.87,12.158910,SELL,8581
1736290979999000000,96965.08,14.163690,BUY,8582
1736291039999000000,96907.50,19.687130,SELL,8583
1736291099999000000,96969.70,16.151860,BUY,8584
1736291159999000000,96929.51,23.536260,SELL,8585
1736291219999000000,97036.00,26.402330,BUY,8586
1736291279999000000,96905.85,12.332360,SELL,8587
1736291339999000000,96944.00,14.460430,BUY,8588
1736291399999000000,96909.10,10.821860,SELL,8589
1736291459999000000,96858.65,13.139070,SELL,8590
1736291519999000000,96857.61,8.917040,SELL,8591
1736291579999000000,96941.57,9.225200,BUY,8592
1736291639999000000,96845.10,13.029250,SELL,8593
1736291699999000000,96886.06,10.950210,BUY,8594
1736291759999000000,96848.62,10.101680,SELL,8595
1736291819999000000,96863.86,22.134090,BUY,8596
1736291879999000000,96870.45,2.237310,BUY,8597
1736291939999000000,96825.01,18.126230,SELL,8598
1736291999999000000,96875.79,6.550250,BUY,8599
1736292059999000000,96946.51,35.817880,BUY,8600
1736292119999000000,97022.89,15.302990,BUY,8601
1736292179999000000,97015.95,12.341890,SELL,8602
1736292239999000000,97050.04,13.524770,BUY,8603
1736292299999000000,97082.01,10.241490,BUY,8604
1736292359999000000,97118.86,28.328840,BUY,8605
1736292419999000000,97060.32,9.596130,SELL,8606
1736292479999000000,97087.10,12.256190,BUY,8607
1736292539999000000,97049.98,8.107190,SELL,8608
1736292599999000000,97066.89,9.401290,BUY,8609
1736292659999000000,97037.76,18.378780,SELL,8610
1736292719999000000,97106.81,16.987080,BUY,8611
1736292779999000000,97123.17,13.424380,BUY,8612
1736292839999000000,97080.00,12.992430,SELL,8613
1736292899999000000,97142.83,6.739590,BUY,8614
1736292959999000000,97096.01,8.718480,SELL,8615
1736293019999000000,97086.12,4.172590,SELL,8616
1736293079999000000,97121.06,14.500330,BUY,8617
1736293139999000000,97153.07,6.588210,BUY,8618
1736293199999000000,97167.42,7.400220,BUY,8619
1736293259999000000,97129.96,7.752570,SELL,8620
1736293319999000000,97090.91,5.354460,SELL,8621
1736293379999000000,97062.58,10.528980,SELL,8622
1736293439999000000,96964.45,43.305750,SELL,8623
1736293499999000000,96957.01,14.193200,SELL,8624
1736293559999000000,96939.40,5.869370,SELL,8625
1736293619999000000,96897.17,26.314870,SELL,8626
1736293679999000000,96924.90,30.105760,BUY,8627
1736293739999000000,96922.03,5.622740,SELL,8628
1736293799999000000,96902.94,9.551030,SELL,8629
1736293859999000000,96914.76,6.817480,BUY,8630
1736293919999000000,96959.99,5.784710,BUY,8631
1736293979999000000,96925.79,9.838450,SELL,8632
1736294039999000000,96971.07,4.875930,BUY,8633
1736294099999000000,96916.68,7.825540,SELL,8634
1736294159999000000,96935.49,33.708230,BUY,8635
1736294219999000000,96927.90,5.631480,SELL,8636
1736294279999000000,96943.43,10.964310,BUY,8637
1736294339999000000,96922.00,6.176300,SELL,8638
1736294399999000000,96954.61,6.213340,BUY,8639
1736294459999000000,96882.91,44.231350,SELL,8640
1736294519999000000,96906.08,21.787760,BUY,8641
1736294579999000000,96869.68,13.051730,SELL,8642
1736294639999000000,96808.73,12.108590,SELL,8643
1736294699999000000,96707.77,28.887220,SELL,8644
1736294759999000000,96799.99,11.066680,BUY,8645
1736294819999000000,96799.35,10.319310,SELL,8646
1736294879999000000,96865.79,5.718280,BUY,8647
1736294939999000000,96950.19,12.459300,BUY,8648
1736294999999000000,96945.86,8.947220,SELL,8649
1736295059999000000,96980.24,5.921020,BUY,8650
1736295119999000000,96994.46,7.939350,BUY,8651
1736295179999000000,96999.99,7.021850,BUY,8652
1736295239999000000,97039.26,7.347790,BUY,8653
1736295299999000000,97014.24,4.881600,SELL,8654
1736295359999000000,97034.99,11.711370,BUY,8655
1736295419999000000,97000.74,13.194730,SELL,8656
1736295479999000000,97011.11,8.485560,BUY,8657
1736295539999000000,97087.56,9.130090,BUY,8658
1736295599999000000,97110.25,5.778930,BUY,8659
1736295659999000000,97127.62,11.603180,BUY,8660
1736295719999000000,97029.04,32.540440,SELL,8661
1736295779999000000,96952.10,16.456850,SELL,8662
1736295839999000000,96920.79,9.673340,SELL,8663
1736295899999000000,97021.70,24.249960,BUY,8664
1736295959999000000,97117.28,9.386240,BUY,8665
1736296019999000000,97061.50,5.926720,SELL,8666
1736296079999000000,96957.03,6.611910,SELL,8667
1736296139999000000,96945.94,11.764220,SELL,8668
1736296199999000000,96928.42,2.557800,SELL,8669
1736296259999000000,96854.29,13.253840,SELL,8670
1736296319999000000,96878.12,17.360910,BUY,8671
1736296379999000000,97005.16,10.518060,BUY,8672
1736296439999000000,97017.63,8.794550,BUY,8673
1736296499999000000,97025.83,21.230830,BUY,8674
1736296559999000000,97031.13,6.459630,BUY,8675
1736296619999000000,97026.95,16.722230,SELL,8676
1736296679999000000,97071.64,7.529680,BUY,8677
1736296739999000000,97078.83,8.597340,BUY,8678
1736296799999000000,97115.91,8.409720,BUY,8679
1736296859999000000,97114.79,9.672460,SELL,8680
1736296919999000000,97119.57,3.464010,BUY,8681
1736296979999000000,97139.99,8.614490,BUY,8682
1736297039999000000,97150.33,4.432770,BUY,8683
1736297099999000000,97209.55,31.498220,BUY,8684
1736297159999000000,97158.63,37.186170,SELL,8685
1736297219999000000,97040.03,13.073160,SELL,8686
1736297279999000000,97052.27,7.766370,BUY,8687
1736297339999000000,97070.33,4.692660,BUY,8688
1736297399999000000,97110.51,3.001130,BUY,8689
1736297459999000000,97152.74,16.182600,BUY,8690
1736297519999000000,97156.47,80.982470,BUY,8691
1736297579999000000,97155.59,8.999210,SELL,8692
1736297639999000000,97104.28,22.512150,SELL,8693
1736297699999000000,97135.68,13.160720,BUY,8694
1736297759999000000,97183.52,9.415830,BUY,8695
1736297819999000000,97210.56,20.087920,BUY,8696
1736297879999000000,97243.95,11.801980,BUY,8697
1736297939999000000,97228.02,3.431630,SELL,8698
1736297999999000000,97268.49,8.209370,BUY,8699
1736298059999000000,97179.41,20.257800,SELL,8700
1736298119999000000,97184.01,14.620250,BUY,8701
1736298179999000000,97160.01,11.048130,SELL,8702
1736298239999000000,97123.71,6.248910,SELL,8703
1736298299999000000,97022.25,12.989200,SELL,8704
1736298359999000000,96991.48,10.949980,SELL,8705
1736298419999000000,96994.20,7.693370,BUY,8706
1736298479999000000,97140.41,13.456640,BUY,8707
1736298539999000000,97116.60,7.227810,SELL,8708
1736298599999000000,97076.83,7.054910,SELL,8709
1736298659999000000,97048.73,5.491530,SELL,8710
1736298719999000000,96978.00,5.282680,SELL,8711
1736298779999000000,96990.08,5.275750,BUY,8712
1736298839999000000,96970.58,6.317400,SELL,8713
1736298899999000000,96937.68,15.327450,SELL,8714
1736298959999000000,96959.22,7.856700,BUY,8715
1736299019999000000,96979.54,7.931030,BUY,8716
1736299079999000000,97068.86,11.880670,BUY,8717
1736299139999000000,97050.95,11.547560,SELL,8718
1736299199999000000,97066.02,5.120560,BUY,8719
1736299259999000000,97059.22,13.167730,SELL,8720
1736299319999000000,97079.78,5.608630,BUY,8721
1736299379999000000,97033.61,7.830420,SELL,8722
1736299439999000000,97029.02,3.949810,SELL,8723
1736299499999000000,97008.38,7.915440,SELL,8724
1736299559999000000,96986.89,9.256360,SELL,8725
1736299619999000000,97014.89,11.238710,BUY,8726
1736299679999000000,97029.03,6.151410,BUY,8727
1736299739999000000,97015.25,6.042860,SELL,8728
1736299799999000000,96978.44,8.650900,SELL,8729
1736299859999000000,97065.83,18.133330,BUY,8730
1736299919999000000,97043.47,10.035750,SELL,8731
1736299979999000000,97065.00,5.967050,BUY,8732
1736300039999000000,97065.00,6.739850,SELL,8733
1736300099999000000,97061.99,4.852380,SELL,8734
1736300159999000000,97046.29,9.571750,SELL,8735
1736300219999000000,96915.57,29.140820,SELL,8736
1736300279999000000,96916.70,10.637920,BUY,8737
1736300339999000000,96901.44,16.378180,SELL,8738
1736300399999000000,96915.06,11.337020,BUY,8739
1736300459999000000,96911.59,2.229370,SELL,8740
1736300519999000000,96837.63,32.087650,SELL,8741
1736300579999000000,96795.01,11.713320,SELL,8742
1736300639999000000,96796.37,9.326740,BUY,8743
1736300699999000000,96824.22,14.371800,BUY,8744
1736300759999000000,96778.81,22.427940,SELL,8745
1736300819999000000,96740.74,81.612410,SELL,8746
1736300879999000000,96666.30,20.677160,SELL,8747
1736300939999000000,96682.60,19.469620,BUY,8748
1736300999999000000,96711.84,6.437640,BUY,8749
1736301059999000000,96676.82,18.209350,SELL,8750
1736301119999000000,96647.74,13.365210,SELL,8751
1736301179999000000,96651.23,18.530800,BUY,8752
1736301239999000000,96658.22,9.399430,BUY,8753
1736301299999000000,96725.94,11.659740,BUY,8754
1736301359999000000,96768.00,14.513440,BUY,8755
1736301419999000000,96783.41,9.599530,BUY,8756
1736301479999000000,96887.44,13.631420,BUY,8757
1736301539999000000,96898.97,18.422420,BUY,8758
1736301599999000000,96907.15,7.177400,BUY,8759
1736301659999000000,96847.28,18.053910,SELL,8760
1736301719999000000,96834.32,16.253000,SELL,8761
1736301779999000000,96818.40,4.756740,SELL,8762
1736301839999000000,96794.53,4.585810,SELL,8763
1736301899999000000,96826.99,5.588790,BUY,8764
1736301959999000000,96857.74,3.762180,BUY,8765
1736302019999000000,96917.42,5.309290,BUY,8766
1736302079999000000,96988.97,8.332170,BUY,8767
1736302139999000000,97049.52,65.409650,BUY,8768
1736302199999000000,97051.72,13.556350,BUY,8769
1736302259999000000,97090.00,13.759540,BUY,8770
1736302319999000000,97055.01,31.678180,SELL,8771
1736302379999000000,97055.03,2.924330,BUY,8772
1736302439999000000,97006.72,21.792970,SELL,8773
1736302499999000000,96988.50,15.253220,SELL,8774
1736302559999000000,96970.61,22.808830,SELL,8775
1736302619999000000,97056.00,9.853050,BUY,8776
1736302679999000000,97022.93,7.392790,SELL,8777
1736302739999000000,97039.60,1.728510,BUY,8778
1736302799999000000,97029.53,5.356340,SELL,8779
1736302859999000000,97022.94,5.860410,SELL,8780
1736302919999000000,97118.13,24.455370,BUY,8781
1736302979999000000,97160.00,9.824790,BUY,8782
1736303039999000000,97127.71,8.989360,SELL,8783
1736303099999000000,97116.29,9.933330,SELL,8784
1736303159999000000,97178.05,10.307970,BUY,8785
1736303219999000000,97127.97,23.236570,SELL,8786
1736303279999000000,97084.01,7.052780,SELL,8787
1736303339999000000,96972.01,27.844040,SELL,8788
1736303399999000000,96979.60,12.113660,BUY,8789
1736303459999000000,97007.41,11.388440,BUY,8790
1736303519999000000,97035.11,15.858330,BUY,8791
1736303579999000000,96980.35,12.922580,SELL,8792
1736303639999000000,97022.76,8.391140,BUY,8793
1736303699999000000,97003.72,5.713810,SELL,8794
1736303759999000000,97027.83,5.341740,BUY,8795
1736303819999000000,97072.09,5.416780,BUY,8796
1736303879999000000,97044.39,4.938060,SELL,8797
1736303939999000000,97063.05,4.898570,BUY,8798
1736303999999000000,97064.02,16.436940,BUY,8799
1736304059999000000,97151.52,21.721770,BUY,8800
1736304119999000000,97100.56,7.812040,SELL,8801
1736304179999000000,97012.86,30.048150,SELL,8802
1736304239999000000,97060.35,15.439000,BUY,8803
1736304299999000000,97037.39,4.479820,SELL,8804
1736304359999000000,96971.93,14.779230,SELL,8805
1736304419999000000,96928.03,10.826800,SELL,8806
1736304479999000000,96914.76,7.494210,SELL,8807
1736304539999000000,96937.10,5.782960,BUY,8808
1736304599999000000,96975.19,4.810810,BUY,8809
1736304659999000000,96970.34,7.244920,SELL,8810
1736304719999000000,96917.54,3.825070,SELL,8811
1736304779999000000,96926.42,3.000650,BUY,8812
1736304839999000000,96953.50,4.723640,BUY,8813
1736304899999000000,96923.21,4.695800,SELL,8814
1736304959999000000,96959.99,4.273430,BUY,8815
1736305019999000000,96965.38,5.280580,BUY,8816
1736305079999000000,96940.01,2.271500,SELL,8817
1736305139999000000,96889.67,5.376640,SELL,8818
1736305199999000000,96878.14,4.297020,SELL,8819
1736305259999000000,96768.00,31.680760,SELL,8820
1736305319999000000,96746.87,43.754800,SELL,8821
1736305379999000000,96711.49,50.386620,SELL,8822
1736305439999000000,96660.17,16.296840,SELL,8823
1736305499999000000,96640.23,33.063840,SELL,8824
1736305559999000000,96578.14,45.294080,SELL,8825
1736305619999000000,96613.59,29.954110,BUY,8826
1736305679999000000,96466.59,55.429040,SELL,8827
1736305739999000000,96520.36,36.982240,BUY,8828
1736305799999000000,96584.28,13.046500,BUY,8829
1736305859999000000,96510.42,25.636800,SELL,8830
1736305919999000000,96563.12,34.979520,BUY,8831
1736305979999000000,96602.67,14.903180,BUY,8832
1736306039999000000,96725.01,13.804290,BUY,8833
1736306099999000000,96639.20,13.241970,SELL,8834
1736306159999000000,96666.66,34.633620,BUY,8835
1736306219999000000,96696.97,10.508040,BUY,8836
1736306279999000000,96645.21,17.048700,SELL,8837
1736306339999000000,96682.22,15.737670,BUY,8838
1736306399999000000,96659.25,19.505910,SELL,8839
1736306459999000000,96577.67,9.434110,SELL,8840
1736306519999000000,96664.85,10.999330,BUY,8841
1736306579999000000,96688.96,6.013690,BUY,8842
1736306639999000000,96697.23,4.022780,BUY,8843
1736306699999000000,96772.43,7.089250,BUY,8844
1736306759999000000,96784.34,12.689220,BUY,8845
1736306819999000000,96726.39,14.339160,SELL,8846
1736306879999000000,96730.96,6.506310,BUY,8847
1736306939999000000,96691.43,3.205560,SELL,8848
1736306999999000000,96612.25,18.615040,SELL,8849
1736307059999000000,96592.34,14.533050,SELL,8850
1736307119999000000,96617.41,6.610700,BUY,8851
1736307179999000000,96549.08,4.435470,SELL,8852
1736307239999000000,96596.85,5.645660,BUY,8853
1736307299999000000,96771.29,15.071250,BUY,8854
1736307359999000000,96710.59,22.799700,SELL,8855
1736307419999000000,96613.59,5.344790,SELL,8856
1736307479999000000,96628.39,14.275490,BUY,8857
1736307539999000000,96585.13,11.368900,SELL,8858
1736307599999000000,96536.74,7.541040,SELL,8859
1736307659999000000,96468.01,13.020660,SELL,8860
1736307719999000000,96425.61,8.484200,SELL,8861
1736307779999000000,96484.31,21.947920,BUY,8862
1736307839999000000,96435.99,45.281170,SELL,8863
1736307899999000000,96484.84,19.166400,BUY,8864
1736307959999000000,96420.51,14.238970,SELL,8865
1736308019999000000,96369.14,54.348580,SELL,8866
1736308079999000000,96305.12,33.186520,SELL,8867
1736308139999000000,96294.27,35.911760,SELL,8868
1736308199999000000,96484.85,35.648030,BUY,8869
1736308259999000000,96467.09,22.354670,SELL,8870
1736308319999000000,96299.75,46.399610,SELL,8871
1736308379999000000,96251.00,14.559400,SELL,8872
1736308439999000000,96259.47,19.129740,BUY,8873
1736308499999000000,96303.15,10.736080,BUY,8874
1736308559999000000,96379.51,42.646460,BUY,8875
1736308619999000000,96435.10,32.052400,BUY,8876
1736308679999000000,96512.92,15.012430,BUY,8877
1736308739999000000,96553.95,9.034090,BUY,8878
1736308799999000000,96525.20,8.130650,SELL,8879
1736308859999000000,96559.26,14.105680,BUY,8880
1736308919999000000,96491.38,18.669200,SELL,8881
1736308979999000000,96490.36,23.975740,SELL,8882
1736309039999000000,96461.93,6.826850,SELL,8883
1736309099999000000,96403.21,17.518570,SELL,8884
1736309159999000000,96486.49,33.193440,BUY,8885
1736309219999000000,96443.93,11.055670,SELL,8886
1736309279999000000,96472.68,25.884560,BUY,8887
1736309339999000000,96480.90,8.166170,BUY,8888
1736309399999000000,96539.95,14.779950,BUY,8889
1736309459999000000,96546.79,18.078750,BUY,8890
1736309519999000000,96604.31,20.922310,BUY,8891
1736309579999000000,96560.87,28.670770,SELL,8892
1736309639999000000,96574.47,16.686950,BUY,8893
1736309699999000000,96524.25,11.514650,SELL,8894
1736309759999000000,96374.99,31.387690,SELL,8895
1736309819999000000,96382.85,13.465740,BUY,8896
1736309879999000000,96358.81,14.003210,SELL,8897
1736309939999000000,96351.08,8.471320,SELL,8898
1736309999999000000,96342.78,11.478060,SELL,8899
1736310059999000000,96334.73,33.621690,SELL,8900
1736310119999000000,96245.89,16.687360,SELL,8901
1736310179999000000,96291.98,17.293860,BUY,8902
1736310239999000000,96276.00,10.970210,SELL,8903
1736310299999000000,96351.22,24.511360,BUY,8904
1736310359999000000,96209.84,37.103220,SELL,8905
1736310419999000000,96278.31,9.498290,BUY,8906
1736310479999000000,96319.96,19.567100,BUY,8907
1736310539999000000,96361.82,9.026340,BUY,8908
1736310599999000000,96500.01,31.448200,BUY,8909
1736310659999000000,96416.27,11.367610,SELL,8910
1736310719999000000,96434.43,10.103900,BUY,8911
1736310779999000000,96423.10,7.234440,SELL,8912
1736310839999000000,96389.30,6.874560,SELL,8913
1736310899999000000,96280.01,17.425640,SELL,8914
1736310959999000000,96216.85,31.438050,SELL,8915
1736311019999000000,96375.64,16.632410,BUY,8916
1736311079999000000,96386.81,6.676480,BUY,8917
1736311139999000000,96426.11,7.894570,BUY,8918
1736311199999000000,96421.82,5.108190,SELL,8919
1736311259999000000,96439.74,8.851130,BUY,8920
1736311319999000000,96384.89,15.145420,SELL,8921
1736311379999000000,96334.50,12.458760,SELL,8922
1736311439999000000,96256.31,13.294770,SELL,8923
1736311499999000000,96283.11,2.807720,BUY,8924
1736311559999000000,96268.91,8.768110,SELL,8925
1736311619999000000,96304.22,20.215250,BUY,8926
1736311679999000000,96120.49,101.538120,SELL,8927
1736311739999000000,96300.00,30.393420,BUY,8928
1736311799999000000,96330.83,12.772030,BUY,8929
1736311859999000000,96319.99,14.582570,SELL,8930
1736311919999000000,96217.07,13.785760,SELL,8931
1736311979999000000,96164.08,10.697930,SELL,8932
1736312039999000000,96160.67,18.382780,SELL,8933
1736312099999000000,96226.66,9.800090,BUY,8934
1736312159999000000,96208.25,16.034640,SELL,8935
1736312219999000000,96274.64,35.011180,BUY,8936
1736312279999000000,96239.00,37.445330,SELL,8937
1736312339999000000,96315.09,19.822600,BUY,8938
1736312399999000000,96274.81,23.966340,SELL,8939
1736312459999000000,96300.79,19.645510,BUY,8940
1736312519999000000,96232.76,12.578380,SELL,8941
1736312579999000000,96334.08,12.548590,BUY,8942
1736312639999000000,96319.30,21.194230,SELL,8943
1736312699999000000,96266.54,7.047060,SELL,8944
1736312759999000000,96169.59,12.874260,SELL,8945
1736312819999000000,96107.02,23.148140,SELL,8946
1736312879999000000,96135.35,11.974870,BUY,8947
1736312939999000000,96123.28,12.795550,SELL,8948
1736312999999000000,96140.61,11.441370,BUY,8949
1736313059999000000,96185.24,12.828690,BUY,8950
1736313119999000000,96211.97,13.129850,BUY,8951
1736313179999000000,96242.42,3.628630,BUY,8952
1736313239999000000,96267.36,4.470110,BUY,8953
1736313299999000000,96327.05,8.814430,BUY,8954
1736313359999000000,96399.79,39.285710,BUY,8955
1736313419999000000,96376.65,33.827880,SELL,8956
1736313479999000000,96457.65,48.811840,BUY,8957
1736313539999000000,96441.88,10.657730,SELL,8958
1736313599999000000,96508.48,18.567160,BUY,8959
1736313659999000000,96445.64,15.855260,SELL,8960
1736313719999000000,96482.20,8.657790,BUY,8961
1736313779999000000,96491.98,7.968270,BUY,8962
1736313839999000000,96493.51,6.420080,BUY,8963
1736313899999000000,96487.99,6.383030,SELL,8964
1736313959999000000,96549.72,8.369920,BUY,8965
1736314019999000000,96589.83,6.161080,BUY,8966
1736314079999000000,96553.03,7.884100,SELL,8967
1736314139999000000,96631.84,18.321390,BUY,8968
1736314199999000000,96620.89,6.988300,SELL,8969
1736314259999000000,96643.95,12.707830,BUY,8970
1736314319999000000,96575.11,8.592230,SELL,8971
1736314379999000000,96574.40,4.831300,SELL,8972
1736314439999000000,96597.88,4.639450,BUY,8973
1736314499999000000,96593.16,25.998450,SELL,8974
1736314559999000000,96548.67,8.104100,SELL,8975
1736314619999000000,96555.09,5.187600,BUY,8976
1736314679999000000,96575.19,7.202990,BUY,8977
1736314739999000000,96564.11,3.756510,SELL,8978
1736314799999000000,96568.24,6.619860,BUY,8979
1736314859999000000,96595.73,5.266120,BUY,8980
1736314919999000000,96617.20,5.297670,BUY,8981
1736314979999000000,96635.22,5.473870,BUY,8982
1736315039999000000,96593.18,8.345790,SELL,8983
1736315099999000000,96582.55,3.154570,SELL,8984
1736315159999000000,96589.14,13.850380,BUY,8985
1736315219999000000,96576.01,11.373510,SELL,8986
1736315279999000000,96604.20,10.423500,BUY,8987
1736315339999000000,96609.31,21.925380,BUY,8988
1736315399999000000,96600.01,11.031220,SELL,8989
1736315459999000000,96554.52,15.206550,SELL,8990
1736315519999000000,96472.80,26.192710,SELL,8991
1736315579999000000,96444.15,5.278650,SELL,8992
1736315639999000000,96432.85,4.535200,SELL,8993
1736315699999000000,96447.65,3.473680,BUY,8994
1736315759999000000,96413.62,10.011580,SELL,8995
1736315819999000000,96520.00,9.994820,BUY,8996
1736315879999000000,96523.78,6.173630,BUY,8997
1736315939999000000,96496.01,2.367170,SELL,8998
1736315999999000000,96492.01,6.565130,SELL,8999
1736316059999000000,96536.00,15.229290,BUY,9000
1736316119999000000,96506.60,11.484960,SELL,9001
1736316179999000000,96561.19,14.264550,BUY,9002
1736316239999000000,96618.28,14.977000,BUY,9003
1736316299999000000,96619.15,1.926290,BUY,9004
1736316359999000000,96614.90,10.286680,SELL,9005
1736316419999000000,96550.68,6.543680,SELL,9006
1736316479999000000,96531.68,4.679580,SELL,9007
1736316539999000000,96524.01,5.600390,SELL,9008
1736316599999000000,96547.79,2.829740,BUY,9009
1736316659999000000,96517.87,23.320840,SELL,9010
1736316719999000000,96508.34,5.644860,SELL,9011
1736316779999000000,96537.75,3.869820,BUY,9012
1736316839999000000,96550.56,4.982110,BUY,9013
1736316899999000000,96537.61,4.653140,SELL,9014
1736316959999000000,96516.05,5.098950,SELL,9015
1736317019999000000,96490.03,4.201590,SELL,9016
1736317079999000000,96435.00,12.498500,SELL,9017
1736317139999000000,96287.19,19.452560,SELL,9018
1736317199999000000,96305.99,22.031180,BUY,9019
1736317259999000000,96330.55,14.143610,BUY,9020
1736317319999000000,96380.96,10.708010,BUY,9021
1736317379999000000,96325.32,5.053270,SELL,9022
1736317439999000000,96306.34,9.133790,SELL,9023
1736317499999000000,96342.43,18.167180,BUY,9024
1736317559999000000,96264.00,15.072350,SELL,9025
1736317619999000000,96298.01,6.797620,BUY,9026
1736317679999000000,96275.00,8.386950,SELL,9027
1736317739999000000,96210.01,26.208690,SELL,9028
1736317799999000000,96204.91,13.258360,SELL,9029
1736317859999000000,96169.12,44.407840,SELL,9030
1736317919999000000,96127.88,20.593900,SELL,9031
1736317979999000000,95899.99,164.089310,SELL,9032
1736318039999000000,95898.33,157.440290,SELL,9033
1736318099999000000,95808.71,40.199410,SELL,9034
1736318159999000000,95780.10,28.368150,SELL,9035
1736318219999000000,95689.61,66.440590,SELL,9036
1736318279999000000,95626.60,58.769440,SELL,9037
1736318339999000000,95684.72,27.502110,BUY,9038
1736318399999000000,95639.99,52.502440,SELL,9039
1736318459999000000,95664.66,95.642420,BUY,9040
1736318519999000000,95732.93,26.280790,BUY,9041
1736318579999000000,95815.05,39.354940,BUY,9042
1736318639999000000,95747.46,22.525760,SELL,9043
1736318699999000000,95773.99,23.135560,BUY,9044
1736318759999000000,95732.00,15.239830,SELL,9045
1736318819999000000,95732.30,25.672470,BUY,9046
1736318879999000000,95670.39,21.769780,SELL,9047
1736318939999000000,95650.00,24.043280,SELL,9048
1736318999999000000,95679.56,24.487870,BUY,9049
1736319059999000000,95468.29,113.898430,SELL,9050
1736319119999000000,95540.31,40.059600,BUY,9051
1736319179999000000,95421.60,75.838060,SELL,9052
1736319239999000000,95468.20,91.083870,BUY,9053
1736319299999000000,95358.00,44.093650,SELL,9054
1736319359999000000,95359.57,35.672240,BUY,9055
1736319419999000000,95304.23,100.465190,SELL,9056
1736319479999000000,95292.19,34.660390,SELL,9057
1736319539999000000,95283.61,19.568050,SELL,9058
1736319599999000000,95284.31,16.477690,BUY,9059
1736319659999000000,95411.22,38.539010,BUY,9060
1736319719999000000,95292.44,33.577220,SELL,9061
1736319779999000000,95330.46,36.820610,BUY,9062
1736319839999000000,95419.03,24.245350,BUY,9063
1736319899999000000,95425.77,23.348000,BUY,9064
1736319959999000000,95509.03,29.826550,BUY,9065
1736320019999000000,95522.92,10.980740,BUY,9066
1736320079999000000,95550.02,33.471920,BUY,9067
1736320139999000000,95600.00,78.544220,BUY,9068
1736320199999000000,95609.74,37.753870,BUY,9069
1736320259999000000,95560.29,24.563660,SELL,9070
1736320319999000000,95602.27,17.903190,BUY,9071
1736320379999000000,95631.52,18.250660,BUY,9072
1736320439999000000,95668.62,10.242860,BUY,9073
1736320499999000000,95702.79,13.625900,BUY,9074
1736320559999000000,95626.30,28.587970,SELL,9075
1736320619999000000,95570.49,11.780300,SELL,9076
1736320679999000000,95421.08,30.800200,SELL,9077
1736320739999000000,95462.54,22.651570,BUY,9078
1736320799999000000,95468.94,9.990920,BUY,9079
1736320859999000000,95529.13,17.869790,BUY,9080
1736320919999000000,95490.45,5.666150,SELL,9081
1736320979999000000,95502.44,20.742920,BUY,9082
1736321039999000000,95457.01,5.038340,SELL,9083
1736321099999000000,95507.34,11.750080,BUY,9084
1736321159999000000,95378.39,53.744710,SELL,9085
1736321219999000000,95372.92,7.706370,SELL,9086
1736321279999000000,95425.15,16.620750,BUY,9087
1736321339999000000,95438.30,18.989410,BUY,9088
1736321399999000000,95481.50,18.722720,BUY,9089
1736321459999000000,95472.00,12.378780,SELL,9090
1736321519999000000,95451.99,45.126170,SELL,9091
1736321579999000000,95538.30,19.531650,BUY,9092
1736321639999000000,95515.15,20.180630,SELL,9093
1736321699999000000,95422.01,16.618370,SELL,9094
1736321759999000000,95426.77,11.822340,BUY,9095
1736321819999000000,95388.01,8.839670,SELL,9096
1736321879999000000,95374.37,13.663750,SELL,9097
1736321939999000000,95432.80,11.449160,BUY,9098
1736321999999000000,95449.71,19.496070,BUY,9099
1736322059999000000,95494.54,8.089040,BUY,9100
1736322119999000000,95524.65,19.289700,BUY,9101
1736322179999000000,95560.87,15.870160,BUY,9102
1736322239999000000,95575.60,29.848610,BUY,9103
1736322299999000000,95582.90,23.821080,BUY,9104
1736322359999000000,95567.16,24.205580,SELL,9105
1736322419999000000,95644.46,64.204240,BUY,9106
1736322479999000000,95710.06,63.572900,BUY,9107
1736322539999000000,95650.01,13.752550,SELL,9108
1736322599999000000,95739.61,16.033970,BUY,9109
1736322659999000000,95704.73,16.403740,SELL,9110
1736322719999000000,95761.95,14.377380,BUY,9111
1736322779999000000,95790.10,20.622610,BUY,9112
1736322839999000000,95770.25,37.072720,SELL,9113
1736322899999000000,95789.29,10.073980,BUY,9114
1736322959999000000,95772.64,10.801070,SELL,9115
1736323019999000000,95701.70,19.358020,SELL,9116
1736323079999000000,95723.09,10.929920,BUY,9117
1736323139999000000,95689.22,8.170530,SELL,9118
1736323199999000000,95657.09,8.549520,SELL,9119
1736323259999000000,95661.21,17.074270,BUY,9120
1736323319999000000,95750.52,18.569250,BUY,9121
1736323379999000000,95647.38,20.725630,SELL,9122
1736323439999000000,95587.74,45.844570,SELL,9123
1736323499999000000,95595.46,15.332410,BUY,9124
1736323559999000000,95614.66,37.143580,BUY,9125
1736323619999000000,95589.99,11.561450,SELL,9126
1736323679999000000,95569.88,7.774230,SELL,9127
1736323739999000000,95550.01,6.596870,SELL,9128
1736323799999000000,95528.76,14.859850,SELL,9129
1736323859999000000,95559.32,4.137620,BUY,9130
1736323919999000000,95654.89,15.097140,BUY,9131
1736323979999000000,95637.00,9.896840,SELL,9132
1736324039999000000,95639.99,15.380810,BUY,9133
1736324099999000000,95695.72,8.115100,BUY,9134
1736324159999000000,95637.30,8.017250,SELL,9135
1736324219999000000,95702.02,20.418460,BUY,9136
1736324279999000000,95830.00,51.926800,BUY,9137
1736324339999000000,95939.92,37.816960,BUY,9138
1736324399999000000,95877.24,29.283740,SELL,9139
1736324459999000000,95861.99,15.482650,SELL,9140
1736324519999000000,95765.08,34.966120,SELL,9141
1736324579999000000,95749.50,11.273290,SELL,9142
1736324639999000000,95795.67,31.762340,BUY,9143
1736324699999000000,95800.01,7.614370,BUY,9144
1736324759999000000,95800.03,7.671330,BUY,9145
1736324819999000000,95824.72,12.856450,BUY,9146
1736324879999000000,95825.96,10.758710,BUY,9147
1736324939999000000,95833.36,6.165830,BUY,9148
1736324999999000000,95838.06,8.062100,BUY,9149
1736325059999000000,95819.09,15.042620,SELL,9150
1736325119999000000,95856.85,11.790820,BUY,9151
1736325179999000000,95957.72,15.248820,BUY,9152
1736325239999000000,95976.66,12.349140,BUY,9153
1736325299999000000,95915.16,17.068860,SELL,9154
1736325359999000000,95978.49,11.306810,BUY,9155
1736325419999000000,96025.65,13.584090,BUY,9156
1736325479999000000,95995.99,25.958760,SELL,9157
1736325539999000000,95988.02,18.858590,SELL,9158
1736325599999000000,96006.52,14.192100,BUY,9159
1736325659999000000,96072.63,14.075910,BUY,9160
1736325719999000000,96032.10,7.533600,SELL,9161
1736325779999000000,96070.20,15.142090,BUY,9162
1736325839999000000,96101.54,11.635420,BUY,9163
1736325899999000000,96109.35,13.751400,BUY,9164
1736325959999000000,96119.12,28.578570,BUY,9165
1736326019999000000,96066.88,24.330800,SELL,9166
1736326079999000000,96033.78,9.706070,SELL,9167
1736326139999000000,96068.28,21.260780,BUY,9168
1736326199999000000,96078.13,4.667820,BUY,9169
1736326259999000000,96045.89,4.717290,SELL,9170
1736326319999000000,96021.65,6.672440,SELL,9171
1736326379999000000,96041.94,5.639270,BUY,9172
1736326439999000000,96030.00,2.864580,SELL,9173
1736326499999000000,96009.07,6.295040,SELL,9174
1736326559999000000,96020.00,14.364120,BUY,9175
1736326619999000000,96013.12,7.468720,SELL,9176
1736326679999000000,95985.81,7.314420,SELL,9177
1736326739999000000,95937.18,9.360760,SELL,9178
1736326799999000000,95945.99,4.633190,BUY,9179
1736326859999000000,95907.95,9.195520,SELL,9180
1736326919999000000,95962.37,4.403650,BUY,9181
1736326979999000000,95988.58,4.613310,BUY,9182
1736327039999000000,96037.37,10.954490,BUY,9183
1736327099999000000,96046.19,9.078410,BUY,9184
1736327159999000000,96039.19,6.262580,SELL,9185
1736327219999000000,96047.41,3.919190,BUY,9186
1736327279999000000,96049.90,3.431320,BUY,9187
1736327339999000000,96027.39,14.556030,SELL,9188
1736327399999000000,96030.28,5.353090,BUY,9189
1736327459999000000,95990.06,2.729690,SELL,9190
1736327519999000000,95959.97,18.671560,SELL,9191
1736327579999000000,95961.80,9.557580,BUY,9192
1736327639999000000,95977.85,8.610830,BUY,9193
1736327699999000000,95992.70,3.156680,BUY,9194
1736327759999000000,95997.02,6.871520,BUY,9195
1736327819999000000,96024.74,19.493160,BUY,9196
1736327879999000000,96098.10,8.797730,BUY,9197
1736327939999000000,96011.54,15.837630,SELL,9198
1736327999999000000,96059.34,6.255410,BUY,9199
1736328059999000000,96051.86,6.174940,SELL,9200
1736328119999000000,95984.12,26.728430,SELL,9201
1736328179999000000,95955.35,25.002990,SELL,9202
1736328239999000000,95968.52,6.236950,BUY,9203
1736328299999000000,95968.52,1.775460,BUY,9204
1736328359999000000,95930.97,5.860980,SELL,9205
1736328419999000000,95952.08,5.276420,BUY,9206
1736328479999000000,95949.66,13.244080,SELL,9207
1736328539999000000,95921.11,6.339730,SELL,9208
1736328599999000000,95912.72,4.793960,SELL,9209
1736328659999000000,95917.71,3.380690,BUY,9210
1736328719999000000,95824.00,21.408300,SELL,9211
1736328779999000000,95806.23,10.653370,SELL,9212
1736328839999000000,95820.01,13.389830,BUY,9213
1736328899999000000,95780.96,13.255490,SELL,9214
1736328959999000000,95781.66,10.601450,BUY,9215
1736329019999000000,95749.99,10.260040,SELL,9216
1736329079999000000,95742.25,28.067700,SELL,9217
1736329139999000000,95710.05,11.514260,SELL,9218
1736329199999000000,95736.00,4.923070,BUY,9219
1736329259999000000,95753.77,9.035530,BUY,9220
1736329319999000000,95815.12,5.496540,BUY,9221
1736329379999000000,95804.58,8.198690,SELL,9222
1736329439999000000,95805.11,14.977770,BUY,9223
1736329499999000000,95799.51,5.174680,SELL,9224
1736329559999000000,95785.61,2.717210,SELL,9225
1736329619999000000,95773.44,9.680460,SELL,9226
1736329679999000000,95759.71,4.491290,SELL,9227
1736329739999000000,95756.99,6.165360,SELL,9228
1736329799999000000,95751.61,3.747450,SELL,9229
1736329859999000000,95712.39,18.365620,SELL,9230
1736329919999000000,95685.35,9.469520,SELL,9231
1736329979999000000,95661.11,9.715200,SELL,9232
1736330039999000000,95632.02,14.838990,SELL,9233
1736330099999000000,95677.45,12.297800,BUY,9234
1736330159999000000,95671.77,8.153230,SELL,9235
1736330219999000000,95583.62,14.367030,SELL,9236
1736330279999000000,95566.40,4.497360,SELL,9237
1736330339999000000,95500.01,30.074900,SELL,9238
1736330399999000000,95432.82,21.121890,SELL,9239
1736330459999000000,95475.35,12.303460,BUY,9240
1736330519999000000,95518.62,7.336820,BUY,9241
1736330579999000000,95573.09,6.601250,BUY,9242
1736330639999000000,95575.92,25.546540,BUY,9243
1736330699999000000,95579.71,8.095820,BUY,9244
1736330759999000000,95630.47,7.993080,BUY,9245
1736330819999000000,95682.62,7.616360,BUY,9246
1736330879999000000,95659.99,11.595230,SELL,9247
1736330939999000000,95666.44,2.849670,BUY,9248
1736330999999000000,95696.29,4.337750,BUY,9249
1736331059999000000,95631.77,28.251440,SELL,9250
1736331119999000000,95593.49,6.374670,SELL,9251
1736331179999000000,95527.90,12.118680,SELL,9252
1736331239999000000,95540.84,4.224600,BUY,9253
1736331299999000000,95556.42,4.332070,BUY,9254
1736331359999000000,95517.85,22.875780,SELL,9255
1736331419999000000,95533.09,34.007400,BUY,9256
1736331479999000000,95663.63,37.132180,BUY,9257
1736331539999000000,95685.93,21.449930,BUY,9258
1736331599999000000,95688.20,5.223270,BUY,9259
1736331659999000000,95697.77,18.338310,BUY,9260
1736331719999000000,95727.20,4.508780,BUY,9261
1736331779999000000,95737.96,9.359560,BUY,9262
1736331839999000000,95722.64,7.892300,SELL,9263
1736331899999000000,95749.99,3.881160,BUY,9264
1736331959999000000,95756.47,7.915660,BUY,9265
1736332019999000000,95740.01,20.833280,SELL,9266
1736332079999000000,95740.01,3.784430,BUY,9267
1736332139999000000,95800.00,10.966550,BUY,9268
1736332199999000000,95862.26,13.474700,BUY,9269
1736332259999000000,95839.39,17.027920,SELL,9270
1736332319999000000,95806.47,4.738270,SELL,9271
1736332379999000000,95765.12,15.137160,SELL,9272
1736332439999000000,95751.03,2.558170,SELL,9273
1736332499999000000,95727.82,12.813780,SELL,9274
1736332559999000000,95711.99,39.307760,SELL,9275
1736332619999000000,95705.01,1.051780,SELL,9276
1736332679999000000,95744.24,6.506720,BUY,9277
1736332739999000000,95784.94,8.421560,BUY,9278
1736332799999000000,95757.39,7.338280,SELL,9279
1736332859999000000,95772.91,4.081510,BUY,9280
1736332919999000000,95823.03,12.444000,BUY,9281
1736332979999000000,95777.01,6.197180,SELL,9282
1736333039999000000,95772.89,20.078610,SELL,9283
1736333099999000000,95743.26,6.868800,SELL,9284
1736333159999000000,95749.63,2.754670,BUY,9285
1736333219999000000,95696.37,6.064370,SELL,9286
1736333279999000000,95714.33,29.561530,BUY,9287
1736333339999000000,95732.22,3.299370,BUY,9288
1736333399999000000,95724.93,5.167100,SELL,9289
1736333459999000000,95764.97,10.444200,BUY,9290
1736333519999000000,95861.14,10.500570,BUY,9291
1736333579999000000,95877.85,41.222000,BUY,9292
1736333639999000000,95880.93,9.593720,BUY,9293
1736333699999000000,95884.46,15.064460,BUY,9294
1736333759999000000,95856.59,6.320130,SELL,9295
1736333819999000000,95920.20,9.036330,BUY,9296
1736333879999000000,95970.65,14.719130,BUY,9297
1736333939999000000,96000.00,8.741300,BUY,9298
1736333999999000000,95961.02,5.320300,SELL,9299
1736334059999000000,96011.98,24.234270,BUY,9300
1736334119999000000,95959.48,6.821700,SELL,9301
1736334179999000000,96030.07,7.584340,BUY,9302
1736334239999000000,96013.27,6.280330,SELL,9303
1736334299999000000,96015.50,17.036250,BUY,9304
1736334359999000000,95964.36,10.848370,SELL,9305
1736334419999000000,95884.17,17.508970,SELL,9306
1736334479999000000,95932.02,7.187210,BUY,9307
1736334539999000000,95916.10,1.991200,SELL,9308
1736334599999000000,95942.94,3.839990,BUY,9309
1736334659999000000,95931.67,5.563080,SELL,9310
1736334719999000000,95900.01,6.946910,SELL,9311
1736334779999000000,95870.72,11.449170,SELL,9312
1736334839999000000,95716.81,18.122850,SELL,9313
1736334899999000000,95741.26,25.713090,BUY,9314
1736334959999000000,95736.39,5.695750,SELL,9315
1736335019999000000,95728.72,6.207310,SELL,9316
1736335079999000000,95787.98,6.635310,BUY,9317
1736335139999000000,95788.64,10.902680,BUY,9318
1736335199999000000,95760.00,8.367920,SELL,9319
1736335259999000000,95751.47,9.562980,SELL,9320
1736335319999000000,95767.30,4.284400,BUY,9321
1736335379999000000,95722.56,4.494700,SELL,9322
1736335439999000000,95685.01,5.109650,SELL,9323
1736335499999000000,95639.41,32.366980,SELL,9324
1736335559999000000,95602.51,3.661370,SELL,9325
1736335619999000000,95589.00,11.116470,SELL,9326
1736335679999000000,95589.00,4.615810,BUY,9327
1736335739999000000,95508.00,8.066170,SELL,9328
1736335799999000000,95555.30,4.846640,BUY,9329
1736335859999000000,95519.84,10.919690,SELL,9330
1736335919999000000,95400.01,26.096220,SELL,9331
1736335979999000000,95341.29,89.181300,SELL,9332
1736336039999000000,95200.00,125.276750,SELL,9333
1736336099999000000,94923.99,319.837010,SELL,9334
1736336159999000000,95099.64,69.365310,BUY,9335
1736336219999000000,94904.34,96.514110,SELL,9336
1736336279999000000,94889.70,80.583660,SELL,9337
1736336339999000000,94720.36,133.194630,SELL,9338
1736336399999000000,94641.45,31.109010,SELL,9339
1736336459999000000,94552.04,72.493090,SELL,9340
1736336519999000000,94798.60,56.180060,BUY,9341
1736336579999000000,94847.72,27.223800,BUY,9342
1736336639999000000,94716.48,20.645190,SELL,9343
1736336699999000000,94783.99,20.012190,BUY,9344
1736336759999000000,94853.74,19.893800,BUY,9345
1736336819999000000,94803.63,23.722600,SELL,9346
1736336879999000000,94987.59,20.528090,BUY,9347
1736336939999000000,94976.63,43.278670,SELL,9348
1736336999999000000,95010.12,35.421610,BUY,9349
1736337059999000000,95079.12,62.122620,BUY,9350
1736337119999000000,95123.30,24.307870,BUY,9351
1736337179999000000,95167.70,31.935010,BUY,9352
1736337239999000000,95134.40,12.421250,SELL,9353
1736337299999000000,95130.78,9.730110,SELL,9354
1736337359999000000,95129.51,14.571040,SELL,9355
1736337419999000000,95165.97,7.632760,BUY,9356
1736337479999000000,95209.81,24.141530,BUY,9357
1736337539999000000,95216.65,7.309860,BUY,9358
1736337599999000000,95134.92,22.929230,SELL,9359
1736337659999000000,95125.76,19.919850,SELL,9360
1736337719999000000,94978.67,37.914910,SELL,9361
1736337779999000000,95165.38,28.193970,BUY,9362
1736337839999000000,95127.88,15.027090,SELL,9363
1736337899999000000,95200.00,14.091430,BUY,9364
1736337959999000000,95244.96,24.337960,BUY,9365
1736338019999000000,95200.01,15.264370,SELL,9366
1736338079999000000,95255.18,6.747460,BUY,9367
1736338139999000000,95365.30,21.192320,BUY,9368
1736338199999000000,95279.85,19.781860,SELL,9369
1736338259999000000,95353.21,9.261200,BUY,9370
1736338319999000000,95330.62,24.117880,SELL,9371
1736338379999000000,95172.47,22.728170,SELL,9372
1736338439999000000,95124.96,24.265590,SELL,9373
1736338499999000000,95191.58,13.191150,BUY,9374
1736338559999000000,95170.26,12.713110,SELL,9375
1736338619999000000,95122.34,15.927050,SELL,9376
1736338679999000000,95161.96,10.132730,BUY,9377
1736338739999000000,95183.34,15.416670,BUY,9378
1736338799999000000,95034.03,19.956330,SELL,9379
1736338859999000000,95024.77,21.518100,SELL,9380
1736338919999000000,95126.05,19.515690,BUY,9381
1736338979999000000,95069.53,11.837080,SELL,9382
1736339039999000000,95078.86,22.608480,BUY,9383
1736339099999000000,95130.03,7.186750,BUY,9384
1736339159999000000,95120.34,12.896650,SELL,9385
1736339219999000000,95164.35,10.232530,BUY,9386
1736339279999000000,95209.52,18.215700,BUY,9387
1736339339999000000,95160.63,31.903570,SELL,9388
1736339399999000000,95117.81,15.680010,SELL,9389
1736339459999000000,95117.88,7.753120,BUY,9390
1736339519999000000,95068.01,11.568330,SELL,9391
1736339579999000000,94975.68,19.670210,SELL,9392
1736339639999000000,94896.20,24.857430,SELL,9393
1736339699999000000,94947.79,24.182130,BUY,9394
1736339759999000000,95113.28,29.230480,BUY,9395
1736339819999000000,95073.23,24.350330,SELL,9396
1736339879999000000,95318.27,20.507150,BUY,9397
1736339939999000000,95200.01,30.725550,SELL,9398
1736339999999000000,95223.60,7.718920,BUY,9399
1736340059999000000,95286.95,18.187860,BUY,9400
1736340119999000000,95153.13,23.174360,SELL,9401
1736340179999000000,95167.55,10.953040,BUY,9402
1736340239999000000,95160.54,10.064040,SELL,9403
1736340299999000000,95170.31,8.896040,BUY,9404
1736340359999000000,95049.10,21.077440,SELL,9405
1736340419999000000,95044.28,38.467340,SELL,9406
1736340479999000000,95000.01,15.467080,SELL,9407
1736340539999000000,94941.13,18.885510,SELL,9408
1736340599999000000,94991.73,10.760310,BUY,9409
1736340659999000000,95048.00,16.391990,BUY,9410
1736340719999000000,95037.97,16.741670,SELL,9411
1736340779999000000,95079.85,16.441330,BUY,9412
1736340839999000000,95039.28,9.691320,SELL,9413
1736340899999000000,94917.84,16.402000,SELL,9414
1736340959999000000,94959.66,14.302280,BUY,9415
1736341019999000000,94877.00,13.204020,SELL,9416
1736341079999000000,94877.00,7.264760,BUY,9417
1736341139999000000,94892.13,8.209020,BUY,9418
1736341199999000000,94888.01,11.440290,SELL,9419
1736341259999000000,95012.68,30.582840,BUY,9420
1736341319999000000,95237.72,37.443300,BUY,9421
1736341379999000000,95303.38,38.887790,BUY,9422
1736341439999000000,95400.44,48.065130,BUY,9423
1736341499999000000,95536.12,45.036280,BUY,9424
1736341559999000000,95349.60,34.814080,SELL,9425
1736341619999000000,95433.40,24.869520,BUY,9426
1736341679999000000,95270.30,28.182690,SELL,9427
1736341739999000000,95294.89,19.307940,BUY,9428
1736341799999000000,95246.82,27.393320,SELL,9429
1736341859999000000,95272.72,10.027990,BUY,9430
1736341919999000000,95245.55,13.246210,SELL,9431
1736341979999000000,95245.71,10.962380,BUY,9432
1736342039999000000,95266.46,11.519000,BUY,9433
1736342099999000000,95325.46,19.567770,BUY,9434
1736342159999000000,95514.85,32.596920,BUY,9435
1736342219999000000,95382.51,38.420530,SELL,9436
1736342279999000000,95408.01,22.172250,BUY,9437
1736342339999000000,95407.10,26.552370,SELL,9438
1736342399999000000,95320.36,14.123030,SELL,9439
1736342459999000000,95393.93,15.895520,BUY,9440
1736342519999000000,95379.92,23.783970,SELL,9441
1736342579999000000,95335.64,12.565530,SELL,9442
1736342639999000000,95476.54,14.319460,BUY,9443
1736342699999000000,95562.45,55.766000,BUY,9444
1736342759999000000,95606.45,15.527630,BUY,9445
1736342819999000000,95619.87,21.047320,BUY,9446
1736342879999000000,95657.63,16.967390,BUY,9447
1736342939999000000,95642.06,20.139520,SELL,9448
1736342999999000000,95561.77,24.780250,SELL,9449
1736343059999000000,95484.86,31.355650,SELL,9450
1736343119999000000,95515.01,26.329440,BUY,9451
1736343179999000000,95389.99,26.780500,SELL,9452
1736343239999000000,95352.80,23.173860,SELL,9453
1736343299999000000,95235.89,57.552890,SELL,9454
1736343359999000000,95314.39,31.229190,BUY,9455
1736343419999000000,95350.73,22.708690,BUY,9456
1736343479999000000,95328.86,14.887250,SELL,9457
1736343539999000000,95366.70,18.531740,BUY,9458
1736343599999000000,95336.46,21.031130,SELL,9459
1736343659999000000,95267.61,10.666470,SELL,9460
1736343719999000000,95303.03,9.276870,BUY,9461
1736343779999000000,95403.74,21.777520,BUY,9462
1736343839999000000,95393.93,8.761980,SELL,9463
1736343899999000000,95346.72,8.393880,SELL,9464
1736343959999000000,95318.77,22.130800,SELL,9465
1736344019999000000,95324.81,10.385790,BUY,9466
1736344079999000000,95296.94,16.942930,SELL,9467
1736344139999000000,95153.16,14.062940,SELL,9468
1736344199999000000,95267.02,11.982100,BUY,9469
1736344259999000000,95346.59,15.284000,BUY,9470
1736344319999000000,95284.01,5.622920,SELL,9471
1736344379999000000,95295.20,27.318430,BUY,9472
1736344439999000000,95222.72,10.813000,SELL,9473
1736344499999000000,95298.48,4.653920,BUY,9474
1736344559999000000,95371.97,21.038730,BUY,9475
1736344619999000000,95385.63,6.267040,BUY,9476
1736344679999000000,95370.77,7.800510,SELL,9477
1736344739999000000,95405.63,10.339140,BUY,9478
1736344799999000000,95384.00,6.123620,SELL,9479
1736344859999000000,95422.90,23.839650,BUY,9480
1736344919999000000,95467.32,16.185430,BUY,9481
1736344979999000000,95408.93,15.363240,SELL,9482
1736345039999000000,95454.54,9.209850,BUY,9483
1736345099999000000,95467.84,10.874130,BUY,9484
1736345159999000000,95629.16,87.557340,BUY,9485
1736345219999000000,95542.15,51.733420,SELL,9486
1736345279999000000,95570.03,38.537960,BUY,9487
1736345339999000000,95438.92,28.161460,SELL,9488
1736345399999000000,95403.72,17.545390,SELL,9489
1736345459999000000,95342.95,10.351430,SELL,9490
1736345519999000000,95326.21,45.750390,SELL,9491
1736345579999000000,95206.83,15.115810,SELL,9492
1736345639999000000,95311.96,17.773020,BUY,9493
1736345699999000000,95290.25,18.704670,SELL,9494
1736345759999000000,95409.74,17.807320,BUY,9495
1736345819999000000,95442.70,11.441220,BUY,9496
1736345879999000000,95482.81,17.451040,BUY,9497
1736345939999000000,95410.20,14.271020,SELL,9498
1736345999999000000,95352.70,30.179880,SELL,9499
1736346059999000000,95354.84,12.951950,BUY,9500
1736346119999000000,95289.59,18.271350,SELL,9501
1736346179999000000,95283.47,13.250000,SELL,9502
1736346239999000000,95361.84,7.550170,BUY,9503
1736346299999000000,95289.81,10.721020,SELL,9504
1736346359999000000,95467.77,24.107730,BUY,9505
1736346419999000000,95392.17,11.381430,SELL,9506
1736346479999000000,95510.96,19.175260,BUY,9507
1736346539999000000,95500.00,14.770550,SELL,9508
1736346599999000000,95439.08,6.529250,SELL,9509
1736346659999000000,95255.67,56.101170,SELL,9510
1736346719999000000,95284.00,34.591940,BUY,9511
1736346779999000000,95247.65,46.903580,SELL,9512
1736346839999000000,95424.70,50.538260,BUY,9513
1736346899999000000,95739.84,40.413330,BUY,9514
1736346959999000000,95705.89,125.774480,SELL,9515
1736347019999000000,95530.32,60.584000,SELL,9516
1736347079999000000,95363.66,86.371260,SELL,9517
1736347139999000000,95338.10,81.165550,SELL,9518
1736347199999000000,95125.54,28.075960,SELL,9519
1736347259999000000,95226.41,34.024730,BUY,9520
1736347319999000000,95140.81,37.744950,SELL,9521
1736347379999000000,95152.45,46.466910,BUY,9522
1736347439999000000,95152.59,47.545590,BUY,9523
1736347499999000000,95356.59,34.529600,BUY,9524
1736347559999000000,95310.80,36.839980,SELL,9525
1736347619999000000,94965.49,97.305520,SELL,9526
1736347679999000000,95211.43,83.521840,BUY,9527
1736347739999000000,95032.01,43.105880,SELL,9528
1736347799999000000,95248.00,65.341760,BUY,9529
1736347859999000000,95366.53,53.320660,BUY,9530
1736347919999000000,95316.14,31.987150,SELL,9531
1736347979999000000,95032.33,36.037280,SELL,9532
1736348039999000000,95046.17,34.381430,BUY,9533
1736348099999000000,95088.05,41.241650,BUY,9534
1736348159999000000,95300.35,39.812890,BUY,9535
1736348219999000000,95319.93,42.117280,BUY,9536
1736348279999000000,95202.70,24.053890,SELL,9537
1736348339999000000,95253.29,19.820090,BUY,9538
1736348399999000000,95288.01,35.246000,BUY,9539
1736348459999000000,95335.17,28.826800,BUY,9540
1736348519999000000,95494.00,31.317350,BUY,9541
1736348579999000000,95505.18,47.320980,BUY,9542
1736348639999000000,95813.50,197.460690,BUY,9543
1736348699999000000,95831.15,83.700820,BUY,9544
1736348759999000000,95801.97,55.234120,SELL,9545
1736348819999000000,96028.25,69.222240,BUY,9546
1736348879999000000,95934.93,70.178940,SELL,9547
1736348939999000000,95887.94,46.545310,SELL,9548
1736348999999000000,95839.99,34.297530,SELL,9549
1736349059999000000,95686.44,49.788950,SELL,9550
1736349119999000000,95508.41,66.643530,SELL,9551
1736349179999000000,95410.97,127.306920,SELL,9552
1736349239999000000,95251.23,82.009130,SELL,9553
1736349299999000000,95154.56,52.315200,SELL,9554
1736349359999000000,95098.37,64.075430,SELL,9555
1736349419999000000,95068.46,94.560870,SELL,9556
1736349479999000000,95167.07,64.036300,BUY,9557
1736349539999000000,95273.01,39.097950,BUY,9558
1736349599999000000,95373.99,56.193290,BUY,9559
1736349659999000000,95001.81,44.296230,SELL,9560
1736349719999000000,95060.29,42.631060,BUY,9561
1736349779999000000,94793.03,107.050030,SELL,9562
1736349839999000000,94891.98,35.873880,BUY,9563
1736349899999000000,94995.75,31.535130,BUY,9564
1736349959999000000,94963.01,28.802610,SELL,9565
1736350019999000000,95076.66,21.329560,BUY,9566
1736350079999000000,94948.38,32.133950,SELL,9567
1736350139999000000,94813.48,23.600040,SELL,9568
1736350199999000000,94797.37,54.248540,SELL,9569
1736350259999000000,94848.48,46.726690,BUY,9570
1736350319999000000,94849.13,35.395600,BUY,9571
1736350379999000000,94771.58,35.869630,SELL,9572
1736350439999000000,94743.15,61.813050,SELL,9573
1736350499999000000,94711.99,25.445500,SELL,9574
1736350559999000000,94938.34,52.183810,BUY,9575
1736350619999000000,95125.30,31.784850,BUY,9576
1736350679999000000,95196.22,23.614230,BUY,9577
1736350739999000000,95093.79,41.607430,SELL,9578
1736350799999000000,94969.85,32.440670,SELL,9579
1736350859999000000,94856.40,40.312980,SELL,9580
1736350919999000000,94958.49,36.123580,BUY,9581
1736350979999000000,94926.70,17.346070,SELL,9582
1736351039999000000,94994.42,13.065430,BUY,9583
1736351099999000000,94995.64,26.084850,BUY,9584
1736351159999000000,95040.18,32.390880,BUY,9585
1736351219999000000,95107.29,27.590230,BUY,9586
1736351279999000000,95013.38,37.465090,SELL,9587
1736351339999000000,95028.52,18.854920,BUY,9588
1736351399999000000,95028.37,17.237340,BUY,9589
1736351459999000000,95077.67,31.532430,BUY,9590
1736351519999000000,95144.00,19.678900,BUY,9591
1736351579999000000,95331.25,52.464580,BUY,9592
1736351639999000000,95250.02,14.330450,SELL,9593
1736351699999000000,95293.19,29.736100,BUY,9594
1736351759999000000,95244.00,35.195530,SELL,9595
1736351819999000000,95258.30,18.636910,BUY,9596
1736351879999000000,95375.18,131.367270,BUY,9597
1736351939999000000,95345.40,73.049230,SELL,9598
1736351999999000000,95493.77,225.459160,BUY,9599
1736352059999000000,95336.22,100.931170,SELL,9600
1736352119999000000,95244.45,36.613320,SELL,9601
1736352179999000000,95187.10,32.807900,SELL,9602
1736352239999000000,95229.47,17.588880,BUY,9603
1736352299999000000,95122.00,13.730720,SELL,9604
1736352359999000000,95044.00,36.370770,SELL,9605
1736352419999000000,94926.28,24.894530,SELL,9606
1736352479999000000,94928.30,29.948750,BUY,9607
1736352539999000000,95124.89,24.524200,BUY,9608
1736352599999000000,95128.00,30.407440,BUY,9609
1736352659999000000,95181.82,29.344600,BUY,9610
1736352719999000000,95063.97,25.315410,SELL,9611
1736352779999000000,95017.94,15.690230,SELL,9612
1736352839999000000,95110.98,13.796680,BUY,9613
1736352899999000000,95013.43,14.223930,SELL,9614
1736352959999000000,94936.59,18.954020,SELL,9615
1736353019999000000,94938.15,15.219400,BUY,9616
1736353079999000000,94909.91,16.431610,SELL,9617
1736353139999000000,94975.54,16.240770,BUY,9618
1736353199999000000,95055.99,14.864320,BUY,9619
1736353259999000000,95200.01,22.015320,BUY,9620
1736353319999000000,95156.23,37.059470,SELL,9621
1736353379999000000,95172.68,20.661790,BUY,9622
1736353439999000000,95223.63,19.365790,BUY,9623
1736353499999000000,95123.16,13.396720,SELL,9624
1736353559999000000,95110.41,15.606530,SELL,9625
1736353619999000000,95071.41,8.814750,SELL,9626
1736353679999000000,94922.98,28.630530,SELL,9627
1736353739999000000,94888.60,13.217930,SELL,9628
1736353799999000000,94886.24,17.502090,SELL,9629
1736353859999000000,95030.71,24.331960,BUY,9630
1736353919999000000,94887.80,11.370650,SELL,9631
1736353979999000000,94927.85,10.605360,BUY,9632
1736354039999000000,94890.85,24.944490,SELL,9633
1736354099999000000,94935.43,19.902290,BUY,9634
1736354159999000000,94871.85,68.922270,SELL,9635
1736354219999000000,94986.50,74.792590,BUY,9636
1736354279999000000,95110.20,50.104980,BUY,9637
1736354339999000000,95112.08,24.747550,BUY,9638
1736354399999000000,94965.84,28.405010,SELL,9639
1736354459999000000,94920.01,25.986480,SELL,9640
1736354519999000000,94947.60,20.704690,BUY,9641
1736354579999000000,94874.31,16.611310,SELL,9642
1736354639999000000,94757.63,22.412040,SELL,9643
1736354699999000000,94804.46,18.185240,BUY,9644
1736354759999000000,94764.92,10.148080,SELL,9645
1736354819999000000,94724.11,38.877890,SELL,9646
1736354879999000000,94787.87,21.860020,BUY,9647
1736354939999000000,94848.48,10.892520,BUY,9648
1736354999999000000,94703.99,38.681750,SELL,9649
1736355059999000000,94737.74,15.782020,BUY,9650
1736355119999000000,94704.30,29.135360,SELL,9651
1736355179999000000,94684.05,22.498000,SELL,9652
1736355239999000000,94727.27,20.039980,BUY,9653
1736355299999000000,94625.78,23.290180,SELL,9654
1736355359999000000,94605.51,64.759840,SELL,9655
1736355419999000000,94678.02,29.411410,BUY,9656
1736355479999000000,94781.19,17.081940,BUY,9657
1736355539999000000,94763.78,26.538030,SELL,9658
1736355599999000000,94787.87,9.992380,BUY,9659
1736355659999000000,94749.09,40.270470,SELL,9660
1736355719999000000,94836.03,20.232230,BUY,9661
1736355779999000000,94565.68,27.204720,SELL,9662
1736355839999000000,94473.78,223.160930,SELL,9663
1736355899999000000,94439.30,42.906040,SELL,9664
1736355959999000000,94412.49,104.029320,SELL,9665
1736356019999000000,94320.34,54.252790,SELL,9666
1736356079999000000,94202.24,133.021190,SELL,9667
1736356139999000000,94184.31,58.832780,SELL,9668
1736356199999000000,94179.02,258.961170,SELL,9669
1736356259999000000,94285.49,39.735690,BUY,9670
1736356319999000000,94067.83,100.260700,SELL,9671
1736356379999000000,93987.35,125.186940,SELL,9672
1736356439999000000,94005.88,104.158450,BUY,9673
1736356499999000000,93859.53,118.110320,SELL,9674
1736356559999000000,93868.14,50.002070,BUY,9675
1736356619999000000,93926.93,59.135930,BUY,9676
1736356679999000000,93832.02,66.887540,SELL,9677
1736356739999000000,93976.07,56.365500,BUY,9678
1736356799999000000,93917.21,34.164430,SELL,9679
1736356859999000000,93822.93,30.093970,SELL,9680
1736356919999000000,93744.75,106.110540,SELL,9681
1736356979999000000,93658.01,39.406240,SELL,9682
1736357039999000000,93500.00,107.537230,SELL,9683
1736357099999000000,93275.01,240.671980,SELL,9684
1736357159999000000,93241.27,80.752410,SELL,9685
1736357219999000000,93356.38,94.059660,BUY,9686
1736357279999000000,93123.72,109.817170,SELL,9687
1736357339999000000,93052.71,183.635980,SELL,9688
1736357399999000000,93016.38,276.463160,SELL,9689
1736357459999000000,92791.99,191.209540,SELL,9690
1736357519999000000,92770.79,342.275310,SELL,9691
1736357579999000000,93316.00,128.442720,BUY,9692
1736357639999000000,93272.81,68.123760,SELL,9693
1736357699999000000,93126.43,89.600270,SELL,9694
1736357759999000000,93062.30,61.641630,SELL,9695
1736357819999000000,93122.78,157.637960,BUY,9696
1736357879999000000,93453.88,101.783900,BUY,9697
1736357939999000000,93360.46,83.029330,SELL,9698
1736357999999000000,93317.00,96.826920,SELL,9699
1736358059999000000,93548.84,110.853600,BUY,9700
1736358119999000000,93558.51,84.000200,BUY,9701
1736358179999000000,93724.11,43.219180,BUY,9702
1736358239999000000,93624.91,52.305030,SELL,9703
1736358299999000000,93619.51,24.720090,SELL,9704
1736358359999000000,93740.90,65.786700,BUY,9705
1736358419999000000,93723.15,92.874690,SELL,9706
1736358479999000000,93461.12,62.860250,SELL,9707
1736358539999000000,93581.50,31.725460,BUY,9708
1736358599999000000,93501.66,23.094360,SELL,9709
1736358659999000000,93636.62,16.667410,BUY,9710
1736358719999000000,93654.05,47.863360,BUY,9711
1736358779999000000,93869.61,30.578910,BUY,9712
1736358839999000000,93836.26,52.495940,SELL,9713
1736358899999000000,93894.09,56.999460,BUY,9714
1736358959999000000,93888.00,26.935090,SELL,9715
1736359019999000000,93918.93,21.533650,BUY,9716
1736359079999000000,93960.83,54.599210,BUY,9717
1736359139999000000,94107.30,48.334290,BUY,9718
1736359199999000000,94030.82,42.555590,SELL,9719
1736359259999000000,94098.73,57.232420,BUY,9720
1736359319999000000,94084.33,40.426770,SELL,9721
1736359379999000000,94241.02,51.401080,BUY,9722
1736359439999000000,94271.99,93.865750,BUY,9723
1736359499999000000,94436.31,63.405590,BUY,9724
1736359559999000000,94201.11,102.341380,SELL,9725
1736359619999000000,94464.99,30.349820,BUY,9726
1736359679999000000,94430.06,56.047910,SELL,9727
1736359739999000000,94368.00,64.390610,SELL,9728
1736359799999000000,94459.44,30.229260,BUY,9729
1736359859999000000,94601.26,32.739230,BUY,9730
1736359919999000000,94600.85,50.467050,SELL,9731
1736359979999000000,94520.01,24.796250,SELL,9732
1736360039999000000,94483.29,56.047820,SELL,9733
1736360099999000000,94387.37,38.710240,SELL,9734
1736360159999000000,94363.51,19.752890,SELL,9735
1736360219999000000,94484.01,43.711520,BUY,9736
1736360279999000000,94451.81,25.022100,SELL,9737
1736360339999000000,94560.21,19.643110,BUY,9738
1736360399999000000,94603.99,25.124980,BUY,9739
1736360459999000000,94729.39,44.335880,BUY,9740
1736360519999000000,94578.83,30.668380,SELL,9741
1736360579999000000,94562.16,32.121160,SELL,9742
1736360639999000000,94613.30,12.239380,BUY,9743
1736360699999000000,94775.26,19.642330,BUY,9744
1736360759999000000,94811.49,27.220570,BUY,9745
1736360819999000000,94926.19,40.462560,BUY,9746
1736360879999000000,94954.54,19.885970,BUY,9747
1736360939999000000,95045.46,58.483270,BUY,9748
1736360999999000000,94921.40,33.020040,SELL,9749
1736361059999000000,94800.01,30.085550,SELL,9750
1736361119999000000,94713.13,47.513220,SELL,9751
1736361179999000000,94625.84,16.511870,SELL,9752
1736361239999000000,94662.79,15.689850,BUY,9753
1736361299999000000,94529.36,18.745410,SELL,9754
1736361359999000000,94585.82,15.250730,BUY,9755
1736361419999000000,94632.99,19.835110,BUY,9756
1736361479999000000,94560.46,11.656760,SELL,9757
1736361539999000000,94671.00,19.734720,BUY,9758
1736361599999000000,94637.31,26.577380,SELL,9759
1736361659999000000,94560.01,13.752230,SELL,9760
1736361719999000000,94522.67,52.238090,SELL,9761
1736361779999000000,94476.00,13.047940,SELL,9762
1736361839999000000,94345.63,12.409040,SELL,9763
1736361899999000000,94389.36,9.259670,BUY,9764
1736361959999000000,94347.58,19.320630,SELL,9765
1736362019999000000,94268.82,20.994050,SELL,9766
1736362079999000000,94244.13,23.054040,SELL,9767
1736362139999000000,94212.42,23.956210,SELL,9768
1736362199999000000,94153.03,21.949570,SELL,9769
1736362259999000000,94148.00,30.113640,SELL,9770
1736362319999000000,94123.01,23.099250,SELL,9771
1736362379999000000,94028.67,27.233450,SELL,9772
1736362439999000000,93919.38,93.588530,SELL,9773
1736362499999000000,93838.80,50.824820,SELL,9774
1736362559999000000,93884.00,43.043420,BUY,9775
1736362619999000000,94025.62,35.352220,BUY,9776
1736362679999000000,94109.79,26.127890,BUY,9777
1736362739999000000,94260.16,43.783810,BUY,9778
1736362799999000000,94242.61,42.390020,SELL,9779
1736362859999000000,94320.79,26.967580,BUY,9780
1736362919999000000,94169.19,35.474520,SELL,9781
1736362979999000000,94116.87,39.908520,SELL,9782
1736363039999000000,94333.00,28.548820,BUY,9783
1736363099999000000,94432.96,35.053680,BUY,9784
1736363159999000000,94438.78,96.440130,BUY,9785
1736363219999000000,94486.01,36.857870,BUY,9786
1736363279999000000,94578.06,24.766230,BUY,9787
1736363339999000000,94675.08,37.848220,BUY,9788
1736363399999000000,94714.05,22.018630,BUY,9789
1736363459999000000,94690.97,23.119620,SELL,9790
1736363519999000000,94468.07,28.650310,SELL,9791
1736363579999000000,94395.77,32.371010,SELL,9792
1736363639999000000,94484.02,20.670000,BUY,9793
1736363699999000000,94293.60,22.202980,SELL,9794
1736363759999000000,94435.89,21.819660,BUY,9795
1736363819999000000,94477.18,23.857200,BUY,9796
1736363879999000000,94457.98,15.259810,SELL,9797
1736363939999000000,94624.91,31.651420,BUY,9798
1736363999999000000,94559.20,17.164580,SELL,9799
1736364059999000000,94661.91,26.291080,BUY,9800
1736364119999000000,94592.22,13.870660,SELL,9801
1736364179999000000,94586.43,15.768560,SELL,9802
1736364239999000000,94661.04,13.308970,BUY,9803
1736364299999000000,94640.15,13.501940,SELL,9804
1736364359999000000,94588.55,22.633820,SELL,9805
1736364419999000000,94642.90,12.941250,BUY,9806
1736364479999000000,94831.70,31.457130,BUY,9807
1736364539999000000,94775.09,22.165480,SELL,9808
1736364599999000000,94752.00,14.408900,SELL,9809
1736364659999000000,94639.83,18.056160,SELL,9810
1736364719999000000,94581.78,16.821750,SELL,9811
1736364779999000000,94532.21,17.058670,SELL,9812
1736364839999000000,94627.99,16.432080,BUY,9813
1736364899999000000,94461.53,10.286640,SELL,9814
1736364959999000000,94491.77,8.562110,BUY,9815
1736365019999000000,94396.52,10.534890,SELL,9816
1736365079999000000,94419.22,12.669790,BUY,9817
1736365139999000000,94342.87,21.004940,SELL,9818
1736365199999000000,94230.76,20.856390,SELL,9819
1736365259999000000,94185.87,23.628470,SELL,9820
1736365319999000000,94220.36,33.782400,BUY,9821
1736365379999000000,94146.48,44.421680,SELL,9822
1736365439999000000,94119.97,44.359990,SELL,9823
1736365499999000000,94174.26,13.144310,BUY,9824
1736365559999000000,94190.21,11.469460,BUY,9825
1736365619999000000,94293.71,39.826450,BUY,9826
1736365679999000000,94227.73,13.433630,SELL,9827
1736365739999000000,94335.39,17.047100,BUY,9828
1736365799999000000,94317.55,10.974780,SELL,9829
1736365859999000000,94400.95,13.888460,BUY,9830
1736365919999000000,94465.72,9.747360,BUY,9831
1736365979999000000,94316.04,9.642400,SELL,9832
1736366039999000000,94263.57,8.358060,SELL,9833
1736366099999000000,94200.69,25.761990,SELL,9834
1736366159999000000,94260.23,15.424590,BUY,9835
1736366219999000000,94333.33,8.153810,BUY,9836
1736366279999000000,94297.49,7.278890,SELL,9837
1736366339999000000,94282.61,10.899360,SELL,9838
1736366399999000000,94243.89,10.745950,SELL,9839
1736366459999000000,94220.82,15.972820,SELL,9840
1736366519999000000,94246.19,14.694760,BUY,9841
1736366579999000000,94286.91,15.548960,BUY,9842
1736366639999000000,94356.85,8.402310,BUY,9843
1736366699999000000,94386.50,6.560300,BUY,9844
1736366759999000000,94341.61,8.958070,SELL,9845
1736366819999000000,94297.76,7.656240,SELL,9846
1736366879999000000,94255.83,12.566790,SELL,9847
1736366939999000000,94030.31,49.607430,SELL,9848
1736366999999000000,93997.29,21.218350,SELL,9849
1736367059999000000,93905.59,24.266190,SELL,9850
1736367119999000000,93911.73,49.036260,BUY,9851
1736367179999000000,93812.35,14.277960,SELL,9852
1736367239999000000,93827.68,22.605540,BUY,9853
1736367299999000000,93800.00,18.795090,SELL,9854
1736367359999000000,93797.76,44.403740,SELL,9855
1736367419999000000,93858.77,25.577490,BUY,9856
1736367479999000000,93816.27,13.382310,SELL,9857
1736367539999000000,93980.50,29.732310,BUY,9858
1736367599999000000,93906.03,27.780390,SELL,9859
1736367659999000000,93992.66,57.058940,BUY,9860
1736367719999000000,93998.32,17.239020,BUY,9861
1736367779999000000,93979.41,13.485780,SELL,9862
1736367839999000000,93981.24,18.340990,BUY,9863
1736367899999000000,94056.26,8.106340,BUY,9864
1736367959999000000,94004.19,8.567540,SELL,9865
1736368019999000000,94033.62,11.113430,BUY,9866
1736368079999000000,93962.21,13.368420,SELL,9867
1736368139999000000,94098.62,14.896390,BUY,9868
1736368199999000000,94012.50,14.730780,SELL,9869
1736368259999000000,94132.86,14.401250,BUY,9870
1736368319999000000,94204.09,13.511090,BUY,9871
1736368379999000000,94105.15,19.320330,SELL,9872
1736368439999000000,94089.68,9.642330,SELL,9873
1736368499999000000,94106.45,12.383450,BUY,9874
1736368559999000000,94026.22,13.681750,SELL,9875
1736368619999000000,94068.00,15.479410,BUY,9876
1736368679999000000,94039.01,11.090060,SELL,9877
1736368739999000000,93996.47,9.965660,SELL,9878
1736368799999000000,94026.65,12.904000,BUY,9879
1736368859999000000,94085.91,8.361380,BUY,9880
1736368919999000000,94124.47,13.076730,BUY,9881
1736368979999000000,94197.90,20.858380,BUY,9882
1736369039999000000,94223.57,11.986530,BUY,9883
1736369099999000000,94201.03,8.011450,SELL,9884
1736369159999000000,94228.49,6.782930,BUY,9885
1736369219999000000,94177.98,5.094040,SELL,9886
1736369279999000000,94061.25,14.680680,SELL,9887
1736369339999000000,94077.33,12.869640,BUY,9888
1736369399999000000,94047.09,10.646580,SELL,9889
1736369459999000000,94062.03,10.283870,BUY,9890
1736369519999000000,94189.52,20.222140,BUY,9891
1736369579999000000,94238.74,11.712020,BUY,9892
1736369639999000000,94192.79,10.884170,SELL,9893
1736369699999000000,94180.16,9.899810,SELL,9894
1736369759999000000,94077.56,29.897790,SELL,9895
1736369819999000000,94023.68,16.917270,SELL,9896
1736369879999000000,93959.37,23.796880,SELL,9897
1736369939999000000,94019.99,13.111250,BUY,9898
1736369999999000000,93980.00,51.003300,SELL,9899
1736370059999000000,93992.40,23.190790,BUY,9900
1736370119999000000,94009.63,7.251780,BUY,9901
1736370179999000000,94135.86,11.868480,BUY,9902
1736370239999000000,94020.96,10.538900,SELL,9903
1736370299999000000,94110.33,5.397440,BUY,9904
1736370359999000000,94051.21,5.947870,SELL,9905
1736370419999000000,93924.65,19.243230,SELL,9906
1736370479999000000,93841.29,18.714290,SELL,9907
1736370539999000000,93837.63,23.305220,SELL,9908
1736370599999000000,93902.26,25.830230,BUY,9909
1736370659999000000,93802.00,24.582250,SELL,9910
1736370719999000000,93865.08,24.289550,BUY,9911
1736370779999000000,93876.99,11.533780,BUY,9912
1736370839999000000,93817.90,6.804870,SELL,9913
1736370899999000000,93813.47,11.093810,SELL,9914
1736370959999000000,93740.42,24.677790,SELL,9915
1736371019999000000,93755.50,55.304810,BUY,9916
1736371079999000000,93857.93,25.456970,BUY,9917
1736371139999000000,93873.51,38.193900,BUY,9918
1736371199999000000,93923.58,16.304060,BUY,9919
1736371259999000000,93952.49,11.911970,BUY,9920
1736371319999000000,94014.86,12.979250,BUY,9921
1736371379999000000,94071.77,7.839000,BUY,9922
1736371439999000000,94100.01,8.934320,BUY,9923
1736371499999000000,94141.63,5.976560,BUY,9924
1736371559999000000,94216.04,9.655770,BUY,9925
1736371619999000000,94231.60,6.238770,BUY,9926
1736371679999000000,94285.45,10.616730,BUY,9927
1736371739999000000,94221.93,13.776540,SELL,9928
1736371799999000000,94180.46,8.322710,SELL,9929
1736371859999000000,94162.36,23.625870,SELL,9930
1736371919999000000,94208.68,16.935260,BUY,9931
1736371979999000000,94242.59,10.950300,BUY,9932
1736372039999000000,94317.64,12.268780,BUY,9933
1736372099999000000,94284.78,30.081190,SELL,9934
1736372159999000000,94374.00,37.453430,BUY,9935
1736372219999000000,94432.22,33.857280,BUY,9936
1736372279999000000,94391.02,16.757450,SELL,9937
1736372339999000000,94361.08,8.743610,SELL,9938
1736372399999000000,94393.94,12.824150,BUY,9939
1736372459999000000,94486.80,14.302370,BUY,9940
1736372519999000000,94457.58,18.309490,SELL,9941
1736372579999000000,94532.42,15.718680,BUY,9942
1736372639999000000,94513.87,16.962670,SELL,9943
1736372699999000000,94498.83,25.675840,SELL,9944
1736372759999000000,94348.00,23.967130,SELL,9945
1736372819999000000,94436.96,9.606400,BUY,9946
1736372879999000000,94405.24,11.535440,SELL,9947
1736372939999000000,94449.39,12.206900,BUY,9948
1736372999999000000,94470.74,16.327430,BUY,9949
1736373059999000000,94475.00,14.518760,BUY,9950
1736373119999000000,94469.13,6.807810,SELL,9951
1736373179999000000,94475.49,13.097040,BUY,9952
1736373239999000000,94489.54,4.660590,BUY,9953
1736373299999000000,94526.30,5.563240,BUY,9954
1736373359999000000,94563.36,7.001170,BUY,9955
1736373419999000000,94529.40,17.477310,SELL,9956
1736373479999000000,94495.99,17.322320,SELL,9957
1736373539999000000,94496.11,8.920380,BUY,9958
1736373599999000000,94468.97,4.347770,SELL,9959
1736373659999000000,94500.55,12.839400,BUY,9960
1736373719999000000,94506.63,10.624480,BUY,9961
1736373779999000000,94538.98,4.002910,BUY,9962
1736373839999000000,94519.38,1.912080,SELL,9963
1736373899999000000,94557.34,6.351980,BUY,9964
1736373959999000000,94592.23,6.886830,BUY,9965
1736374019999000000,94686.55,19.451630,BUY,9966
1736374079999000000,94666.64,26.809460,SELL,9967
1736374139999000000,94742.02,13.327610,BUY,9968
1736374199999000000,94795.86,28.780330,BUY,9969
1736374259999000000,94896.36,47.691580,BUY,9970
1736374319999000000,94834.00,36.748980,SELL,9971
1736374379999000000,94773.61,14.957020,SELL,9972
1736374439999000000,94748.01,10.333390,SELL,9973
1736374499999000000,94759.29,8.492240,BUY,9974
1736374559999000000,94751.13,11.077640,SELL,9975
1736374619999000000,94652.70,9.003140,SELL,9976
1736374679999000000,94600.98,13.295150,SELL,9977
1736374739999000000,94623.27,6.139460,BUY,9978
1736374799999000000,94636.36,7.202200,BUY,9979
1736374859999000000,94640.60,5.397350,BUY,9980
1736374919999000000,94767.19,9.457460,BUY,9981
1736374979999000000,94787.88,4.260870,BUY,9982
1736375039999000000,94802.11,3.232300,BUY,9983
1736375099999000000,94877.64,14.833870,BUY,9984
1736375159999000000,94781.72,18.824370,SELL,9985
1736375219999000000,94759.75,10.428680,SELL,9986
1736375279999000000,94780.00,5.110920,BUY,9987
1736375339999000000,94785.74,1.010660,BUY,9988
1736375399999000000,94785.75,1.131630,BUY,9989
1736375459999000000,94782.45,33.768610,SELL,9990
1736375519999000000,94856.21,7.577900,BUY,9991
1736375579999000000,94889.14,8.351000,BUY,9992
1736375639999000000,94822.21,11.495740,SELL,9993
1736375699999000000,94902.22,10.530720,BUY,9994
1736375759999000000,94944.91,3.217620,BUY,9995
1736375819999000000,94945.66,13.396260,BUY,9996
1736375879999000000,94996.87,6.203290,BUY,9997
1736375939999000000,95040.01,23.914310,BUY,9998
1736375999999000000,95032.06,6.568460,SELL,9999
1736376059999000000,95099.99,12.294150,BUY,10000
1736376119999000000,95139.03,15.485820,BUY,10001
1736376179999000000,95204.77,27.809720,BUY,10002
1736376239999000000,95245.08,27.862180,BUY,10003
1736376299999000000,95259.58,9.371690,BUY,10004
1736376359999000000,95141.82,19.658590,SELL,10005
1736376419999000000,95045.60,16.157060,SELL,10006
1736376479999000000,95181.42,14.050220,BUY,10007
1736376539999000000,95069.69,16.996730,SELL,10008
1736376599999000000,95079.23,6.961490,BUY,10009
1736376659999000000,95055.23,13.315990,SELL,10010
1736376719999000000,94962.07,17.976920,SELL,10011
1736376779999000000,94969.70,6.028540,BUY,10012
1736376839999000000,95059.70,7.517820,BUY,10013
1736376899999000000,95115.83,5.185760,BUY,10014
1736376959999000000,95133.42,5.658380,BUY,10015
1736377019999000000,95219.79,8.881230,BUY,10016
1736377079999000000,95236.27,3.656280,BUY,10017
1736377139999000000,95268.90,6.611840,BUY,10018
1736377199999000000,95290.93,7.527520,BUY,10019
1736377259999000000,95104.36,43.498710,SELL,10020
1736377319999000000,95129.94,13.660570,BUY,10021
1736377379999000000,95128.74,3.681570,SELL,10022
1736377439999000000,95020.29,17.165610,SELL,10023
1736377499999000000,95010.62,10.495070,SELL,10024
1736377559999000000,94969.24,7.466130,SELL,10025
1736377619999000000,95033.84,7.551760,BUY,10026
1736377679999000000,95064.54,16.172510,BUY,10027
1736377739999000000,95078.87,9.297960,BUY,10028
1736377799999000000,95048.83,13.899690,SELL,10029
1736377859999000000,95042.62,1.773600,SELL,10030
1736377919999000000,94984.21,19.037750,SELL,10031
1736377979999000000,95006.26,14.593240,BUY,10032
1736378039999000000,94986.42,8.135180,SELL,10033
1736378099999000000,95012.00,12.806610,BUY,10034
1736378159999000000,95055.11,10.614980,BUY,10035
1736378219999000000,95040.62,11.339010,SELL,10036
1736378279999000000,95000.00,6.795590,SELL,10037
1736378339999000000,95014.75,5.121260,BUY,10038
1736378399999000000,95021.40,5.165730,BUY,10039
1736378459999000000,95033.56,3.071920,BUY,10040
1736378519999000000,94966.64,17.239720,SELL,10041
1736378579999000000,94950.64,5.215660,SELL,10042
1736378639999000000,95040.33,16.224530,BUY,10043
1736378699999000000,95026.44,6.162460,SELL,10044
1736378759999000000,95056.71,1.950570,BUY,10045
1736378819999000000,95036.34,11.558720,SELL,10046
1736378879999000000,95021.22,5.525990,SELL,10047
1736378939999000000,95028.48,2.128430,BUY,10048
1736378999999000000,95028.47,0.596000,SELL,10049
1736379059999000000,94970.59,14.378760,SELL,10050
1736379119999000000,94946.48,2.959610,SELL,10051
1736379179999000000,94925.23,6.675370,SELL,10052
1736379239999000000,94989.42,8.790120,BUY,10053
1736379299999000000,95002.34,6.710680,BUY,10054
1736379359999000000,94979.53,7.497390,SELL,10055
1736379419999000000,94979.87,12.238340,BUY,10056
1736379479999000000,95034.46,10.037380,BUY,10057
1736379539999000000,95093.21,11.471270,BUY,10058
1736379599999000000,95099.42,4.282220,BUY,10059
1736379659999000000,95085.28,7.518290,SELL,10060
1736379719999000000,95001.36,4.252110,SELL,10061
1736379779999000000,95038.99,5.537980,BUY,10062
1736379839999000000,95092.76,2.612440,BUY,10063
1736379899999000000,95117.23,3.544520,BUY,10064
1736379959999000000,95117.23,1.061970,BUY,10065
1736380019999000000,95151.52,11.377130,BUY,10066
1736380079999000000,95224.93,8.402730,BUY,10067
1736380139999000000,95164.98,12.264450,SELL,10068
1736380199999000000,95133.42,26.211190,SELL,10069
1736380259999000000,95122.09,10.544500,SELL,10070
1736380319999000000,95128.07,5.765630,BUY,10071
1736380379999000000,95027.17,6.738820,SELL,10072
1736380439999000000,95059.84,7.803390,BUY,10073
1736380499999000000,95059.99,3.643510,BUY,10074
1736380559999000000,95037.44,13.123990,SELL,10075
1736380619999000000,95060.60,7.695810,BUY,10076
1736380679999000000,95060.61,0.673530,BUY,10077
1736380739999000000,95068.16,41.213880,BUY,10078
1736380799999000000,95060.61,4.339570,SELL,10079
1736380859999000000,95031.64,28.890060,SELL,10080
