timestamp,price,quantity,side,trade_id
1735828259999000000,96441.46,48.345350,SELL,870
1735828319999000000,97044.98,145.089580,BUY,871
1735828379999000000,96946.02,335.906930,SELL,872
1735828439999000000,96658.62,105.058520,SELL,873
1735828499999000000,96668.00,83.237250,BUY,874
1735828559999000000,96448.00,85.046360,SELL,875
1735828619999000000,96434.15,83.037570,SELL,876
1735828679999000000,96389.45,50.859860,SELL,877
1735828739999000000,96480.25,80.117940,BUY,878
1735828799999000000,96306.18,42.953280,SELL,879
1735828859999000000,96520.00,59.511690,BUY,880
1735828919999000000,96716.47,39.394200,BUY,881
1735828979999000000,96824.90,66.801210,BUY,882
1735829039999000000,96797.79,32.081140,SELL,883
1735829099999000000,96812.44,27.353490,BUY,884
1735829159999000000,96978.48,49.633820,BUY,885
1735829219999000000,97209.26,88.402150,BUY,886
1735829279999000000,97115.78,119.387880,SELL,887
1735829339999000000,97044.01,78.298350,SELL,888
1735829399999000000,97131.00,38.766570,BUY,889
1735829459999000000,96944.85,40.754960,SELL,890
1735829519999000000,97051.51,20.386730,BUY,891
1735829579999000000,97063.24,29.242990,BUY,892
1735829639999000000,97134.74,81.855130,BUY,893
1735829699999000000,97340.00,125.775470,BUY,894
1735829759999000000,97228.53,28.589610,SELL,895
1735829819999000000,97125.11,68.218820,SELL,896
1735829879999000000,97164.46,29.597680,BUY,897
1735829939999000000,97216.69,68.715820,BUY,898
1735829999999000000,97256.49,99.137980,BUY,899
1735830059999000000,97176.00,40.872230,SELL,900
1735830119999000000,97167.96,40.144200,SELL,901
1735830179999000000,96974.31,82.718720,SELL,902
1735830239999000000,96989.90,37.524190,BUY,903
1735830299999000000,97136.94,32.780740,BUY,904
1735830359999000000,97142.47,43.819710,BUY,905
1735830419999000000,97088.54,38.430770,SELL,906
1735830479999000000,97069.69,17.989300,SELL,907
1735830539999000000,97209.00,36.376410,BUY,908
1735830599999000000,97140.48,20.525540,SELL,909
1735830659999000000,97171.97,30.735820,BUY,910
1735830719999000000,97099.08,29.448510,SELL,911
1735830779999000000,97079.59,48.666180,SELL,912
1735830839999000000,97094.17,18.867480,BUY,913
1735830899999000000,97034.78,25.543560,SELL,914
1735830959999000000,96994.61,51.574790,SELL,915
1735831019999000000,97062.78,27.301860,BUY,916
1735831079999000000,96950.02,23.886340,SELL,917
1735831139999000000,96901.13,26.867950,SELL,918
1735831199999000000,96690.81,38.264860,SELL,919
1735831259999000000,96602.28,39.774730,SELL,920
1735831319999000000,96494.16,54.469310,SELL,921
1735831379999000000,96394.24,44.006190,SELL,922
1735831439999000000,96487.34,53.375110,BUY,923
1735831499999000000,96424.83,44.608140,SELL,924
1735831559999000000,96561.54,26.830480,BUY,925
1735831619999000000,96594.66,34.200950,BUY,926
1735831679999000000,96618.41,21.186260,BUY,927
1735831739999000000,96563.56,18.024280,SELL,928
1735831799999000000,96666.85,12.392010,BUY,929
1735831859999000000,96565.02,26.378670,SELL,930
1735831919999000000,96414.47,70.746050,SELL,931
1735831979999000000,96456.11,36.016880,BUY,932
1735832039999000000,96407.66,19.940160,SELL,933
1735832099999000000,96362.40,72.817200,SELL,934
1735832159999000000,96342.00,112.162480,SELL,935
1735832219999000000,96354.00,29.105690,BUY,936
1735832279999000000,96393.07,29.094960,BUY,937
1735832339999000000,96377.70,29.226820,SELL,938
1735832399999000000,96429.15,30.960110,BUY,939
1735832459999000000,96460.00,37.358750,BUY,940
1735832519999000000,96233.36,32.041570,SELL,941
1735832579999000000,96272.18,20.636230,BUY,942
1735832639999000000,96245.08,15.131440,SELL,943
1735832699999000000,96346.24,11.869150,BUY,944
1735832759999000000,96328.90,19.026890,SELL,945
1735832819999000000,96223.69,38.133600,SELL,946
1735832879999000000,96337.37,19.389740,BUY,947
1735832939999000000,96570.64,22.200120,BUY,948
1735832999999000000,96587.30,17.802980,BUY,949
1735833059999000000,96570.00,42.757560,SELL,950
1735833119999000000,96521.37,15.843470,SELL,951
1735833179999000000,96460.67,39.074750,SELL,952
1735833239999000000,96408.15,18.895780,SELL,953
1735833299999000000,96528.82,17.905800,BUY,954
1735833359999000000,96491.33,34.275820,SELL,955
1735833419999000000,96523.72,15.486350,BUY,956
1735833479999000000,96490.39,45.202110,SELL,957
1735833539999000000,96498.63,11.040940,BUY,958
1735833599999000000,96455.01,15.318310,SELL,959
1735833659999000000,96504.65,29.275900,BUY,960
1735833719999000000,96503.98,22.904110,SELL,961
1735833779999000000,96315.44,50.418870,SELL,962
1735833839999000000,96210.09,20.572320,SELL,963
1735833899999000000,96130.75,51.073000,SELL,964
1735833959999000000,96187.49,26.600430,BUY,965
1735834019999000000,96283.86,27.965390,BUY,966
1735834079999000000,96310.58,10.942990,BUY,967
1735834139999000000,96309.91,42.046440,SELL,968
1735834199999000000,96376.75,8.351610,BUY,969
1735834259999000000,96363.64,43.234530,SELL,970
1735834319999000000,96480.19,17.215080,BUY,971
1735834379999000000,96482.09,36.409450,BUY,972
1735834439999000000,96578.95,13.791740,BUY,973
1735834499999000000,96652.57,10.971400,BUY,974
1735834559999000000,96748.98,14.816450,BUY,975
1735834619999000000,96878.78,10.232080,BUY,976
1735834679999000000,96947.15,59.255260,BUY,977
1735834739999000000,96904.64,66.752980,SELL,978
1735834799999000000,96971.29,16.641490,BUY,979
1735834859999000000,96981.83,30.071900,BUY,980
1735834919999000000,96998.34,38.362930,BUY,981
1735834979999000000,96959.71,36.939910,SELL,982
1735835039999000000,97086.61,13.647090,BUY,983
1735835099999000000,97218.92,64.368730,BUY,984
1735835159999000000,97273.20,30.795440,BUY,985
1735835219999000000,97350.00,25.295850,BUY,986
1735835279999000000,97288.71,37.106820,SELL,987
1735835339999000000,97348.60,28.342330,BUY,988
1735835399999000000,97387.15,33.631920,BUY,989
1735835459999000000,97281.87,35.135970,SELL,990
1735835519999000000,97300.00,23.221600,BUY,991
1735835579999000000,97307.46,21.792920,BUY,992
1735835639999000000,97393.94,21.423720,BUY,993
1735835699999000000,97533.54,71.449900,BUY,994
1735835759999000000,97562.05,22.861250,BUY,995
1735835819999000000,97545.74,33.507860,SELL,996
1735835879999000000,97529.42,16.784910,SELL,997
1735835939999000000,97496.49,29.690020,SELL,998
1735835999999000000,97563.44,20.078860,BUY,999
1735836059999000000,97571.59,30.728640,BUY,1000
1735836119999000000,97405.96,47.107040,SELL,1001
1735836179999000000,97385.78,30.943990,SELL,1002
1735836239999000000,97379.18,52.013460,SELL,1003
1735836299999000000,97438.33,18.662210,BUY,1004
1735836359999000000,97482.35,10.147630,BUY,1005
1735836419999000000,97397.28,15.432520,SELL,1006
1735836479999000000,97419.99,15.614840,BUY,1007
1735836539999000000,97499.50,26.422250,BUY,1008
1735836599999000000,97614.93,48.513220,BUY,1009
1735836659999000000,97533.45,19.599930,SELL,1010
1735836719999000000,97506.95,14.109020,SELL,1011
1735836779999000000,97375.97,49.196160,SELL,1012
1735836839999000000,97328.78,37.510070,SELL,1013
1735836899999000000,97220.00,26.847400,SELL,1014
1735836959999000000,97239.54,24.135150,BUY,1015
1735837019999000000,97268.09,9.183490,BUY,1016
1735837079999000000,97199.01,12.364420,SELL,1017
1735837139999000000,97254.31,10.039890,BUY,1018
1735837199999000000,97229.74,12.477120,SELL,1019
1735837259999000000,97125.84,24.216910,SELL,1020
1735837319999000000,97229.22,6.770380,BUY,1021
1735837379999000000,97163.29,10.755050,SELL,1022
1735837439999000000,97234.57,6.625400,BUY,1023
1735837499999000000,97320.64,8.331040,BUY,1024
1735837559999000000,97264.01,9.231930,SELL,1025
1735837619999000000,97200.00,11.254420,SELL,1026
1735837679999000000,97181.84,7.285030,SELL,1027
1735837739999000000,97225.86,6.640560,BUY,1028
1735837799999000000,97218.37,6.754670,SELL,1029
1735837859999000000,97271.33,5.208310,BUY,1030
1735837919999000000,97292.47,8.619870,BUY,1031
1735837979999000000,97415.47,5.665930,BUY,1032
1735838039999000000,97565.01,19.873100,BUY,1033
1735838099999000000,97546.33,59.638910,SELL,1034
1735838159999000000,97554.33,12.504140,BUY,1035
1735838219999000000,97475.85,13.779970,SELL,1036
1735838279999000000,97451.91,12.575680,SELL,1037
1735838339999000000,97512.98,12.122750,BUY,1038
1735838399999000000,97518.29,11.331890,BUY,1039
1735838459999000000,97418.35,11.612690,SELL,1040
1735838519999000000,97446.62,35.022040,BUY,1041
1735838579999000000,97393.50,11.261020,SELL,1042
1735838639999000000,97292.56,11.099690,SELL,1043
1735838699999000000,97297.95,8.263710,BUY,1044
1735838759999000000,97322.43,10.249500,BUY,1045
1735838819999000000,97279.84,9.443400,SELL,1046
1735838879999000000,97200.04,11.623230,SELL,1047
1735838939999000000,97182.19,54.251870,SELL,1048
1735838999999000000,97084.41,62.464780,SELL,1049
1735839059999000000,97012.77,15.090940,SELL,1050
1735839119999000000,96994.01,63.342470,SELL,1051
1735839179999000000,96946.85,20.891660,SELL,1052
1735839239999000000,96851.99,32.063490,SELL,1053
1735839299999000000,96806.44,22.697550,SELL,1054
1735839359999000000,96706.81,21.506210,SELL,1055
1735839419999000000,96630.66,23.163360,SELL,1056
1735839479999000000,96516.00,42.173930,SELL,1057
1735839539999000000,96471.23,20.813870,SELL,1058
1735839599999000000,96366.44,52.226840,SELL,1059
1735839659999000000,96409.92,72.835970,BUY,1060
1735839719999000000,96527.32,31.460260,BUY,1061
1735839779999000000,96462.99,27.310730,SELL,1062
1735839839999000000,96699.49,52.985570,BUY,1063
1735839899999000000,96660.00,21.470410,SELL,1064
1735839959999000000,96645.82,12.577870,SELL,1065
1735840019999000000,96556.01,19.564800,SELL,1066
1735840079999000000,96449.89,30.581280,SELL,1067
1735840139999000000,96460.63,18.217260,BUY,1068
1735840199999000000,96364.25,12.203320,SELL,1069
1735840259999000000,96483.20,22.954260,BUY,1070
1735840319999000000,96539.99,25.439370,BUY,1071
1735840379999000000,96585.10,15.450010,BUY,1072
1735840439999000000,96625.16,20.642740,BUY,1073
1735840499999000000,96619.13,22.181360,SELL,1074
1735840559999000000,96594.44,18.974630,SELL,1075
1735840619999000000,96654.48,12.295430,BUY,1076
1735840679999000000,96609.95,10.022240,SELL,1077
1735840739999000000,96626.98,12.769110,BUY,1078
1735840799999000000,96757.57,14.372940,BUY,1079
1735840859999000000,96778.59,22.376700,BUY,1080
1735840919999000000,96730.77,20.536240,SELL,1081
1735840979999000000,96592.95,31.908310,SELL,1082
1735841039999000000,96515.77,11.401370,SELL,1083
1735841099999000000,96466.97,11.620860,SELL,1084
1735841159999000000,96517.49,15.373300,BUY,1085
1735841219999000000,96584.00,13.358750,BUY,1086
1735841279999000000,96705.51,16.331870,BUY,1087
1735841339999000000,96836.36,13.906970,BUY,1088
1735841399999000000,96966.01,24.179670,BUY,1089
1735841459999000000,96982.60,31.975850,BUY,1090
1735841519999000000,96879.18,25.884230,SELL,1091
1735841579999000000,96787.88,17.376930,SELL,1092
1735841639999000000,96823.95,12.880740,BUY,1093
1735841699999000000,96848.49,10.616710,BUY,1094
1735841759999000000,96823.27,15.895810,SELL,1095
1735841819999000000,96825.79,18.402470,BUY,1096
1735841879999000000,96763.09,29.161370,SELL,1097
1735841939999000000,96873.16,12.059030,BUY,1098
1735841999999000000,96859.77,7.718160,SELL,1099
1735842059999000000,97039.01,18.229310,BUY,1100
1735842119999000000,96941.39,22.321430,SELL,1101
1735842179999000000,96923.08,11.669110,SELL,1102
1735842239999000000,96919.01,17.178830,SELL,1103
1735842299999000000,96859.99,11.325730,SELL,1104
1735842359999000000,96803.70,8.594910,SELL,1105
1735842419999000000,96767.70,6.178410,SELL,1106
1735842479999000000,96819.36,14.341780,BUY,1107
1735842539999000000,96820.90,3.670890,BUY,1108
1735842599999000000,96903.00,2.674440,BUY,1109
1735842659999000000,96790.00,7.715090,SELL,1110
1735842719999000000,96659.40,30.345150,SELL,1111
1735842779999000000,96697.56,10.388000,BUY,1112
1735842839999000000,96748.00,11.628560,BUY,1113
1735842899999000000,96652.03,3.956630,SELL,1114
1735842959999000000,96689.78,8.382480,BUY,1115
1735843019999000000,96826.93,10.398850,BUY,1116
1735843079999000000,96923.07,8.892030,BUY,1117
1735843139999000000,96870.00,5.089580,SELL,1118
1735843199999000000,96906.07,5.054200,BUY,1119
1735843259999000000,96885.02,14.271050,SELL,1120
1735843319999000000,96945.42,7.521290,BUY,1121
1735843379999000000,96945.78,6.931330,BUY,1122
1735843439999000000,97061.08,19.271550,BUY,1123
1735843499999000000,97090.54,17.454250,BUY,1124
1735843559999000000,97178.32,16.682590,BUY,1125
1735843619999000000,97199.77,17.447370,BUY,1126
1735843679999000000,97181.81,12.551810,SELL,1127
1735843739999000000,97115.38,10.415710,SELL,1128
1735843799999000000,97112.67,10.410070,SELL,1129
1735843859999000000,97099.99,16.450360,SELL,1130
1735843919999000000,97047.65,21.302600,SELL,1131
1735843979999000000,97050.94,11.086610,BUY,1132
1735844039999000000,97124.00,7.397250,BUY,1133
1735844099999000000,97119.02,5.574950,SELL,1134
1735844159999000000,97189.87,13.756890,BUY,1135
1735844219999000000,97284.00,19.547970,BUY,1136
1735844279999000000,97269.79,10.144890,SELL,1137
1735844339999000000,97309.99,7.329740,BUY,1138
1735844399999000000,97319.74,13.355570,BUY,1139
1735844459999000000,97257.44,6.726730,SELL,1140
1735844519999000000,97237.63,10.175740,SELL,1141
1735844579999000000,97306.99,10.501580,BUY,1142
1735844639999000000,97334.01,16.083820,BUY,1143
1735844699999000000,97433.61,20.118840,BUY,1144
1735844759999000000,97446.55,14.203910,BUY,1145
1735844819999000000,97550.08,36.421500,BUY,1146
1735844879999000000,97469.52,14.471410,SELL,1147
1735844939999000000,97505.23,34.985670,BUY,1148
1735844999999000000,97561.61,14.917200,BUY,1149
1735845059999000000,97562.51,25.469160,BUY,1150
1735845119999000000,97579.35,7.149680,BUY,1151
1735845179999000000,97580.37,9.442810,BUY,1152
1735845239999000000,97488.01,9.472970,SELL,1153
1735845299999000000,97482.91,12.294700,SELL,1154
1735845359999000000,97503.56,8.711450,BUY,1155
1735845419999000000,97495.29,9.888930,SELL,1156
1735845479999000000,97545.62,6.238660,BUY,1157
1735845539999000000,97579.77,7.102140,BUY,1158
1735845599999000000,97561.74,5.440110,SELL,1159
1735845659999000000,97569.89,3.048690,BUY,1160
1735845719999000000,97545.03,7.097480,SELL,1161
1735845779999000000,97589.19,14.008680,BUY,1162
1735845839999000000,97599.99,4.626180,BUY,1163
1735845899999000000,97600.00,5.256330,BUY,1164
1735845959999000000,97727.03,49.291930,BUY,1165
1735846019999000000,97710.94,14.663550,SELL,1166
1735846079999000000,97677.19,12.985330,SELL,1167
1735846139999000000,97620.02,10.063460,SELL,1168
1735846199999000000,97600.00,4.994500,SELL,1169
1735846259999000000,97427.94,23.047340,SELL,1170
1735846319999000000,97383.76,35.427670,SELL,1171
1735846379999000000,97370.30,17.587400,SELL,1172
1735846439999000000,97338.20,7.555490,SELL,1173
1735846499999000000,97326.00,6.608370,SELL,1174
1735846559999000000,97211.52,5.522980,SELL,1175
1735846619999000000,97254.68,19.111060,BUY,1176
1735846679999000000,97288.04,8.847250,BUY,1177
1735846739999000000,97372.61,10.529470,BUY,1178
1735846799999000000,97297.29,6.897870,SELL,1179
1735846859999000000,97345.84,5.025970,BUY,1180
1735846919999000000,97351.99,9.437010,BUY,1181
1735846979999000000,97439.24,6.546090,BUY,1182
1735847039999000000,97401.07,4.619300,SELL,1183
1735847099999000000,97415.65,4.997850,BUY,1184
1735847159999000000,97443.61,20.773720,BUY,1185
1735847219999000000,97324.59,11.178020,SELL,1186
1735847279999000000,97410.13,18.078980,BUY,1187
1735847339999000000,97556.43,6.667230,BUY,1188
1735847399999000000,97471.50,10.598260,SELL,1189
1735847459999000000,97434.13,9.945510,SELL,1190
1735847519999000000,97515.15,4.699160,BUY,1191
1735847579999000000,97582.42,10.514780,BUY,1192
1735847639999000000,97468.00,5.504460,SELL,1193
1735847699999000000,97531.43,5.188650,BUY,1194
1735847759999000000,97489.34,4.256570,SELL,1195
1735847819999000000,97417.48,7.270080,SELL,1196
1735847879999000000,97343.36,9.881470,SELL,1197
1735847939999000000,97326.59,5.683040,SELL,1198
1735847999999000000,97317.74,6.555460,SELL,1199
1735848059999000000,97434.00,21.469780,BUY,1200
1735848119999000000,97491.98,10.743920,BUY,1201
1735848179999000000,97496.02,5.797770,BUY,1202
1735848239999000000,97566.29,10.042760,BUY,1203
1735848299999000000,97679.99,13.168010,BUY,1204
1735848359999000000,97620.02,9.838100,SELL,1205
1735848419999000000,97562.00,6.986160,SELL,1206
1735848479999000000,97590.12,3.696740,BUY,1207
1735848539999000000,97636.40,7.251910,BUY,1208
1735848599999000000,97629.94,10.704710,SELL,1209
1735848659999000000,97678.00,10.129320,BUY,1210
1735848719999000000,97659.99,6.783370,SELL,1211
1735848779999000000,97705.89,9.636300,BUY,1212
1735848839999000000,97713.29,11.843280,BUY,1213
1735848899999000000,97769.23,14.405210,BUY,1214
1735848959999000000,97672.00,14.139340,SELL,1215
1735849019999000000,97649.65,6.617920,SELL,1216
1735849079999000000,97688.27,5.841440,BUY,1217
1735849139999000000,97751.54,7.701970,BUY,1218
1735849199999000000,97773.61,8.893550,BUY,1219
1735849259999000000,97818.10,38.786500,BUY,1220
1735849319999000000,97812.01,23.496170,SELL,1221
1735849379999000000,97775.67,15.732500,SELL,1222
1735849439999000000,97802.34,11.403960,BUY,1223
1735849499999000000,97827.75,4.049080,BUY,1224
1735849559999000000,97750.32,13.460180,SELL,1225
1735849619999000000,97701.59,8.029010,SELL,1226
1735849679999000000,97688.88,15.251020,SELL,1227
1735849739999000000,97731.49,6.048470,BUY,1228
1735849799999000000,97600.00,9.765950,SELL,1229
1735849859999000000,97520.39,16.374450,SELL,1230
1735849919999000000,97712.00,15.585050,BUY,1231
1735849979999000000,97607.98,14.752170,SELL,1232
1735850039999000000,97602.78,9.159540,SELL,1233
1735850099999000000,97529.31,9.960730,SELL,1234
1735850159999000000,97450.48,13.454100,SELL,1235
1735850219999000000,97352.94,20.671360,SELL,1236
1735850279999000000,97373.74,12.134280,BUY,1237
1735850339999000000,97470.29,5.307020,BUY,1238
1735850399999000000,97402.53,7.665600,SELL,1239
1735850459999000000,97485.01,4.917900,BUY,1240
1735850519999000000,97479.87,8.335570,SELL,1241
1735850579999000000,97440.00,7.913840,SELL,1242
1735850639999000000,97425.37,10.036450,SELL,1243
1735850699999000000,97462.00,5.871380,BUY,1244
1735850759999000000,97445.35,12.416830,SELL,1245
1735850819999000000,97468.04,19.346220,BUY,1246
1735850879999000000,97523.17,6.270310,BUY,1247
1735850939999000000,97566.66,12.273280,BUY,1248
1735850999999000000,97608.99,3.482440,BUY,1249
1735851059999000000,97648.59,26.309490,BUY,1250
1735851119999000000,97597.21,8.966890,SELL,1251
1735851179999000000,97539.94,14.824270,SELL,1252
1735851239999000000,97510.03,11.366340,SELL,1253
1735851299999000000,97393.94,12.889040,SELL,1254
1735851359999000000,97429.76,12.699650,BUY,1255
1735851419999000000,97405.89,26.796000,SELL,1256
1735851479999000000,97377.96,3.764980,SELL,1257
1735851539999000000,97317.47,9.949570,SELL,1258
1735851599999000000,97306.46,33.637650,SELL,1259
1735914659999000000,96968.26,50.681090,SELL,2310
1735914719999000000,97034.08,39.077430,BUY,2311
1735914779999000000,97051.45,21.246240,BUY,2312
1735914839999000000,97107.43,49.784720,BUY,2313
1735914899999000000,96845.00,53.524840,SELL,2314
1735914959999000000,96787.86,45.104710,SELL,2315
1735915019999000000,96649.62,55.968880,SELL,2316
1735915079999000000,96819.36,43.889640,BUY,2317
1735915139999000000,97132.09,27.672620,BUY,2318
1735915199999000000,97314.29,76.516260,BUY,2319
1735915259999000000,97180.36,44.674460,SELL,2320
1735915319999000000,97216.26,23.247900,BUY,2321
1735915379999000000,97261.24,21.805800,BUY,2322
1735915439999000000,97177.78,23.547880,SELL,2323
1735915499999000000,97251.98,29.343670,BUY,2324
1735915559999000000,97018.41,34.678940,SELL,2325
1735915619999000000,97048.01,44.308080,BUY,2326
1735915679999000000,96910.51,34.671040,SELL,2327
1735915739999000000,96878.84,32.187690,SELL,2328
1735915799999000000,96939.17,19.299580,BUY,2329
1735915859999000000,97027.18,27.952000,BUY,2330
1735915919999000000,96786.55,32.006870,SELL,2331
1735915979999000000,96852.00,20.050080,BUY,2332
1735916039999000000,96945.19,21.783480,BUY,2333
1735916099999000000,96921.56,28.431930,SELL,2334
1735916159999000000,97024.00,42.204270,BUY,2335
1735916219999000000,96993.59,20.725180,SELL,2336
1735916279999000000,96952.01,20.183620,SELL,2337
1735916339999000000,97057.92,25.563380,BUY,2338
1735916399999000000,97016.01,10.070070,SELL,2339
1735916459999000000,97030.30,47.656670,BUY,2340
1735916519999000000,96913.12,33.272150,SELL,2341
1735916579999000000,96982.79,26.271940,BUY,2342
1735916639999000000,96940.00,25.954840,SELL,2343
1735916699999000000,97100.00,64.669560,BUY,2344
1735916759999000000,97245.20,23.703440,BUY,2345
1735916819999000000,97189.59,24.183390,SELL,2346
1735916879999000000,97167.68,21.760950,SELL,2347
1735916939999000000,97222.29,15.967970,BUY,2348
1735916999999000000,97199.32,25.460970,SELL,2349
1735917059999000000,97362.84,38.985020,BUY,2350
1735917119999000000,97154.49,26.986220,SELL,2351
1735917179999000000,97124.27,44.337440,SELL,2352
1735917239999000000,97190.27,29.932300,BUY,2353
1735917299999000000,97156.95,16.835090,SELL,2354
1735917359999000000,97133.37,18.324550,SELL,2355
1735917419999000000,97110.57,13.704680,SELL,2356
1735917479999000000,97060.61,30.972600,SELL,2357
1735917539999000000,97042.13,17.358360,SELL,2358
1735917599999000000,96946.35,34.793360,SELL,2359
1735917659999000000,96858.25,32.052710,SELL,2360
1735917719999000000,96759.13,33.426050,SELL,2361
1735917779999000000,96905.34,17.066990,BUY,2362
1735917839999000000,97035.99,28.110620,BUY,2363
1735917899999000000,97082.01,26.105350,BUY,2364
1735917959999000000,97181.13,18.780640,BUY,2365
1735918019999000000,97203.94,25.015370,BUY,2366
1735918079999000000,97191.34,39.162030,SELL,2367
1735918139999000000,97234.53,12.774640,BUY,2368
1735918199999000000,97263.78,19.857870,BUY,2369
1735918259999000000,97212.51,15.636710,SELL,2370
1735918319999000000,97245.35,33.589030,BUY,2371
1735918379999000000,97282.66,9.527930,BUY,2372
1735918439999000000,97301.06,41.720550,BUY,2373
1735918499999000000,97363.64,7.802390,BUY,2374
1735918559999000000,97435.73,18.588240,BUY,2375
1735918619999000000,97465.07,51.325230,BUY,2376
1735918679999000000,97417.84,17.926400,SELL,2377
1735918739999000000,97436.17,32.765420,BUY,2378
1735918799999000000,97454.55,25.922330,BUY,2379
1735918859999000000,97471.99,24.672110,BUY,2380
1735918919999000000,97507.59,19.769090,BUY,2381
1735918979999000000,97507.40,13.560650,SELL,2382
1735919039999000000,97543.98,17.770870,BUY,2383
1735919099999000000,97432.81,38.635690,SELL,2384
1735919159999000000,97551.62,24.310670,BUY,2385
1735919219999000000,97538.44,44.762250,SELL,2386
1735919279999000000,97510.03,33.908190,SELL,2387
1735919339999000000,97497.58,20.717690,SELL,2388
1735919399999000000,97437.04,76.794790,SELL,2389
1735919459999000000,97359.02,61.786520,SELL,2390
1735919519999000000,97297.05,13.528740,SELL,2391
1735919579999000000,97452.00,18.136520,BUY,2392
1735919639999000000,97432.29,10.206250,SELL,2393
1735919699999000000,97464.00,12.195900,BUY,2394
1735919759999000000,97493.59,5.706750,BUY,2395
1735919819999000000,97553.63,5.847200,BUY,2396
1735919879999000000,97566.90,9.684290,BUY,2397
1735919939999000000,97552.00,21.664070,SELL,2398
1735919999999000000,97521.35,25.655350,SELL,2399
1735920059999000000,97645.21,40.910690,BUY,2400
1735920119999000000,97683.97,39.452770,BUY,2401
1735920179999000000,97580.88,49.073940,SELL,2402
1735920239999000000,97653.52,49.901920,BUY,2403
1735920299999000000,97632.49,58.355200,SELL,2404
1735920359999000000,97585.45,14.441590,SELL,2405
1735920419999000000,97494.65,13.243190,SELL,2406
1735920479999000000,97508.82,22.884330,BUY,2407
1735920539999000000,97441.54,12.498710,SELL,2408
1735920599999000000,97441.32,6.482850,SELL,2409
1735920659999000000,97457.71,15.005230,BUY,2410
1735920719999000000,97420.74,13.424550,SELL,2411
1735920779999000000,97487.40,9.471290,BUY,2412
1735920839999000000,97516.94,7.074530,BUY,2413
1735920899999000000,97633.12,18.696390,BUY,2414
1735920959999000000,97616.97,18.695720,SELL,2415
1735921019999000000,97668.14,18.856330,BUY,2416
1735921079999000000,97675.67,13.191100,BUY,2417
1735921139999000000,97720.81,22.443160,BUY,2418
1735921199999000000,97757.57,11.002250,BUY,2419
1735921259999000000,97705.98,28.389240,SELL,2420
1735921319999000000,97816.00,24.641010,BUY,2421
1735921379999000000,98004.99,172.494650,BUY,2422
1735921439999000000,98289.31,185.005200,BUY,2423
1735921499999000000,98359.74,108.501240,BUY,2424
1735921559999000000,98339.36,72.747760,SELL,2425
1735921619999000000,98380.87,38.383260,BUY,2426
1735921679999000000,98278.00,52.031390,SELL,2427
1735921739999000000,98187.45,24.229160,SELL,2428
1735921799999000000,98066.00,35.987620,SELL,2429
1735921859999000000,98300.03,48.688520,BUY,2430
1735921919999000000,98320.00,61.123810,BUY,2431
1735921979999000000,98301.40,21.036540,SELL,2432
1735922039999000000,98337.41,17.935520,BUY,2433
1735922099999000000,98334.23,17.282300,SELL,2434
1735922159999000000,98252.01,17.410620,SELL,2435
1735922219999000000,98242.64,15.319910,SELL,2436
1735922279999000000,98185.27,15.335360,SELL,2437
1735922339999000000,98209.65,22.017290,BUY,2438
1735922399999000000,98231.99,14.421260,BUY,2439
1735922459999000000,98205.87,52.228090,SELL,2440
1735922519999000000,98126.44,29.126020,SELL,2441
1735922579999000000,98062.74,25.404910,SELL,2442
1735922639999000000,98084.71,13.251420,BUY,2443
1735922699999000000,98147.35,12.304120,BUY,2444
1735922759999000000,98082.22,21.481880,SELL,2445
1735922819999000000,97973.85,26.000750,SELL,2446
1735922879999000000,97930.80,28.286770,SELL,2447
1735922939999000000,97995.57,17.753120,BUY,2448
1735922999999000000,98024.60,15.892550,BUY,2449
1735923059999000000,98062.22,8.253980,BUY,2450
1735923119999000000,97978.91,9.676270,SELL,2451
1735923179999000000,97849.40,37.427420,SELL,2452
1735923239999000000,97894.09,33.229860,BUY,2453
1735923299999000000,97792.00,21.643710,SELL,2454
1735923359999000000,97814.80,17.938820,BUY,2455
1735923419999000000,97798.32,30.855800,SELL,2456
1735923479999000000,97835.05,14.888070,BUY,2457
1735923539999000000,97866.51,20.725980,BUY,2458
1735923599999000000,97868.20,15.458040,BUY,2459
1735923659999000000,97882.36,18.532530,BUY,2460
1735923719999000000,97864.01,17.938640,SELL,2461
1735923779999000000,97895.92,8.761610,BUY,2462
1735923839999000000,97978.90,23.810830,BUY,2463
1735923899999000000,97992.68,11.709540,BUY,2464
1735923959999000000,98025.76,12.925240,BUY,2465
1735924019999000000,98032.00,12.139380,BUY,2466
1735924079999000000,98063.52,16.487620,BUY,2467
1735924139999000000,98042.67,8.511480,SELL,2468
1735924199999000000,97963.59,18.504600,SELL,2469
1735924259999000000,97990.43,27.205460,BUY,2470
1735924319999000000,98031.99,19.960850,BUY,2471
1735924379999000000,97963.47,40.427650,SELL,2472
1735924439999000000,97998.03,15.662050,BUY,2473
1735924499999000000,97919.28,14.685540,SELL,2474
1735924559999000000,98029.99,15.234100,BUY,2475
1735924619999000000,98032.43,11.886390,BUY,2476
1735924679999000000,98002.44,7.064600,SELL,2477
1735924739999000000,97991.99,4.803740,SELL,2478
1735924799999000000,98010.00,5.976810,BUY,2479
1735924859999000000,98032.15,9.200230,BUY,2480
1735924919999000000,98043.47,15.648430,BUY,2481
1735924979999000000,98109.99,15.796300,BUY,2482
1735925039999000000,98183.81,22.761610,BUY,2483
1735925099999000000,98213.60,18.497840,BUY,2484
1735925159999000000,98185.44,14.841320,SELL,2485
1735925219999000000,98220.27,18.438300,BUY,2486
1735925279999000000,98166.66,7.174690,SELL,2487
1735925339999000000,98143.79,13.894760,SELL,2488
1735925399999000000,98164.02,19.155730,BUY,2489
1735925459999000000,98129.25,8.515980,SELL,2490
1735925519999000000,98183.58,8.826560,BUY,2491
1735925579999000000,98150.20,13.304120,SELL,2492
1735925639999000000,98181.81,10.453850,BUY,2493
1735925699999000000,98233.74,14.471030,BUY,2494
1735925759999000000,98217.17,12.395350,SELL,2495
1735925819999000000,98200.01,15.969070,SELL,2496
1735925879999000000,98259.99,4.767710,BUY,2497
1735925939999000000,98255.79,8.796990,SELL,2498
1735925999999000000,98247.48,6.160190,SELL,2499
1735926059999000000,98204.41,7.793910,SELL,2500
1735926119999000000,98219.99,5.221430,BUY,2501
1735926179999000000,98219.78,11.938650,SELL,2502
1735926239999000000,98229.12,10.217520,BUY,2503
1735926299999000000,98214.08,3.205390,SELL,2504
1735926359999000000,98199.99,10.392970,SELL,2505
1735926419999000000,98148.00,10.199820,SELL,2506
1735926479999000000,98111.11,19.472440,SELL,2507
1735926539999000000,98166.18,8.766560,BUY,2508
1735926599999000000,98184.67,5.083950,BUY,2509
1735926659999000000,98169.51,33.198440,SELL,2510
1735926719999000000,98135.80,9.832740,SELL,2511
1735926779999000000,98076.00,17.349730,SELL,2512
1735926839999000000,97979.95,22.324980,SELL,2513
1735926899999000000,97983.71,7.206940,BUY,2514
1735926959999000000,97991.98,7.484890,BUY,2515
1735927019999000000,97991.98,2.685730,BUY,2516
1735927079999000000,98030.96,12.282510,BUY,2517
1735927139999000000,98063.99,16.277620,BUY,2518
1735927199999000000,98026.00,7.476500,SELL,2519
1735927259999000000,98000.00,15.725170,SELL,2520
1735927319999000000,98038.21,9.749570,BUY,2521
1735927379999000000,98134.67,9.510400,BUY,2522
1735927439999000000,98169.50,6.119440,BUY,2523
1735927499999000000,98180.09,22.404030,BUY,2524
1735927559999000000,98213.65,5.405730,BUY,2525
1735927619999000000,98194.08,3.844610,SELL,2526
1735927679999000000,98204.58,8.394240,BUY,2527
1735927739999000000,98135.95,6.261730,SELL,2528
1735927799999000000,98102.09,11.986160,SELL,2529
1735927859999000000,98161.25,6.993630,BUY,2530
1735927919999000000,98201.13,15.372160,BUY,2531
1735927979999000000,98229.99,10.265960,BUY,2532
1735928039999000000,98311.34,16.710190,BUY,2533
1735928099999000000,98323.86,19.079800,BUY,2534
1735928159999000000,98321.06,16.384230,SELL,2535
1735928219999000000,98272.50,15.855150,SELL,2536
1735928279999000000,98301.34,13.201870,BUY,2537
1735928339999000000,98317.61,13.441020,BUY,2538
1735928399999000000,98372.09,14.451180,BUY,2539
1735928459999000000,98378.87,20.360460,BUY,2540
1735928519999000000,98350.00,12.322890,SELL,2541
1735928579999000000,98350.00,4.289310,BUY,2542
1735928639999000000,98356.46,3.199290,BUY,2543
1735928699999000000,98364.05,3.949320,BUY,2544
1735928759999000000,98420.00,11.404030,BUY,2545
1735928819999000000,98414.40,15.696500,SELL,2546
1735928879999000000,98429.14,9.535630,BUY,2547
1735928939999000000,98449.33,9.635550,BUY,2548
1735928999999000000,98481.73,13.960590,BUY,2549
1735929059999000000,98424.65,37.617430,SELL,2550
1735929119999000000,98325.00,20.605780,SELL,2551
1735929179999000000,98341.00,20.751050,BUY,2552
1735929239999000000,98377.63,8.829350,BUY,2553
1735929299999000000,98366.15,7.949950,SELL,2554
1735929359999000000,98404.00,14.468770,BUY,2555
1735929419999000000,98421.05,20.625810,BUY,2556
1735929479999000000,98443.10,13.162240,BUY,2557
1735929539999000000,98438.70,4.443160,SELL,2558
1735929599999000000,98483.98,5.852830,BUY,2559
1735929659999000000,98447.49,27.086750,SELL,2560
1735929719999000000,98450.04,3.609770,BUY,2561
1735929779999000000,98469.87,7.120700,BUY,2562
1735929839999000000,98515.15,19.719280,BUY,2563
1735929899999000000,98432.00,23.140020,SELL,2564
1735929959999000000,98499.99,13.756220,BUY,2565
1735930019999000000,98522.44,21.224280,BUY,2566
1735930079999000000,98563.71,12.760840,BUY,2567
1735930139999000000,98620.40,48.346920,BUY,2568
1735930199999000000,98606.01,23.987280,SELL,2569
1735930259999000000,98586.12,8.580240,SELL,2570
1735930319999000000,98457.27,20.827000,SELL,2571
1735930379999000000,98429.40,17.200330,SELL,2572
1735930439999000000,98382.74,16.402920,SELL,2573
1735930499999000000,98464.88,5.884220,BUY,2574
1735930559999000000,98392.37,11.202010,SELL,2575
1735930619999000000,98370.01,7.419580,SELL,2576
1735930679999000000,98387.26,3.226580,BUY,2577
1735930739999000000,98513.83,6.548680,BUY,2578
1735930799999000000,98527.98,15.783410,BUY,2579
1735930859999000000,98668.01,19.247480,BUY,2580
1735930919999000000,98621.66,13.212240,SELL,2581
1735930979999000000,98543.71,25.048960,SELL,2582
1735931039999000000,98654.96,15.125340,BUY,2583
1735931099999000000,98710.52,11.974990,BUY,2584
1735931159999000000,98709.40,52.354090,SELL,2585
1735931219999000000,98724.51,31.866220,BUY,2586
1735931279999000000,98667.98,36.754080,SELL,2587
1735931339999000000,98734.15,63.267960,BUY,2588
1735931399999000000,98719.99,17.825410,SELL,2589
1735931459999000000,98715.30,64.260250,SELL,2590
1735931519999000000,98719.66,19.121740,BUY,2591
1735931579999000000,98647.48,15.471390,SELL,2592
1735931639999000000,98799.99,54.718180,BUY,2593
1735931699999000000,98900.00,59.021770,BUY,2594
1735931759999000000,98830.25,29.586470,SELL,2595
1735931819999000000,98885.25,20.586950,BUY,2596
1735931879999000000,98926.09,16.362980,BUY,2597
1735931939999000000,98931.88,23.043040,BUY,2598
1735931999999000000,98944.57,7.752000,BUY,2599
1735932059999000000,98891.26,29.262600,SELL,2600
1735932119999000000,98941.67,20.255820,BUY,2601
1735932179999000000,98908.18,14.525970,SELL,2602
1735932239999000000,98789.47,21.144730,SELL,2603
1735932299999000000,98747.21,10.896910,SELL,2604
1735932359999000000,98727.31,15.752080,SELL,2605
1735932419999000000,98743.86,15.596790,BUY,2606
1735932479999000000,98740.13,7.025540,SELL,2607
1735932539999000000,98647.48,16.430900,SELL,2608
1735932599999000000,98697.85,15.866670,BUY,2609
1735932659999000000,98797.57,18.728710,BUY,2610
1735932719999000000,98794.95,16.215520,SELL,2611
1735932779999000000,98771.99,14.521210,SELL,2612
1735932839999000000,98802.24,13.393130,BUY,2613
1735932899999000000,98752.39,6.619130,SELL,2614
1735932959999000000,98698.85,18.232720,SELL,2615
1735933019999000000,98664.74,8.391160,SELL,2616
1735933079999000000,98681.64,11.496060,BUY,2617
1735933139999000000,98704.29,6.500220,BUY,2618
1735933199999000000,98715.58,3.489820,BUY,2619
1735933259999000000,98771.08,12.270200,BUY,2620
1735933319999000000,98710.38,7.070110,SELL,2621
1735933379999000000,98791.99,10.076470,BUY,2622
1735933439999000000,98738.48,8.164390,SELL,2623
1735933499999000000,98698.23,9.217290,SELL,2624
1735933559999000000,98638.53,17.319080,SELL,2625
1735933619999000000,98659.05,4.575790,BUY,2626
1735933679999000000,98580.15,11.465130,SELL,2627
1735933739999000000,98634.31,9.105750,BUY,2628
1735933799999000000,98660.76,10.388160,BUY,2629
1735933859999000000,98679.01,7.116770,BUY,2630
1735933919999000000,98605.71,23.259820,SELL,2631
1735933979999000000,98613.15,4.643120,BUY,2632
1735934039999000000,98559.99,13.232580,SELL,2633
1735934099999000000,98560.44,4.760500,BUY,2634
1735934159999000000,98571.91,10.334410,BUY,2635
1735934219999000000,98600.00,3.809840,BUY,2636
1735934279999000000,98578.98,11.113690,SELL,2637
1735934339999000000,98596.85,5.487770,BUY,2638
1735934399999000000,98592.01,6.069010,SELL,2639
1735934459999000000,98581.06,20.931470,SELL,2640
1735934519999000000,98488.32,21.611710,SELL,2641
1735934579999000000,98483.40,15.969730,SELL,2642
1735934639999000000,98432.33,16.457920,SELL,2643
1735934699999000000,98404.16,10.040740,SELL,2644
1735934759999000000,98433.24,18.993100,BUY,2645
1735934819999000000,98429.65,28.657520,SELL,2646
1735934879999000000,98489.82,15.415610,BUY,2647
1735934939999000000,98465.15,17.483930,SELL,2648
1735934999999000000,98435.36,11.940050,SELL,2649
1735935059999000000,98400.00,17.952940,SELL,2650
1735935119999000000,98300.01,30.844420,SELL,2651
1735935179999000000,98370.79,14.191120,BUY,2652
1735935239999000000,98408.73,11.137870,BUY,2653
1735935299999000000,98479.56,13.518810,BUY,2654
1735935359999000000,98520.58,10.367020,BUY,2655
1735935419999000000,98528.32,7.030670,BUY,2656
1735935479999000000,98539.37,11.277370,BUY,2657
1735935539999000000,98578.94,10.337900,BUY,2658
1735935599999000000,98556.50,12.524610,SELL,2659
1735935659999000000,98524.16,9.786100,SELL,2660
1735935719999000000,98599.99,10.460770,BUY,2661
1735935779999000000,98702.60,13.535760,BUY,2662
1735935839999000000,98734.73,15.907840,BUY,2663
1735935899999000000,98747.99,9.231880,BUY,2664
1735935959999000000,98669.87,10.161170,SELL,2665
1735936019999000000,98614.66,7.726000,SELL,2666
1735936079999000000,98626.21,15.220740,BUY,2667
1735936139999000000,98652.32,7.999420,BUY,2668
1735936199999000000,98618.09,9.626360,SELL,2669
1735936259999000000,98581.58,13.643640,SELL,2670
1735936319999000000,98550.33,14.128550,SELL,2671
1735936379999000000,98524.89,19.518740,SELL,2672
1735936439999000000,98516.11,13.495650,SELL,2673
1735936499999000000,98599.99,10.125630,BUY,2674
1735936559999000000,98589.06,10.551850,SELL,2675
1735936619999000000,98629.04,16.934980,BUY,2676
1735936679999000000,98577.51,17.942050,SELL,2677
1735936739999000000,98444.00,16.329030,SELL,2678
1735936799999000000,98455.00,8.809030,BUY,2679
1735936859999000000,98404.13,16.197060,SELL,2680
1735936919999000000,98459.96,10.546410,BUY,2681
1735936979999000000,98463.23,7.688470,BUY,2682
1735937039999000000,98441.00,10.794770,SELL,2683
1735937099999000000,98453.89,17.591630,BUY,2684
1735937159999000000,98455.58,10.355130,BUY,2685
1735937219999000000,98495.25,25.013990,BUY,2686
1735937279999000000,98488.66,11.802980,SELL,2687
1735937339999000000,98423.93,10.435250,SELL,2688
1735937399999000000,98388.88,15.461950,SELL,2689
1735937459999000000,98394.65,14.443750,BUY,2690
1735937519999000000,98414.26,11.422080,BUY,2691
1735937579999000000,98432.80,13.628200,BUY,2692
1735937639999000000,98424.23,9.681070,SELL,2693
1735937699999000000,98448.23,12.963900,BUY,2694
1735937759999000000,98424.07,10.984050,SELL,2695
1735937819999000000,98429.27,9.999950,BUY,2696
1735937879999000000,98365.73,17.173730,SELL,2697
1735937939999000000,98387.43,13.185330,BUY,2698
1735937999999000000,98311.52,28.980310,SELL,2699
1736001059999000000,98000.01,4.810440,BUY,3750
1736001119999000000,97950.01,12.022240,SELL,3751
1736001179999000000,97985.98,1.527200,BUY,3752
1736001239999000000,97972.77,9.344410,SELL,3753
1736001299999000000,97995.64,3.139680,BUY,3754
1736001359999000000,98053.51,16.236770,BUY,3755
1736001419999000000,98080.14,12.684440,BUY,3756
1736001479999000000,98050.02,5.254810,SELL,3757
1736001539999000000,98054.06,3.663030,BUY,3758
1736001599999000000,98046.35,4.867900,SELL,3759
1736001659999000000,98046.46,2.601770,BUY,3760
1736001719999000000,98064.05,4.427690,BUY,3761
1736001779999000000,98050.01,8.090440,SELL,3762
1736001839999000000,98036.36,4.370080,SELL,3763
1736001899999000000,98059.98,5.324660,BUY,3764
1736001959999000000,98054.38,2.888740,SELL,3765
1736002019999000000,98054.38,1.588030,BUY,3766
1736002079999000000,98033.89,5.483300,SELL,3767
1736002139999000000,97999.90,4.478460,SELL,3768
1736002199999000000,97999.91,1.818980,BUY,3769
1736002259999000000,98008.14,4.846470,BUY,3770
1736002319999000000,98002.01,1.547420,SELL,3771
1736002379999000000,98002.01,5.014030,BUY,3772
1736002439999000000,98043.99,5.574160,BUY,3773
1736002499999000000,98049.61,2.233100,BUY,3774
1736002559999000000,98050.55,7.471300,BUY,3775
1736002619999000000,98050.55,2.712080,BUY,3776
1736002679999000000,98030.30,7.555510,SELL,3777
1736002739999000000,98030.31,1.774910,BUY,3778
1736002799999000000,98035.04,3.244650,BUY,3779
1736002859999000000,98044.71,2.040300,BUY,3780
1736002919999000000,98040.74,4.468870,SELL,3781
1736002979999000000,98012.92,8.446940,SELL,3782
1736003039999000000,98012.92,2.364010,BUY,3783
1736003099999000000,98006.59,6.207270,SELL,3784
1736003159999000000,97976.12,10.074680,SELL,3785
1736003219999000000,97991.32,5.995920,BUY,3786
1736003279999000000,97973.63,6.227510,SELL,3787
1736003339999000000,97982.60,5.886500,BUY,3788
1736003399999000000,97961.00,6.763650,SELL,3789
1736003459999000000,97928.88,7.549660,SELL,3790
1736003519999000000,97958.67,4.767270,BUY,3791
1736003579999000000,97968.64,2.273780,BUY,3792
1736003639999000000,98019.98,7.406020,BUY,3793
1736003699999000000,97997.81,7.631440,SELL,3794
1736003759999000000,98013.06,1.967900,BUY,3795
1736003819999000000,98030.31,6.015260,BUY,3796
1736003879999000000,98028.00,1.848000,SELL,3797
1736003939999000000,98107.56,18.802540,BUY,3798
1736003999999000000,98151.52,6.830980,BUY,3799
1736004059999000000,98135.67,3.900710,SELL,3800
1736004119999000000,98140.97,5.171070,BUY,3801
1736004179999000000,98140.69,3.925450,SELL,3802
1736004239999000000,98124.56,4.016260,SELL,3803
1736004299999000000,98119.02,3.352540,SELL,3804
1736004359999000000,98006.68,9.912840,SELL,3805
1736004419999000000,97890.28,12.513930,SELL,3806
1736004479999000000,97756.00,29.799330,SELL,3807
1736004539999000000,97742.79,40.521570,SELL,3808
1736004599999000000,97832.06,25.727270,BUY,3809
1736004659999000000,97640.00,28.929110,SELL,3810
1736004719999000000,97711.36,15.327160,BUY,3811
1736004779999000000,97644.86,23.044590,SELL,3812
1736004839999000000,97753.19,8.742490,BUY,3813
1736004899999000000,97643.63,8.034690,SELL,3814
1736004959999000000,97607.55,29.156520,SELL,3815
1736005019999000000,97651.52,12.847850,BUY,3816
1736005079999000000,97568.35,19.991140,SELL,3817
1736005139999000000,97659.99,13.699460,BUY,3818
1736005199999000000,97636.37,11.239770,SELL,3819
1736005259999000000,97600.00,66.218940,SELL,3820
1736005319999000000,97649.18,10.863120,BUY,3821
1736005379999000000,97590.49,13.615260,SELL,3822
1736005439999000000,97653.90,14.571860,BUY,3823
1736005499999000000,97637.63,7.125120,SELL,3824
1736005559999000000,97670.70,17.399510,BUY,3825
1736005619999000000,97696.97,10.278030,BUY,3826
1736005679999000000,97699.60,15.709360,BUY,3827
1736005739999000000,97590.83,13.566540,SELL,3828
1736005799999000000,97633.25,18.493160,BUY,3829
1736005859999000000,97589.86,20.032800,SELL,3830
1736005919999000000,97659.75,9.239930,BUY,3831
1736005979999000000,97673.93,4.958490,BUY,3832
1736006039999000000,97693.90,15.047910,BUY,3833
1736006099999000000,97720.36,31.756660,BUY,3834
1736006159999000000,97666.34,6.729600,SELL,3835
1736006219999000000,97676.00,6.125460,BUY,3836
1736006279999000000,97669.78,10.790000,SELL,3837
1736006339999000000,97666.68,4.498030,SELL,3838
1736006399999000000,97657.94,7.342220,SELL,3839
1736006459999000000,97723.02,13.309320,BUY,3840
1736006519999000000,97750.00,21.056220,BUY,3841
1736006579999000000,97731.20,21.035820,SELL,3842
1736006639999000000,97739.84,7.501520,BUY,3843
1736006699999000000,97774.63,3.932450,BUY,3844
1736006759999000000,97729.38,2.586730,SELL,3845
1736006819999000000,97666.61,7.851950,SELL,3846
1736006879999000000,97634.85,5.792300,SELL,3847
1736006939999000000,97662.56,7.485610,BUY,3848
1736006999999000000,97700.00,7.652210,BUY,3849
1736007059999000000,97715.84,5.660900,BUY,3850
1736007119999000000,97774.64,13.607390,BUY,3851
1736007179999000000,97787.88,8.485260,BUY,3852
1736007239999000000,97787.89,1.471080,BUY,3853
1736007299999000000,97780.29,2.382300,SELL,3854
1736007359999000000,97807.21,2.909970,BUY,3855
1736007419999000000,97818.19,3.229960,BUY,3856
1736007479999000000,97854.60,8.699650,BUY,3857
1736007539999000000,97761.76,8.452060,SELL,3858
1736007599999000000,97755.34,3.305880,SELL,3859
1736007659999000000,97715.12,4.812910,SELL,3860
1736007719999000000,97767.70,3.895620,BUY,3861
1736007779999000000,97767.69,6.457470,SELL,3862
1736007839999000000,97823.99,3.599650,BUY,3863
1736007899999000000,97778.56,14.099600,SELL,3864
1736007959999000000,97785.85,1.622920,BUY,3865
1736008019999000000,97708.48,5.677580,SELL,3866
1736008079999000000,97743.92,3.587560,BUY,3867
1736008139999000000,97718.82,3.726970,SELL,3868
1736008199999000000,97703.12,1.442860,SELL,3869
1736008259999000000,97684.88,6.146210,SELL,3870
1736008319999000000,97662.85,12.662480,SELL,3871
1736008379999000000,97674.51,7.599890,BUY,3872
1736008439999000000,97634.09,7.679850,SELL,3873
1736008499999000000,97552.00,119.544780,SELL,3874
1736008559999000000,97593.11,99.524270,BUY,3875
1736008619999000000,97611.91,10.525110,BUY,3876
1736008679999000000,97684.45,8.564780,BUY,3877
1736008739999000000,97673.01,5.865830,SELL,3878
1736008799999000000,97687.84,2.506110,BUY,3879
1736008859999000000,97677.19,10.662430,SELL,3880
1736008919999000000,97691.64,8.310400,BUY,3881
1736008979999000000,97676.61,2.823020,SELL,3882
1736009039999000000,97636.70,7.305690,SELL,3883
1736009099999000000,97636.42,2.145660,SELL,3884
1736009159999000000,97649.77,4.559260,BUY,3885
1736009219999000000,97645.24,8.659060,SELL,3886
1736009279999000000,97645.24,3.041340,BUY,3887
1736009339999000000,97688.49,6.258160,BUY,3888
1736009399999000000,97680.26,5.035620,SELL,3889
1736009459999000000,97707.76,5.537720,BUY,3890
1736009519999000000,97687.19,4.970540,SELL,3891
1736009579999000000,97705.23,2.109250,BUY,3892
1736009639999000000,97724.83,4.063570,BUY,3893
1736009699999000000,97726.71,1.723910,BUY,3894
1736009759999000000,97707.48,4.959240,SELL,3895
1736009819999000000,97700.77,1.821900,SELL,3896
1736009879999000000,97707.47,1.641680,BUY,3897
1736009939999000000,97704.59,1.343940,SELL,3898
1736009999999000000,97704.60,2.195590,BUY,3899
1736010059999000000,97728.99,4.491090,BUY,3900
1736010119999000000,97687.78,5.545690,SELL,3901
1736010179999000000,97705.97,1.357980,BUY,3902
1736010239999000000,97733.71,2.216390,BUY,3903
1736010299999000000,97721.69,6.886830,SELL,3904
1736010359999000000,97759.96,2.509740,BUY,3905
1736010419999000000,97793.31,8.521850,BUY,3906
1736010479999000000,97792.40,6.389300,SELL,3907
1736010539999000000,97798.08,1.821840,BUY,3908
1736010599999000000,97775.34,4.422550,SELL,3909
1736010659999000000,97771.18,4.741010,SELL,3910
1736010719999000000,97768.35,1.628410,SELL,3911
1736010779999000000,97771.18,1.477750,BUY,3912
1736010839999000000,97755.64,2.430890,SELL,3913
1736010899999000000,97774.69,2.196050,BUY,3914
1736010959999000000,97800.09,1.733320,BUY,3915
1736011019999000000,97787.87,6.492520,SELL,3916
1736011079999000000,97797.47,1.156290,BUY,3917
1736011139999000000,97797.47,1.202950,BUY,3918
1736011199999000000,97815.63,1.449500,BUY,3919
1736011259999000000,97815.62,3.610880,BUY,3920
1736011319999000000,97800.00,2.314140,SELL,3921
1736011379999000000,97800.01,3.922790,BUY,3922
1736011439999000000,97800.00,1.089420,BUY,3923
1736011499999000000,97826.80,8.924020,BUY,3924
1736011559999000000,97809.10,3.175100,SELL,3925
1736011619999000000,97794.88,6.175280,SELL,3926
1736011679999000000,97811.31,2.116250,BUY,3927
1736011739999000000,97809.11,1.743980,SELL,3928
1736011799999000000,97780.29,3.831790,SELL,3929
1736011859999000000,97769.49,7.414090,SELL,3930
1736011919999000000,97819.56,8.212160,BUY,3931
1736011979999000000,97819.56,2.476380,SELL,3932
1736012039999000000,97853.83,9.119160,BUY,3933
1736012099999000000,97890.94,5.096490,BUY,3934
1736012159999000000,97886.60,3.596800,SELL,3935
1736012219999000000,97909.09,4.842870,BUY,3936
1736012279999000000,97909.09,2.512160,SELL,3937
1736012339999000000,97873.49,6.363800,SELL,3938
1736012399999000000,97874.03,1.429900,BUY,3939
1736012459999000000,97869.95,1.545500,SELL,3940
1736012519999000000,97846.01,3.021260,SELL,3941
1736012579999000000,97864.71,3.619290,BUY,3942
1736012639999000000,97877.01,4.453470,BUY,3943
1736012699999000000,97877.01,3.643210,BUY,3944
1736012759999000000,97918.19,4.239380,BUY,3945
1736012819999000000,97913.69,3.365220,SELL,3946
1736012879999000000,97913.69,0.738600,BUY,3947
1736012939999000000,97919.30,2.277860,BUY,3948
1736012999999000000,97931.75,6.229700,BUY,3949
1736013059999000000,97924.70,1.611320,SELL,3950
1736013119999000000,97924.70,0.664530,BUY,3951
1736013179999000000,97929.58,1.930530,BUY,3952
1736013239999000000,97955.21,4.897790,BUY,3953
1736013299999000000,97937.87,3.518990,SELL,3954
1736013359999000000,97956.28,6.736120,BUY,3955
1736013419999000000,97999.21,14.458230,BUY,3956
1736013479999000000,98037.25,11.517760,BUY,3957
1736013539999000000,98011.15,8.222950,SELL,3958
1736013599999000000,98016.26,8.115930,BUY,3959
1736013659999000000,97993.20,7.527030,SELL,3960
1736013719999000000,97965.47,4.659600,SELL,3961
1736013779999000000,97979.47,3.507130,BUY,3962
1736013839999000000,97979.46,3.317580,SELL,3963
1736013899999000000,98002.09,4.189540,BUY,3964
1736013959999000000,97974.27,2.669080,SELL,3965
1736014019999000000,97981.81,3.818320,BUY,3966
1736014079999000000,98015.48,14.949140,BUY,3967
1736014139999000000,98040.98,1.640810,BUY,3968
1736014199999000000,98040.97,1.903250,BUY,3969
1736014259999000000,98031.79,5.558550,SELL,3970
1736014319999000000,98031.79,2.006330,BUY,3971
1736014379999000000,98084.15,7.885160,BUY,3972
1736014439999000000,98065.13,2.085580,SELL,3973
1736014499999000000,98065.12,1.343490,SELL,3974
1736014559999000000,98065.12,8.470940,SELL,3975
1736014619999000000,98072.11,6.138010,BUY,3976
1736014679999000000,98111.99,8.038960,BUY,3977
1736014739999000000,98117.44,2.911900,BUY,3978
1736014799999000000,98111.96,5.484560,SELL,3979
1736014859999000000,98070.61,2.795910,SELL,3980
1736014919999000000,98072.70,2.266880,BUY,3981
1736014979999000000,98056.20,2.538260,SELL,3982
1736015039999000000,98107.09,12.828050,BUY,3983
1736015099999000000,98087.88,5.536050,SELL,3984
1736015159999000000,98087.89,0.651150,BUY,3985
1736015219999000000,98115.94,2.832220,BUY,3986
1736015279999000000,98119.11,6.718990,BUY,3987
1736015339999000000,98097.14,2.609680,SELL,3988
1736015399999000000,98057.28,5.344370,SELL,3989
1736015459999000000,98009.53,3.746590,SELL,3990
1736015519999000000,98015.16,5.851620,BUY,3991
1736015579999000000,98016.31,3.002290,BUY,3992
1736015639999000000,98030.31,2.028080,BUY,3993
1736015699999000000,98067.81,3.687620,BUY,3994
1736015759999000000,98098.38,2.589380,BUY,3995
1736015819999000000,98064.70,2.699410,SELL,3996
1736015879999000000,98085.51,2.885220,BUY,3997
1736015939999000000,98052.48,2.899270,SELL,3998
1736015999999000000,98064.30,1.151490,BUY,3999
1736016059999000000,98079.18,1.545220,BUY,4000
1736016119999000000,98079.19,1.641830,BUY,4001
1736016179999000000,98070.66,2.589290,SELL,4002
1736016239999000000,98060.60,1.599600,SELL,4003
1736016299999000000,98046.40,1.077120,SELL,4004
1736016359999000000,98031.51,9.380570,SELL,4005
1736016419999000000,98002.02,5.211810,SELL,4006
1736016479999000000,97940.27,4.598490,SELL,4007
1736016539999000000,97909.85,9.260440,SELL,4008
1736016599999000000,97921.34,3.066840,BUY,4009
1736016659999000000,97956.22,5.472940,BUY,4010
1736016719999000000,97956.22,1.104350,BUY,4011
1736016779999000000,97956.21,1.109590,BUY,4012
1736016839999000000,97956.21,0.827550,SELL,4013
1736016899999000000,97962.49,1.195310,BUY,4014
1736016959999000000,97962.49,2.485720,BUY,4015
1736017019999000000,97962.50,2.675330,BUY,4016
1736017079999000000,97946.47,5.193670,SELL,4017
1736017139999000000,97946.47,0.833400,BUY,4018
1736017199999000000,97961.56,3.581410,BUY,4019
1736017259999000000,97985.04,4.313430,BUY,4020
1736017319999000000,97985.03,1.684680,SELL,4021
1736017379999000000,97969.70,3.245500,SELL,4022
1736017439999000000,97946.61,4.798980,SELL,4023
1736017499999000000,97951.24,4.872540,BUY,4024
1736017559999000000,97961.25,2.180450,BUY,4025
1736017619999000000,97967.32,2.185150,BUY,4026
1736017679999000000,98015.42,6.358280,BUY,4027
1736017739999000000,98031.66,2.710370,BUY,4028
1736017799999000000,98069.98,4.421860,BUY,4029
1736017859999000000,98065.35,2.513830,SELL,4030
1736017919999000000,98065.35,1.368460,BUY,4031
1736017979999000000,98043.11,2.721080,SELL,4032
1736018039999000000,98071.50,7.739040,BUY,4033
1736018099999000000,98123.44,16.553770,BUY,4034
1736018159999000000,98210.02,24.739600,BUY,4035
1736018219999000000,98281.77,45.510800,BUY,4036
1736018279999000000,98340.56,7.732310,BUY,4037
1736018339999000000,98242.84,16.478440,SELL,4038
1736018399999000000,98194.66,4.724470,SELL,4039
1736018459999000000,98244.01,13.667930,BUY,4040
1736018519999000000,98200.00,10.577940,SELL,4041
1736018579999000000,98172.73,6.043810,SELL,4042
1736018639999000000,98154.19,4.666550,SELL,4043
1736018699999000000,98163.99,2.041870,BUY,4044
1736018759999000000,98186.29,1.045950,BUY,4045
1736018819999000000,98167.17,2.130010,SELL,4046
1736018879999000000,98167.17,2.932410,SELL,4047
1736018939999000000,98167.17,2.742610,BUY,4048
1736018999999000000,98167.17,2.371460,SELL,4049
1736019059999000000,98192.23,1.713910,BUY,4050
1736019119999000000,98203.99,0.947680,BUY,4051
1736019179999000000,98230.11,3.195770,BUY,4052
1736019239999000000,98222.96,2.366680,SELL,4053
1736019299999000000,98252.37,6.393660,BUY,4054
1736019359999000000,98250.63,3.886380,SELL,4055
1736019419999000000,98227.74,6.608620,SELL,4056
1736019479999000000,98222.86,2.366050,SELL,4057
1736019539999000000,98186.34,2.374340,SELL,4058
1736019599999000000,98176.17,2.608220,SELL,4059
1736019659999000000,98151.96,4.620600,SELL,4060
1736019719999000000,98129.66,5.451880,SELL,4061
1736019779999000000,98149.99,3.202810,BUY,4062
1736019839999000000,98136.09,4.308750,SELL,4063
1736019899999000000,98140.97,1.420730,BUY,4064
1736019959999000000,98140.97,2.813600,SELL,4065
1736020019999000000,98140.97,1.218510,BUY,4066
1736020079999000000,98121.82,27.758960,SELL,4067
1736020139999000000,98113.65,3.595490,SELL,4068
1736020199999000000,98113.64,0.953780,BUY,4069
1736020259999000000,98126.12,2.347750,BUY,4070
1736020319999000000,98155.46,4.431880,BUY,4071
1736020379999000000,98175.44,2.182810,BUY,4072
1736020439999000000,98193.04,4.196150,BUY,4073
1736020499999000000,98181.72,3.767000,SELL,4074
1736020559999000000,98199.99,1.190610,BUY,4075
1736020619999000000,98200.00,0.924830,BUY,4076
1736020679999000000,98190.54,3.197470,SELL,4077
1736020739999000000,98187.82,1.793400,SELL,4078
1736020799999000000,98166.26,3.569780,SELL,4079
1736020859999000000,98385.31,82.187760,BUY,4080
1736020919999000000,98330.36,5.950250,SELL,4081
1736020979999000000,98328.01,4.510410,SELL,4082
1736021039999000000,98283.10,4.860480,SELL,4083
1736021099999000000,98267.81,3.723600,SELL,4084
1736021159999000000,98292.91,3.554980,BUY,4085
1736021219999000000,98327.71,5.035730,BUY,4086
1736021279999000000,98308.00,2.510550,SELL,4087
1736021339999000000,98287.95,3.510420,SELL,4088
1736021399999000000,98304.08,2.104990,BUY,4089
1736021459999000000,98311.07,1.953450,BUY,4090
1736021519999000000,98279.90,5.882530,SELL,4091
1736021579999000000,98292.51,3.162150,BUY,4092
1736021639999000000,98292.50,0.787490,SELL,4093
1736021699999000000,98292.50,1.104240,SELL,4094
1736021759999000000,98292.51,1.581800,BUY,4095
1736021819999000000,98251.99,4.824100,SELL,4096
1736021879999000000,98295.19,3.361090,BUY,4097
1736021939999000000,98295.19,0.878640,BUY,4098
1736021999999000000,98337.98,4.741010,BUY,4099
1736022059999000000,98358.17,6.102480,BUY,4100
1736022119999000000,98389.03,7.600770,BUY,4101
1736022179999000000,98381.80,1.730320,SELL,4102
1736022239999000000,98406.69,3.509360,BUY,4103
1736022299999000000,98380.57,2.409650,SELL,4104
1736022359999000000,98409.21,3.921780,BUY,4105
1736022419999000000,98409.20,1.561230,BUY,4106
1736022479999000000,98418.07,1.228590,BUY,4107
1736022539999000000,98442.10,4.516740,BUY,4108
1736022599999000000,98456.37,4.435260,BUY,4109
1736022659999000000,98422.30,15.237360,SELL,4110
1736022719999000000,98426.99,7.176840,BUY,4111
1736022779999000000,98416.44,10.590020,SELL,4112
1736022839999000000,98426.05,10.333770,BUY,4113
1736022899999000000,98464.12,7.948320,BUY,4114
1736022959999000000,98489.92,11.800360,BUY,4115
1736023019999000000,98523.09,17.664530,BUY,4116
1736023079999000000,98491.85,5.397040,SELL,4117
1736023139999000000,98469.81,5.119790,SELL,4118
1736023199999000000,98478.61,1.265130,BUY,4119
1736023259999000000,98550.00,4.124130,BUY,4120
1736023319999000000,98613.27,31.215200,BUY,4121
1736023379999000000,98580.21,7.173040,SELL,4122
1736023439999000000,98604.02,22.116650,BUY,4123
1736023499999000000,98543.99,12.814600,SELL,4124
1736023559999000000,98548.30,3.514110,BUY,4125
1736023619999000000,98582.04,9.014940,BUY,4126
1736023679999000000,98552.21,5.577700,SELL,4127
1736023739999000000,98551.98,2.311070,SELL,4128
1736023799999000000,98574.01,4.356210,BUY,4129
1736023859999000000,98538.26,8.517150,SELL,4130
1736023919999000000,98528.72,5.520600,SELL,4131
1736023979999000000,98567.98,5.630010,BUY,4132
1736024039999000000,98557.45,10.932290,SELL,4133
1736024099999000000,98602.01,6.204480,BUY,4134
1736024159999000000,98602.01,1.487880,BUY,4135
1736024219999000000,98594.49,12.966940,SELL,4136
1736024279999000000,98606.07,4.155660,BUY,4137
1736024339999000000,98599.01,3.195270,SELL,4138
1736024399999000000,98599.02,5.091790,BUY,4139
1736087459999000000,97411.82,17.077810,SELL,5190
1736087519999000000,97451.56,7.899570,BUY,5191
1736087579999000000,97415.45,5.560570,SELL,5192
1736087639999000000,97457.98,7.468880,BUY,5193
1736087699999000000,97450.93,3.532760,SELL,5194
1736087759999000000,97548.30,16.305140,BUY,5195
1736087819999000000,97551.51,16.405420,BUY,5196
1736087879999000000,97551.97,3.848570,BUY,5197
1736087939999000000,97584.58,3.397610,BUY,5198
1736087999999000000,97565.08,6.706000,SELL,5199
1736088059999000000,97564.00,3.477960,SELL,5200
1736088119999000000,97596.50,3.272650,BUY,5201
1736088179999000000,97664.86,18.302370,BUY,5202
1736088239999000000,97678.56,3.601380,BUY,5203
1736088299999000000,97675.19,2.602360,SELL,5204
1736088359999000000,97731.55,8.254990,BUY,5205
1736088419999000000,97797.28,8.368690,BUY,5206
1736088479999000000,97823.35,12.285260,BUY,5207
1736088539999000000,97829.53,4.978520,BUY,5208
1736088599999000000,97882.29,10.888550,BUY,5209
1736088659999000000,97862.40,3.116020,SELL,5210
1736088719999000000,97813.26,11.666690,SELL,5211
1736088779999000000,97812.41,2.358360,SELL,5212
1736088839999000000,97833.17,5.407320,BUY,5213
1736088899999000000,97824.03,8.133560,SELL,5214
1736088959999000000,97953.62,14.637600,BUY,5215
1736089019999000000,97917.06,12.703960,SELL,5216
1736089079999000000,97862.40,5.566110,SELL,5217
1736089139999000000,97855.06,6.040020,SELL,5218
1736089199999000000,97855.06,2.773740,BUY,5219
1736089259999000000,97867.21,12.216350,BUY,5220
1736089319999000000,97849.26,4.009900,SELL,5221
1736089379999000000,97917.05,14.192900,BUY,5222
1736089439999000000,97877.83,18.142920,SELL,5223
1736089499999000000,97912.10,10.004030,BUY,5224
1736089559999000000,97963.37,5.113080,BUY,5225
1736089619999000000,98007.57,9.536980,BUY,5226
1736089679999000000,97951.06,15.408700,SELL,5227
1736089739999000000,97985.45,6.550420,BUY,5228
1736089799999000000,97896.02,7.352840,SELL,5229
1736089859999000000,97871.36,7.808610,SELL,5230
1736089919999000000,97900.82,2.887830,BUY,5231
1736089979999000000,97853.27,3.683970,SELL,5232
1736090039999000000,97842.92,14.619340,SELL,5233
1736090099999000000,97820.63,1.791520,SELL,5234
1736090159999000000,97739.99,23.829500,SELL,5235
1736090219999000000,97789.33,7.055130,BUY,5236
1736090279999000000,97737.54,3.970960,SELL,5237
1736090339999000000,97771.09,2.697040,BUY,5238
1736090399999000000,97771.28,1.666540,BUY,5239
1736090459999000000,97800.00,3.145300,BUY,5240
1736090519999000000,97778.97,2.154340,SELL,5241
1736090579999000000,97762.91,8.933550,SELL,5242
1736090639999000000,97839.75,7.034080,BUY,5243
1736090699999000000,97812.13,3.123290,SELL,5244
1736090759999000000,97812.52,0.452980,BUY,5245
1736090819999000000,97850.00,2.555090,BUY,5246
1736090879999000000,97843.47,1.671940,SELL,5247
1736090939999000000,97869.88,2.191920,BUY,5248
1736090999999000000,97908.10,3.539140,BUY,5249
1736091059999000000,97983.09,4.921900,BUY,5250
1736091119999000000,98104.98,72.544790,BUY,5251
1736091179999000000,98116.65,11.524220,BUY,5252
1736091239999000000,98086.28,8.104490,SELL,5253
1736091299999000000,98079.06,5.162670,SELL,5254
1736091359999000000,98108.12,9.624470,BUY,5255
1736091419999000000,98166.00,28.382610,BUY,5256
1736091479999000000,98212.13,37.751470,BUY,5257
1736091539999000000,98191.00,11.549520,SELL,5258
1736091599999000000,98150.25,11.368190,SELL,5259
1736091659999000000,98134.86,4.463120,SELL,5260
1736091719999000000,98101.62,8.574820,SELL,5261
1736091779999000000,98093.08,3.852950,SELL,5262
1736091839999000000,98105.04,5.794240,BUY,5263
1736091899999000000,98090.37,1.795370,SELL,5264
1736091959999000000,98060.95,4.494200,SELL,5265
1736092019999000000,98067.23,2.687620,BUY,5266
1736092079999000000,98158.93,11.174360,BUY,5267
1736092139999000000,98130.05,2.773360,SELL,5268
1736092199999000000,98100.01,4.954920,SELL,5269
1736092259999000000,98065.75,4.002290,SELL,5270
1736092319999000000,98059.10,4.241180,SELL,5271
1736092379999000000,98048.44,1.351890,SELL,5272
1736092439999000000,98076.00,3.056340,BUY,5273
1736092499999000000,98018.96,3.349170,SELL,5274
1736092559999000000,98018.96,1.555560,BUY,5275
1736092619999000000,98038.21,3.586930,BUY,5276
1736092679999000000,98038.20,0.560330,SELL,5277
1736092739999000000,98009.28,2.065040,SELL,5278
1736092799999000000,98028.98,9.622530,BUY,5279
1736092859999000000,98000.01,7.920630,SELL,5280
1736092919999000000,98038.21,4.379460,BUY,5281
1736092979999000000,98040.40,2.517160,BUY,5282
1736093039999000000,98136.31,10.234340,BUY,5283
1736093099999000000,98138.14,11.545840,BUY,5284
1736093159999000000,98185.20,5.870370,BUY,5285
1736093219999000000,98187.07,5.013720,BUY,5286
1736093279999000000,98256.71,18.213840,BUY,5287
1736093339999000000,98229.96,7.547620,SELL,5288
1736093399999000000,98222.28,12.751780,SELL,5289
1736093459999000000,98284.33,32.271340,BUY,5290
1736093519999000000,98272.73,4.386190,SELL,5291
1736093579999000000,98270.00,22.577150,SELL,5292
1736093639999000000,98177.93,75.562740,SELL,5293
1736093699999000000,98195.62,21.288030,BUY,5294
1736093759999000000,98175.02,8.207910,SELL,5295
1736093819999000000,98141.02,8.225160,SELL,5296
1736093879999000000,98125.52,4.961930,SELL,5297
1736093939999000000,98106.92,3.202630,SELL,5298
1736093999999000000,98074.87,2.196310,SELL,5299
1736094059999000000,98075.08,5.262600,BUY,5300
1736094119999000000,98061.27,4.818280,SELL,5301
1736094179999000000,98071.59,5.223690,BUY,5302
1736094239999000000,98121.06,8.785140,BUY,5303
1736094299999000000,98104.00,1.684010,SELL,5304
1736094359999000000,98123.48,2.637320,BUY,5305
1736094419999000000,98105.90,3.653360,SELL,5306
1736094479999000000,98113.60,3.835840,BUY,5307
1736094539999000000,98082.91,7.224540,SELL,5308
1736094599999000000,98082.34,3.289100,SELL,5309
1736094659999000000,98014.04,8.487150,SELL,5310
1736094719999000000,98000.01,4.676860,SELL,5311
1736094779999000000,97944.08,10.798610,SELL,5312
1736094839999000000,97963.58,3.042660,BUY,5313
1736094899999000000,97980.32,3.185060,BUY,5314
1736094959999000000,97972.39,8.351050,SELL,5315
1736095019999000000,97972.96,4.424150,BUY,5316
1736095079999000000,98020.14,7.588170,BUY,5317
1736095139999000000,98053.21,4.889840,BUY,5318
1736095199999000000,98017.56,3.882570,SELL,5319
1736095259999000000,98059.52,4.882240,BUY,5320
1736095319999000000,98051.80,3.964040,SELL,5321
1736095379999000000,98024.79,4.172220,SELL,5322
1736095439999000000,98018.30,3.038020,SELL,5323
1736095499999000000,97996.12,2.063520,SELL,5324
1736095559999000000,98013.17,4.118690,BUY,5325
1736095619999000000,98030.30,3.826790,BUY,5326
1736095679999000000,98074.31,8.870630,BUY,5327
1736095739999000000,98057.14,4.250760,SELL,5328
1736095799999000000,98113.28,10.055640,BUY,5329
1736095859999000000,98086.38,3.923820,SELL,5330
1736095919999000000,98072.88,2.692670,SELL,5331
1736095979999000000,98055.82,5.127810,SELL,5332
1736096039999000000,98061.21,3.539890,BUY,5333
1736096099999000000,98064.25,5.806240,BUY,5334
1736096159999000000,98049.72,1.019530,SELL,5335
1736096219999000000,98019.28,3.318150,SELL,5336
1736096279999000000,98025.93,1.052180,BUY,5337
1736096339999000000,98025.71,0.958980,SELL,5338
1736096399999000000,98035.17,3.267840,BUY,5339
1736096459999000000,98035.17,0.485730,BUY,5340
1736096519999000000,98002.01,2.633510,SELL,5341
1736096579999000000,98017.54,7.291060,BUY,5342
1736096639999000000,98046.72,3.666060,BUY,5343
1736096699999000000,98022.26,3.786830,SELL,5344
1736096759999000000,98060.61,4.758160,BUY,5345
1736096819999000000,98063.73,2.910150,BUY,5346
1736096879999000000,98060.60,3.159880,SELL,5347
1736096939999000000,98060.61,0.843050,BUY,5348
1736096999999000000,98060.61,0.853400,BUY,5349
1736097059999000000,98071.96,3.696170,BUY,5350
1736097119999000000,98035.40,9.649100,SELL,5351
1736097179999000000,98062.83,1.929820,BUY,5352
1736097239999000000,98039.11,9.622390,SELL,5353
1736097299999000000,98014.32,8.005500,SELL,5354
1736097359999000000,97986.73,1.275410,SELL,5355
1736097419999000000,97925.66,15.597160,SELL,5356
1736097479999000000,97965.19,4.297080,BUY,5357
1736097539999000000,97950.80,10.818680,SELL,5358
1736097599999000000,97945.89,5.251430,SELL,5359
1736097659999000000,97939.40,2.178930,SELL,5360
1736097719999000000,97939.39,2.320520,BUY,5361
1736097779999000000,97942.27,0.787750,BUY,5362
1736097839999000000,97925.86,7.651150,SELL,5363
1736097899999000000,97925.85,0.471630,SELL,5364
1736097959999000000,97972.22,5.420630,BUY,5365
1736098019999000000,97907.39,20.525280,SELL,5366
1736098079999000000,97913.27,8.446420,BUY,5367
1736098139999000000,97925.35,7.164760,BUY,5368
1736098199999000000,97967.99,6.023830,BUY,5369
1736098259999000000,97917.49,5.413930,SELL,5370
1736098319999000000,97927.29,1.028980,BUY,5371
1736098379999000000,97938.01,1.484450,BUY,5372
1736098439999000000,98006.11,6.871780,BUY,5373
1736098499999000000,98007.83,14.015700,BUY,5374
1736098559999000000,97965.92,9.248330,SELL,5375
1736098619999000000,97950.71,5.422720,SELL,5376
1736098679999000000,97901.19,4.543230,SELL,5377
1736098739999000000,97808.50,19.164060,SELL,5378
1736098799999000000,97847.64,7.823250,BUY,5379
1736098859999000000,97858.50,4.917300,BUY,5380
1736098919999000000,97889.56,3.410660,BUY,5381
1736098979999000000,97850.35,2.577610,SELL,5382
1736099039999000000,97857.81,7.206840,BUY,5383
1736099099999000000,97849.49,7.021070,SELL,5384
1736099159999000000,97800.02,8.274520,SELL,5385
1736099219999000000,97712.99,24.610700,SELL,5386
1736099279999000000,97682.40,8.250780,SELL,5387
1736099339999000000,97707.64,2.689120,BUY,5388
1736099399999000000,97673.57,1.989470,SELL,5389
1736099459999000000,97704.67,10.604300,BUY,5390
1736099519999000000,97686.44,3.618000,SELL,5391
1736099579999000000,97721.06,6.095230,BUY,5392
1736099639999000000,97716.52,1.948340,SELL,5393
1736099699999000000,97722.18,2.648980,BUY,5394
1736099759999000000,97688.51,3.401450,SELL,5395
1736099819999000000,97716.04,13.335290,BUY,5396
1736099879999000000,97704.73,2.685080,SELL,5397
1736099939999000000,97715.41,1.413720,BUY,5398
1736099999999000000,97731.08,5.419610,BUY,5399
1736100059999000000,97760.64,7.139580,BUY,5400
1736100119999000000,97726.06,4.913060,SELL,5401
1736100179999000000,97693.44,6.243100,SELL,5402
1736100239999000000,97650.01,2.901720,SELL,5403
1736100299999000000,97629.96,22.620550,SELL,5404
1736100359999000000,97622.00,21.396630,SELL,5405
1736100419999000000,97638.38,8.361680,BUY,5406
1736100479999000000,97664.00,2.383790,BUY,5407
1736100539999000000,97734.83,5.016600,BUY,5408
1736100599999000000,97768.19,5.098910,BUY,5409
1736100659999000000,97699.94,5.587820,SELL,5410
1736100719999000000,97700.01,19.726720,BUY,5411
1736100779999000000,97672.63,2.587330,SELL,5412
1736100839999000000,97657.87,5.297610,SELL,5413
1736100899999000000,97700.81,15.312820,BUY,5414
1736100959999000000,97632.00,4.877300,SELL,5415
1736101019999000000,97609.28,12.437680,SELL,5416
1736101079999000000,97649.16,3.525460,BUY,5417
1736101139999000000,97642.90,1.246290,SELL,5418
1736101199999000000,97666.66,1.300980,BUY,5419
1736101259999000000,97724.15,7.340130,BUY,5420
1736101319999000000,97728.27,12.316000,BUY,5421
1736101379999000000,97747.91,7.236700,BUY,5422
1736101439999000000,97697.18,9.210600,SELL,5423
1736101499999000000,97721.19,4.329710,BUY,5424
1736101559999000000,97730.87,3.352900,BUY,5425
1736101619999000000,97741.66,3.939870,BUY,5426
1736101679999000000,97724.26,1.954640,SELL,5427
1736101739999000000,97724.16,1.352820,SELL,5428
1736101799999000000,97706.91,8.380670,SELL,5429
1736101859999000000,97717.82,7.653990,BUY,5430
1736101919999000000,97724.18,1.520250,BUY,5431
1736101979999000000,97757.58,3.745700,BUY,5432
1736102039999000000,97814.39,14.781970,BUY,5433
1736102099999000000,97804.08,2.679100,SELL,5434
1736102159999000000,97808.82,1.225100,BUY,5435
1736102219999000000,97789.61,2.203880,SELL,5436
1736102279999000000,97805.26,3.226010,BUY,5437
1736102339999000000,97847.36,2.195950,BUY,5438
1736102399999000000,97859.55,3.792830,BUY,5439
1736102459999000000,97840.01,2.414980,SELL,5440
1736102519999000000,97840.01,0.571310,BUY,5441
1736102579999000000,97844.07,0.591000,BUY,5442
1736102639999000000,97837.65,1.352290,SELL,5443
1736102699999000000,97837.66,0.594980,BUY,5444
1736102759999000000,97878.79,3.214010,BUY,5445
1736102819999000000,97892.97,1.687630,BUY,5446
1736102879999000000,97855.14,4.458090,SELL,5447
1736102939999000000,97843.11,2.039160,SELL,5448
1736102999999000000,97851.00,2.471080,BUY,5449
1736103059999000000,97861.94,1.366560,BUY,5450
1736103119999000000,97876.00,1.964070,BUY,5451
1736103179999000000,97863.78,1.450630,SELL,5452
1736103239999000000,97863.79,0.500060,BUY,5453
1736103299999000000,97875.63,1.464200,BUY,5454
1736103359999000000,97926.44,5.361220,BUY,5455
1736103419999000000,97913.31,5.167630,SELL,5456
1736103479999000000,97924.56,2.413970,BUY,5457
1736103539999000000,97925.44,0.631040,BUY,5458
1736103599999000000,97918.91,1.161970,SELL,5459
1736103659999000000,97881.12,5.311930,SELL,5460
1736103719999000000,97863.79,5.666500,SELL,5461
1736103779999000000,97871.99,2.146700,BUY,5462
1736103839999000000,97871.99,0.507320,BUY,5463
1736103899999000000,97871.99,0.561710,SELL,5464
1736103959999000000,97939.39,4.278640,BUY,5465
1736104019999000000,97999.31,9.091560,BUY,5466
1736104079999000000,97999.99,2.219480,BUY,5467
1736104139999000000,97999.99,4.565590,SELL,5468
1736104199999000000,98000.00,1.108740,BUY,5469
1736104259999000000,98009.69,6.221330,BUY,5470
1736104319999000000,98031.97,8.554570,BUY,5471
1736104379999000000,98028.71,2.172730,SELL,5472
1736104439999000000,98037.37,3.697020,BUY,5473
1736104499999000000,98037.38,1.235460,BUY,5474
1736104559999000000,98038.20,16.741520,BUY,5475
1736104619999000000,98099.99,17.429380,BUY,5476
1736104679999000000,98077.67,17.188130,SELL,5477
1736104739999000000,98033.61,7.242850,SELL,5478
1736104799999000000,98027.28,1.588270,SELL,5479
1736104859999000000,98021.98,9.343120,SELL,5480
1736104919999000000,98044.78,1.529950,BUY,5481
1736104979999000000,98001.48,3.866880,SELL,5482
1736105039999000000,98015.50,17.568110,BUY,5483
1736105099999000000,98021.93,3.640410,BUY,5484
1736105159999000000,98023.82,11.233100,BUY,5485
1736105219999000000,98058.03,2.405110,BUY,5486
1736105279999000000,98058.19,1.747140,BUY,5487
1736105339999000000,98057.85,1.932070,SELL,5488
1736105399999000000,98056.22,1.164620,SELL,5489
1736105459999000000,98009.01,2.998530,SELL,5490
1736105519999000000,97993.14,3.182600,SELL,5491
1736105579999000000,98016.02,8.834340,BUY,5492
1736105639999000000,98016.01,0.416990,BUY,5493
1736105699999000000,98012.28,14.866560,SELL,5494
1736105759999000000,98021.41,32.462250,BUY,5495
1736105819999000000,98000.42,4.754720,SELL,5496
1736105879999000000,97997.40,1.630070,SELL,5497
1736105939999000000,97997.40,1.154290,SELL,5498
1736105999999000000,98030.30,4.939620,BUY,5499
1736106059999000000,98068.13,3.000380,BUY,5500
1736106119999000000,98071.57,0.978110,BUY,5501
1736106179999000000,98056.02,3.457400,SELL,5502
1736106239999000000,98013.73,1.665980,SELL,5503
1736106299999000000,98017.03,2.686590,BUY,5504
1736106359999000000,98021.17,3.344590,BUY,5505
1736106419999000000,98016.99,1.387770,SELL,5506
1736106479999000000,97990.67,2.088580,SELL,5507
1736106539999000000,98000.33,2.765340,BUY,5508
1736106599999000000,97984.00,3.994280,SELL,5509
1736106659999000000,97996.21,2.538810,BUY,5510
1736106719999000000,98017.49,2.945140,BUY,5511
1736106779999000000,98008.51,3.066230,SELL,5512
1736106839999000000,98029.05,12.029570,BUY,5513
1736106899999000000,98029.06,5.544120,BUY,5514
1736106959999000000,98039.76,1.282830,BUY,5515
1736107019999000000,98043.99,0.847290,BUY,5516
1736107079999000000,98043.99,0.739720,BUY,5517
1736107139999000000,98048.00,0.991140,BUY,5518
1736107199999000000,98079.63,4.303060,BUY,5519
1736107259999000000,98099.99,5.866020,BUY,5520
1736107319999000000,98100.00,1.494000,BUY,5521
1736107379999000000,98085.07,4.124930,SELL,5522
1736107439999000000,98064.01,5.342070,SELL,5523
1736107499999000000,98024.01,2.924060,SELL,5524
1736107559999000000,98041.84,3.175700,BUY,5525
1736107619999000000,98068.05,3.451420,BUY,5526
1736107679999000000,98099.99,2.854530,BUY,5527
1736107739999000000,98100.00,0.643780,BUY,5528
1736107799999000000,98102.99,1.300190,BUY,5529
1736107859999000000,98135.13,6.522180,BUY,5530
1736107919999000000,98129.02,6.687820,SELL,5531
1736107979999000000,98128.60,3.962730,SELL,5532
1736108039999000000,98128.60,1.602080,BUY,5533
1736108099999000000,98128.61,0.401830,BUY,5534
1736108159999000000,98171.99,6.569180,BUY,5535
1736108219999000000,98172.00,1.148300,BUY,5536
1736108279999000000,98331.14,31.012960,BUY,5537
1736108339999000000,98599.99,154.124920,BUY,5538
1736108399999000000,98565.65,82.834420,SELL,5539
1736108459999000000,98536.77,19.113800,SELL,5540
1736108519999000000,98537.45,34.770770,BUY,5541
1736108579999000000,98545.45,10.702130,BUY,5542
1736108639999000000,98509.98,17.585890,SELL,5543
1736108699999000000,98514.15,13.785490,BUY,5544
1736108759999000000,98510.77,12.940340,SELL,5545
1736108819999000000,98530.04,21.936250,BUY,5546
1736108879999000000,98468.35,5.970880,SELL,5547
1736108939999000000,98487.85,3.580410,BUY,5548
1736108999999000000,98482.49,4.107680,SELL,5549
1736109059999000000,98413.04,10.067140,SELL,5550
1736109119999000000,98386.88,8.978820,SELL,5551
1736109179999000000,98429.86,14.420010,BUY,5552
1736109239999000000,98404.74,8.834420,SELL,5553
1736109299999000000,98357.01,3.382150,SELL,5554
1736109359999000000,98350.67,6.442150,SELL,5555
1736109419999000000,98349.78,3.169340,SELL,5556
1736109479999000000,98387.18,4.435540,BUY,5557
1736109539999000000,98378.25,9.673770,SELL,5558
1736109599999000000,98395.79,3.662750,BUY,5559
1736109659999000000,98368.39,2.796910,SELL,5560
1736109719999000000,98359.49,2.596610,SELL,5561
1736109779999000000,98341.18,2.192750,SELL,5562
1736109839999000000,98358.19,2.242430,BUY,5563
1736109899999000000,98344.06,2.649230,SELL,5564
1736109959999000000,98354.73,1.301440,BUY,5565
1736110019999000000,98345.13,3.417150,SELL,5566
1736110079999000000,98256.00,7.054400,SELL,5567
1736110139999000000,98169.74,18.733230,SELL,5568
1736110199999000000,98237.20,17.942790,BUY,5569
1736110259999000000,98271.73,1.902010,BUY,5570
1736110319999000000,98252.00,18.879670,SELL,5571
1736110379999000000,98194.21,23.575640,SELL,5572
1736110439999000000,98221.94,4.815930,BUY,5573
1736110499999000000,98221.94,0.355200,BUY,5574
1736110559999000000,98234.67,5.851920,BUY,5575
1736110619999000000,98249.99,1.452800,BUY,5576
1736110679999000000,98272.72,8.615640,BUY,5577
1736110739999000000,98256.97,4.254230,SELL,5578
1736110799999000000,98275.71,6.228840,BUY,5579
1736173859999000000,98987.51,47.840500,SELL,6630
1736173919999000000,98888.01,31.348270,SELL,6631
1736173979999000000,98984.66,50.948150,BUY,6632
1736174039999000000,99184.00,30.801230,BUY,6633
1736174099999000000,99285.12,73.296440,BUY,6634
1736174159999000000,99033.93,58.486050,SELL,6635
1736174219999000000,98982.70,78.257380,SELL,6636
1736174279999000000,99106.00,44.151600,BUY,6637
1736174339999000000,99099.44,38.208890,SELL,6638
1736174399999000000,99116.00,24.686790,BUY,6639
1736174459999000000,99379.99,39.579010,BUY,6640
1736174519999000000,99487.99,44.305910,BUY,6641
1736174579999000000,99512.00,43.523070,BUY,6642
1736174639999000000,99589.90,32.861530,BUY,6643
1736174699999000000,99527.81,35.254900,SELL,6644
1736174759999000000,99782.51,95.738710,BUY,6645
1736174819999000000,99787.54,44.408280,BUY,6646
1736174879999000000,99863.38,28.388360,BUY,6647
1736174939999000000,100249.99,319.876380,BUY,6648
1736174999999000000,100489.99,393.738540,BUY,6649
1736175059999000000,100440.72,162.384510,SELL,6650
1736175119999000000,100719.03,143.510170,BUY,6651
1736175179999000000,100767.17,107.013140,BUY,6652
1736175239999000000,100928.69,137.309410,BUY,6653
1736175299999000000,101020.18,217.300610,BUY,6654
1736175359999000000,101022.53,100.324290,BUY,6655
1736175419999000000,101051.34,82.401300,BUY,6656
1736175479999000000,101029.61,151.746860,SELL,6657
1736175539999000000,100963.61,75.805500,SELL,6658
1736175599999000000,100737.03,105.168030,SELL,6659
1736175659999000000,100593.82,95.375740,SELL,6660
1736175719999000000,100699.28,92.706890,BUY,6661
1736175779999000000,100919.17,68.001540,BUY,6662
1736175839999000000,101027.36,86.495940,BUY,6663
1736175899999000000,100974.75,62.555060,SELL,6664
1736175959999000000,100920.81,66.940680,SELL,6665
1736176019999000000,101009.29,117.899540,BUY,6666
1736176079999000000,101005.59,64.382020,SELL,6667
1736176139999000000,101057.40,58.165470,BUY,6668
1736176199999000000,101085.58,36.494620,BUY,6669
1736176259999000000,101097.08,90.867320,BUY,6670
1736176319999000000,101090.90,86.645710,SELL,6671
1736176379999000000,101097.31,37.654970,BUY,6672
1736176439999000000,101242.38,89.978290,BUY,6673
1736176499999000000,101253.83,89.196100,BUY,6674
1736176559999000000,101217.45,98.134340,SELL,6675
1736176619999000000,101152.27,56.031510,SELL,6676
1736176679999000000,101315.30,74.108020,BUY,6677
1736176739999000000,101384.16,95.920310,BUY,6678
1736176799999000000,101483.88,44.805950,BUY,6679
1736176859999000000,101483.99,68.047110,BUY,6680
1736176919999000000,101454.55,42.820220,SELL,6681
1736176979999000000,101457.34,58.893680,BUY,6682
1736177039999000000,101348.22,40.496740,SELL,6683
1736177099999000000,101342.79,31.982040,SELL,6684
1736177159999000000,101491.30,93.776190,BUY,6685
1736177219999000000,101574.53,63.880570,BUY,6686
1736177279999000000,101572.61,38.331390,SELL,6687
1736177339999000000,101612.01,33.135400,BUY,6688
1736177399999000000,101678.10,38.504220,BUY,6689
1736177459999000000,101804.46,85.801150,BUY,6690
1736177519999000000,101710.34,122.516240,SELL,6691
1736177579999000000,101756.40,41.884640,BUY,6692
1736177639999000000,101810.76,33.297160,BUY,6693
1736177699999000000,101814.29,57.449010,BUY,6694
1736177759999000000,101820.29,39.334390,BUY,6695
1736177819999000000,101838.88,47.459280,BUY,6696
1736177879999000000,101899.99,61.407580,BUY,6697
1736177939999000000,101876.88,41.640180,SELL,6698
1736177999999000000,101703.25,65.551010,SELL,6699
1736178059999000000,101862.91,30.248350,BUY,6700
1736178119999000000,101847.26,50.405570,SELL,6701
1736178179999000000,101885.24,45.787940,BUY,6702
1736178239999000000,101912.16,66.977070,BUY,6703
1736178299999000000,101969.51,19.855550,BUY,6704
1736178359999000000,102172.99,148.020410,BUY,6705
1736178419999000000,102052.42,45.364600,SELL,6706
1736178479999000000,101884.10,63.409940,SELL,6707
1736178539999000000,101965.76,48.003470,BUY,6708
1736178599999000000,101962.89,41.846130,SELL,6709
1736178659999000000,102057.61,47.398350,BUY,6710
1736178719999000000,102106.30,42.119280,BUY,6711
1736178779999000000,102320.01,66.906310,BUY,6712
1736178839999000000,102401.93,51.963020,BUY,6713
1736178899999000000,102357.20,68.491230,SELL,6714
1736178959999000000,102315.66,75.363270,SELL,6715
1736179019999000000,102149.99,44.487010,SELL,6716
1736179079999000000,102140.02,28.322980,SELL,6717
1736179139999000000,102224.69,20.378420,BUY,6718
1736179199999000000,102147.95,41.052270,SELL,6719
1736179259999000000,102111.01,70.157010,SELL,6720
1736179319999000000,102166.23,76.736910,BUY,6721
1736179379999000000,102038.61,63.858340,SELL,6722
1736179439999000000,102087.55,37.617410,BUY,6723
1736179499999000000,102110.82,36.668250,BUY,6724
1736179559999000000,102134.58,36.896310,BUY,6725
1736179619999000000,102203.82,64.946370,BUY,6726
1736179679999000000,102228.19,21.018000,BUY,6727
1736179739999000000,102227.50,26.320640,SELL,6728
1736179799999000000,102404.53,85.067950,BUY,6729
1736179859999000000,102442.48,72.605570,BUY,6730
1736179919999000000,102370.23,29.856850,SELL,6731
1736179979999000000,102210.23,31.720380,SELL,6732
1736180039999000000,102216.20,31.828810,BUY,6733
1736180099999000000,102198.37,63.686710,SELL,6734
1736180159999000000,102239.99,24.912300,BUY,6735
1736180219999000000,102306.94,18.292910,BUY,6736
1736180279999000000,102220.43,26.091440,SELL,6737
1736180339999000000,102156.09,17.050770,SELL,6738
1736180399999000000,102289.94,26.772200,BUY,6739
1736180459999000000,102320.14,27.278520,BUY,6740
1736180519999000000,102303.92,18.729760,SELL,6741
1736180579999000000,102344.75,52.145370,BUY,6742
1736180639999000000,102349.12,16.560080,BUY,6743
1736180699999000000,102419.98,26.280100,BUY,6744
1736180759999000000,102413.97,13.027160,SELL,6745
1736180819999000000,102411.62,27.153260,SELL,6746
1736180879999000000,102414.24,14.545620,BUY,6747
1736180939999000000,102449.62,22.400880,BUY,6748
1736180999999000000,102440.02,51.543330,SELL,6749
1736181059999000000,102423.07,25.496170,SELL,6750
1736181119999000000,102426.41,20.726820,BUY,6751
1736181179999000000,102466.59,17.709330,BUY,6752
1736181239999000000,102459.99,18.308810,SELL,6753
1736181299999000000,102421.83,19.245740,SELL,6754
1736181359999000000,102193.79,51.416520,SELL,6755
1736181419999000000,102283.23,23.386520,BUY,6756
1736181479999000000,102168.51,23.413330,SELL,6757
1736181539999000000,102145.00,18.875280,SELL,6758
1736181599999000000,102152.13,48.559130,BUY,6759
1736181659999000000,102074.77,24.052810,SELL,6760
1736181719999000000,102095.50,21.763600,BUY,6761
1736181779999000000,102033.22,21.926570,SELL,6762
1736181839999000000,101959.98,39.319120,SELL,6763
1736181899999000000,101883.16,66.304090,SELL,6764
1736181959999000000,101967.71,56.326770,BUY,6765
1736182019999000000,101870.21,33.396100,SELL,6766
1736182079999000000,101796.12,57.006040,SELL,6767
1736182139999000000,101795.30,34.841660,SELL,6768
1736182199999000000,101883.84,65.873300,BUY,6769
1736182259999000000,101956.10,56.533620,BUY,6770
1736182319999000000,102201.75,56.731030,BUY,6771
1736182379999000000,102140.10,21.099840,SELL,6772
1736182439999000000,102146.94,42.436950,BUY,6773
1736182499999000000,102270.00,30.423110,BUY,6774
1736182559999000000,102156.01,42.438600,SELL,6775
1736182619999000000,102087.27,18.954830,SELL,6776
1736182679999000000,102127.36,24.007130,BUY,6777
1736182739999000000,102125.80,20.422480,SELL,6778
1736182799999000000,102158.67,12.825650,BUY,6779
1736182859999000000,102047.02,31.337550,SELL,6780
1736182919999000000,102041.96,19.773710,SELL,6781
1736182979999000000,102075.28,14.494940,BUY,6782
1736183039999000000,102011.02,26.141190,SELL,6783
1736183099999000000,101949.94,17.513310,SELL,6784
1736183159999000000,101921.86,29.160310,SELL,6785
1736183219999000000,101875.34,25.367800,SELL,6786
1736183279999000000,101896.02,44.745290,BUY,6787
1736183339999000000,101985.06,38.799110,BUY,6788
1736183399999000000,102027.54,82.803260,BUY,6789
1736183459999000000,101975.49,13.917120,SELL,6790
1736183519999000000,102000.83,14.327710,BUY,6791
1736183579999000000,101975.95,20.423120,SELL,6792
1736183639999000000,102014.93,17.061940,BUY,6793
1736183699999000000,101900.01,14.078480,SELL,6794
1736183759999000000,101865.85,25.634010,SELL,6795
1736183819999000000,101890.84,16.935860,BUY,6796
1736183879999000000,101896.88,10.597870,BUY,6797
1736183939999000000,101835.85,13.595390,SELL,6798
1736183999999000000,101790.62,24.056190,SELL,6799
1736184059999000000,101873.96,40.802270,BUY,6800
1736184119999000000,101954.94,18.042730,BUY,6801
1736184179999000000,101984.33,25.072020,BUY,6802
1736184239999000000,102001.21,29.330560,BUY,6803
1736184299999000000,101994.84,22.559070,SELL,6804
1736184359999000000,101973.11,19.114340,SELL,6805
1736184419999000000,101840.51,15.837130,SELL,6806
1736184479999000000,101866.84,17.065580,BUY,6807
1736184539999000000,101790.63,13.075580,SELL,6808
1736184599999000000,101830.53,10.970330,BUY,6809
1736184659999000000,101789.23,14.132260,SELL,6810
1736184719999000000,101763.72,9.639460,SELL,6811
1736184779999000000,101805.25,29.264400,BUY,6812
1736184839999000000,101949.99,10.187810,BUY,6813
1736184899999000000,101961.73,12.312710,BUY,6814
1736184959999000000,101829.86,24.511450,SELL,6815
1736185019999000000,101744.24,19.617900,SELL,6816
1736185079999000000,101684.36,55.597280,SELL,6817
1736185139999000000,101683.99,40.193950,SELL,6818
1736185199999000000,101526.42,84.364410,SELL,6819
1736185259999000000,101502.99,91.072810,SELL,6820
1736185319999000000,101371.41,36.695880,SELL,6821
1736185379999000000,101284.42,75.253440,SELL,6822
1736185439999000000,101305.88,25.429510,BUY,6823
1736185499999000000,101414.70,17.659460,BUY,6824
1736185559999000000,101438.38,28.307450,BUY,6825
1736185619999000000,101598.04,40.647530,BUY,6826
1736185679999000000,101682.87,23.735590,BUY,6827
1736185739999000000,101601.01,20.279410,SELL,6828
1736185799999000000,101630.01,11.132030,BUY,6829
1736185859999000000,101565.36,22.370170,SELL,6830
1736185919999000000,101592.12,15.164700,BUY,6831
1736185979999000000,101614.96,10.812910,BUY,6832
1736186039999000000,101647.36,10.842770,BUY,6833
1736186099999000000,101711.38,23.175760,BUY,6834
1736186159999000000,101734.26,13.635040,BUY,6835
1736186219999000000,101706.40,6.490050,SELL,6836
1736186279999000000,101790.63,9.451550,BUY,6837
1736186339999000000,101820.72,10.714340,BUY,6838
1736186399999000000,101831.95,11.726330,BUY,6839
1736186459999000000,101765.82,15.145890,SELL,6840
1736186519999000000,101677.61,27.119660,SELL,6841
1736186579999000000,101727.71,36.020480,BUY,6842
1736186639999000000,101805.29,19.658760,BUY,6843
1736186699999000000,101786.81,15.751160,SELL,6844
1736186759999000000,101787.88,7.672820,BUY,6845
1736186819999000000,101727.27,12.247210,SELL,6846
1736186879999000000,101791.44,12.655600,BUY,6847
1736186939999000000,101843.74,7.832900,BUY,6848
1736186999999000000,101914.10,9.988850,BUY,6849
1736187059999000000,101919.19,11.518900,BUY,6850
1736187119999000000,101860.01,15.236960,SELL,6851
1736187179999000000,101859.05,8.020640,SELL,6852
1736187239999000000,101937.48,5.283460,BUY,6853
1736187299999000000,101945.76,8.152700,BUY,6854
1736187359999000000,101944.91,11.042610,SELL,6855
1736187419999000000,101919.62,12.562980,SELL,6856
1736187479999000000,101882.49,10.492590,SELL,6857
1736187539999000000,101917.42,38.800390,BUY,6858
1736187599999000000,101922.33,5.209040,BUY,6859
1736187659999000000,101957.69,7.536060,BUY,6860
1736187719999000000,101959.05,14.081000,BUY,6861
1736187779999000000,101985.29,91.745540,BUY,6862
1736187839999000000,101987.73,14.807860,BUY,6863
1736187899999000000,101905.45,11.057480,SELL,6864
1736187959999000000,101938.98,9.937950,BUY,6865
1736188019999000000,101889.56,8.200350,SELL,6866
1736188079999000000,101938.93,5.129200,BUY,6867
1736188139999000000,101886.07,7.393500,SELL,6868
1736188199999000000,101933.84,18.497340,BUY,6869
1736188259999000000,101949.77,8.245370,BUY,6870
1736188319999000000,101896.87,25.445870,SELL,6871
1736188379999000000,101851.36,9.246150,SELL,6872
1736188439999000000,101903.77,10.327050,BUY,6873
1736188499999000000,101896.87,6.741850,SELL,6874
1736188559999000000,101931.66,9.718220,BUY,6875
1736188619999000000,101984.22,5.052540,BUY,6876
1736188679999000000,101998.99,4.925760,BUY,6877
1736188739999000000,102052.00,8.695250,BUY,6878
1736188799999000000,102047.86,10.487470,SELL,6879
1736188859999000000,102019.90,12.099070,SELL,6880
1736188919999000000,102023.99,10.919980,BUY,6881
1736188979999000000,101969.65,12.987160,SELL,6882
1736189039999000000,102026.67,8.556800,BUY,6883
1736189099999000000,101954.15,7.812390,SELL,6884
1736189159999000000,101787.33,30.062670,SELL,6885
1736189219999000000,101896.88,26.023340,BUY,6886
1736189279999000000,101945.78,13.626770,BUY,6887
1736189339999000000,101872.24,8.586370,SELL,6888
1736189399999000000,101705.71,14.593260,SELL,6889
1736189459999000000,101698.10,19.608120,SELL,6890
1736189519999000000,101864.98,10.243830,BUY,6891
1736189579999000000,101895.62,9.392060,BUY,6892
1736189639999000000,101928.31,8.225910,BUY,6893
1736189699999000000,101866.27,10.069930,SELL,6894
1736189759999000000,101907.98,9.373230,BUY,6895
1736189819999000000,101866.05,7.035270,SELL,6896
1736189879999000000,101820.02,11.843830,SELL,6897
1736189939999000000,101828.84,11.776670,BUY,6898
1736189999999000000,101738.80,13.783530,SELL,6899
1736190059999000000,101714.37,13.220810,SELL,6900
1736190119999000000,101657.61,13.894510,SELL,6901
1736190179999000000,101720.28,22.234760,BUY,6902
1736190239999000000,101792.00,12.160550,BUY,6903
1736190299999000000,101699.36,10.397960,SELL,6904
1736190359999000000,101836.32,14.895930,BUY,6905
1736190419999000000,101743.66,24.354740,SELL,6906
1736190479999000000,101856.00,9.999150,BUY,6907
1736190539999000000,101851.92,8.381860,SELL,6908
1736190599999000000,101860.83,4.314560,BUY,6909
1736190659999000000,101775.81,13.468380,SELL,6910
1736190719999000000,101813.26,5.507830,BUY,6911
1736190779999000000,101937.94,8.022670,BUY,6912
1736190839999000000,101927.68,9.145240,SELL,6913
1736190899999000000,101921.58,5.756660,SELL,6914
1736190959999000000,101999.99,8.816240,BUY,6915
1736191019999000000,101985.64,11.039330,SELL,6916
1736191079999000000,102024.65,10.289660,BUY,6917
1736191139999000000,102009.79,16.574060,SELL,6918
1736191199999000000,101996.80,15.049820,SELL,6919
1736191259999000000,101974.49,20.977700,SELL,6920
1736191319999000000,101896.88,16.402980,SELL,6921
1736191379999000000,101910.03,14.989160,BUY,6922
1736191439999000000,101942.52,3.673670,BUY,6923
1736191499999000000,101926.13,15.445100,SELL,6924
1736191559999000000,101878.76,7.591530,SELL,6925
1736191619999000000,101852.73,7.303630,SELL,6926
1736191679999000000,101931.98,9.378260,BUY,6927
1736191739999000000,101939.39,6.618240,BUY,6928
1736191799999000000,101892.96,5.771020,SELL,6929
1736191859999000000,101887.54,9.298360,SELL,6930
1736191919999000000,101810.47,18.219870,SELL,6931
1736191979999000000,101781.05,11.029450,SELL,6932
1736192039999000000,101782.08,7.629130,BUY,6933
1736192099999000000,101814.03,11.273330,BUY,6934
1736192159999000000,101804.45,14.631370,SELL,6935
1736192219999000000,101843.74,6.153640,BUY,6936
1736192279999000000,101807.53,7.016170,SELL,6937
1736192339999000000,101924.37,6.078440,BUY,6938
1736192399999000000,101902.95,7.774940,SELL,6939
1736192459999000000,101934.22,11.348630,BUY,6940
1736192519999000000,101945.40,6.505530,BUY,6941
1736192579999000000,101938.02,8.052830,SELL,6942
1736192639999000000,101975.99,8.197490,BUY,6943
1736192699999000000,102009.78,14.441430,BUY,6944
1736192759999000000,101975.00,18.304660,SELL,6945
1736192819999000000,101978.60,3.739710,BUY,6946
1736192879999000000,101944.54,10.460560,SELL,6947
1736192939999000000,101932.53,4.238110,SELL,6948
1736192999999000000,101861.42,9.201020,SELL,6949
1736193059999000000,101852.15,5.612040,SELL,6950
1736193119999000000,101810.00,10.300110,SELL,6951
1736193179999000000,101805.78,5.076290,SELL,6952
1736193239999000000,101854.45,10.681340,BUY,6953
1736193299999000000,101821.02,19.587780,SELL,6954
1736193359999000000,101848.49,7.590160,BUY,6955
1736193419999000000,101859.62,8.495680,BUY,6956
1736193479999000000,101750.62,5.669570,SELL,6957
1736193539999000000,101802.46,13.465760,BUY,6958
1736193599999000000,101817.22,5.430730,BUY,6959
1736193659999000000,101940.49,60.961120,BUY,6960
1736193719999000000,101968.03,16.666860,BUY,6961
1736193779999000000,101978.37,6.590960,BUY,6962
1736193839999000000,102000.00,37.536280,BUY,6963
1736193899999000000,102012.96,39.324860,BUY,6964
1736193959999000000,102004.91,16.361060,SELL,6965
1736194019999000000,102018.20,15.755020,BUY,6966
1736194079999000000,101999.16,16.466810,SELL,6967
1736194139999000000,102043.07,10.921850,BUY,6968
1736194199999000000,102039.73,8.049880,SELL,6969
1736194259999000000,102039.55,10.012280,SELL,6970
1736194319999000000,102031.25,7.461950,SELL,6971
1736194379999000000,102075.99,16.959100,BUY,6972
1736194439999000000,102123.35,31.554750,BUY,6973
1736194499999000000,102181.82,7.334580,BUY,6974
1736194559999000000,102179.56,18.110220,SELL,6975
1736194619999000000,102195.68,9.109700,BUY,6976
1736194679999000000,102194.75,8.773590,SELL,6977
1736194739999000000,102181.48,16.661420,SELL,6978
1736194799999000000,102193.19,13.011870,BUY,6979
1736194859999000000,102224.18,36.534280,BUY,6980
1736194919999000000,102213.29,9.586850,SELL,6981
1736194979999000000,102202.23,13.192120,SELL,6982
1736195039999000000,102271.52,13.030170,BUY,6983
1736195099999000000,102318.49,21.553470,BUY,6984
1736195159999000000,102220.01,19.188860,SELL,6985
1736195219999000000,102205.40,12.395080,SELL,6986
1736195279999000000,102099.39,21.958340,SELL,6987
1736195339999000000,102096.97,16.422010,SELL,6988
1736195399999000000,102114.94,13.034490,BUY,6989
1736195459999000000,102066.97,24.342120,SELL,6990
1736195519999000000,102031.64,19.985110,SELL,6991
1736195579999000000,102106.36,16.135850,BUY,6992
1736195639999000000,102139.71,12.216720,BUY,6993
1736195699999000000,102204.97,14.707470,BUY,6994
1736195759999000000,102226.20,15.956230,BUY,6995
1736195819999000000,102172.46,21.967670,SELL,6996
1736195879999000000,102097.79,12.893000,SELL,6997
1736195939999000000,101961.68,28.583540,SELL,6998
1736195999999000000,101972.77,39.789590,BUY,6999
1736196059999000000,102030.16,25.328210,BUY,7000
1736196119999000000,102053.31,26.438170,BUY,7001
1736196179999000000,102059.34,23.702970,BUY,7002
1736196239999000000,102028.89,13.166290,SELL,7003
1736196299999000000,102018.52,23.315280,SELL,7004
1736196359999000000,102017.16,24.907630,SELL,7005
1736196419999000000,101910.59,26.960130,SELL,7006
1736196479999000000,101888.24,36.856010,SELL,7007
1736196539999000000,101969.69,31.876240,BUY,7008
1736196599999000000,101871.54,15.318540,SELL,7009
1736196659999000000,101970.11,64.016870,BUY,7010
1736196719999000000,102053.97,23.457740,BUY,7011
1736196779999000000,102046.45,16.164940,SELL,7012
1736196839999000000,102103.38,29.796950,BUY,7013
1736196899999000000,102115.27,34.667230,BUY,7014
1736196959999000000,102054.48,37.263920,SELL,7015
1736197019999000000,102038.87,16.475100,SELL,7016
1736197079999000000,102037.77,19.669880,SELL,7017
1736197139999000000,102063.55,23.172390,BUY,7018
1736197199999000000,102127.38,194.892210,BUY,7019
1736260259999000000,100620.00,28.599810,SELL,8070
1736260319999000000,100710.16,23.065520,BUY,8071
1736260379999000000,100695.72,41.256030,SELL,8072
1736260439999000000,100637.81,22.468990,SELL,8073
1736260499999000000,100437.16,136.123040,SELL,8074
1736260559999000000,100448.44,68.622360,BUY,8075
1736260619999000000,100319.56,61.485920,SELL,8076
1736260679999000000,100323.30,96.588340,BUY,8077
1736260739999000000,100439.81,36.029160,BUY,8078
1736260799999000000,100495.53,71.799440,BUY,8079
1736260859999000000,100446.93,51.526560,SELL,8080
1736260919999000000,100675.24,80.342740,BUY,8081
1736260979999000000,100598.34,32.305110,SELL,8082
1736261039999000000,100771.37,32.005350,BUY,8083
1736261099999000000,100716.61,50.416370,SELL,8084
1736261159999000000,100766.23,45.874120,BUY,8085
1736261219999000000,100566.88,44.979760,SELL,8086
1736261279999000000,100539.26,71.118040,SELL,8087
1736261339999000000,100644.38,74.013420,BUY,8088
1736261399999000000,100493.95,78.898110,SELL,8089
1736261459999000000,100428.00,75.633140,SELL,8090
1736261519999000000,100400.00,67.241060,SELL,8091
1736261579999000000,100464.26,36.055690,BUY,8092
1736261639999000000,100261.55,78.220680,SELL,8093
1736261699999000000,100330.06,41.598210,BUY,8094
1736261759999000000,100272.16,31.870440,SELL,8095
1736261819999000000,100048.00,196.505540,SELL,8096
1736261879999000000,100038.19,116.596940,SELL,8097
1736261939999000000,99950.63,112.645630,SELL,8098
1736261999999000000,99979.69,252.496830,BUY,8099
1736262059999000000,99831.42,158.912850,SELL,8100
1736262119999000000,99290.80,326.529800,SELL,8101
1736262179999000000,99808.00,182.131390,BUY,8102
1736262239999000000,99697.82,103.492420,SELL,8103
1736262299999000000,99500.00,66.657920,SELL,8104
1736262359999000000,99345.36,167.145470,SELL,8105
1736262419999000000,99283.61,176.627490,SELL,8106
1736262479999000000,98987.48,277.943100,SELL,8107
1736262539999000000,99143.99,192.816690,BUY,8108
1736262599999000000,99046.07,158.049500,SELL,8109
1736262659999000000,98661.57,388.111830,SELL,8110
1736262719999000000,98521.49,452.790180,SELL,8111
1736262779999000000,98712.81,306.509750,BUY,8112
1736262839999000000,98809.99,205.667590,BUY,8113
1736262899999000000,98592.43,208.398220,SELL,8114
1736262959999000000,98181.07,255.678720,SELL,8115
1736263019999000000,98403.00,180.657360,BUY,8116
1736263079999000000,98316.83,134.491230,SELL,8117
1736263139999000000,98399.21,117.179010,BUY,8118
1736263199999000000,98729.44,118.155310,BUY,8119
1736263259999000000,98684.00,87.198120,SELL,8120
1736263319999000000,98521.19,102.593210,SELL,8121
1736263379999000000,98440.00,136.296740,SELL,8122
1736263439999000000,98364.41,88.887640,SELL,8123
1736263499999000000,98434.34,79.979810,BUY,8124
1736263559999000000,98544.01,125.807420,BUY,8125
1736263619999000000,98738.55,129.718290,BUY,8126
1736263679999000000,98628.98,65.305590,SELL,8127
1736263739999000000,98477.46,117.130170,SELL,8128
1736263799999000000,98457.16,54.859080,SELL,8129
1736263859999000000,98482.63,105.769460,BUY,8130
1736263919999000000,98383.74,47.450790,SELL,8131
1736263979999000000,98309.97,81.915220,SELL,8132
1736264039999000000,98295.37,93.731680,SELL,8133
1736264099999000000,98108.79,222.185540,SELL,8134
1736264159999000000,98033.16,221.964180,SELL,8135
1736264219999000000,98129.78,96.440510,BUY,8136
1736264279999000000,98084.00,89.220030,SELL,8137
1736264339999000000,97921.10,68.296510,SELL,8138
1736264399999000000,97763.16,304.073840,SELL,8139
1736264459999000000,97898.56,139.878170,BUY,8140
1736264519999000000,97880.82,89.891080,SELL,8141
1736264579999000000,97539.97,226.475810,SELL,8142
1736264639999000000,97707.33,173.101560,BUY,8143
1736264699999000000,97568.37,111.256980,SELL,8144
1736264759999000000,97532.56,318.944580,SELL,8145
1736264819999000000,97748.08,140.671530,BUY,8146
1736264879999000000,97560.43,123.654600,SELL,8147
1736264939999000000,97705.79,110.260720,BUY,8148
1736264999999000000,97989.51,70.117640,BUY,8149
1736265059999000000,97990.20,70.181410,BUY,8150
1736265119999000000,98100.02,63.382620,BUY,8151
1736265179999000000,98268.24,98.378920,BUY,8152
1736265239999000000,98100.02,96.820840,SELL,8153
1736265299999000000,98050.13,109.989050,SELL,8154
1736265359999000000,98064.21,61.499590,BUY,8155
1736265419999000000,98057.26,71.099230,SELL,8156
1736265479999000000,98000.00,57.075090,SELL,8157
1736265539999000000,98007.94,31.686810,BUY,8158
1736265599999000000,97952.26,30.993430,SELL,8159
1736265659999000000,97726.23,121.743350,SELL,8160
1736265719999000000,98094.94,82.706450,BUY,8161
1736265779999000000,97881.99,53.333050,SELL,8162
1736265839999000000,97869.66,53.478240,SELL,8163
1736265899999000000,97887.31,182.581620,BUY,8164
1736265959999000000,97812.86,121.886680,SELL,8165
1736266019999000000,97920.01,33.938940,BUY,8166
1736266079999000000,97817.08,34.449150,SELL,8167
1736266139999000000,98023.87,29.930060,BUY,8168
1736266199999000000,98010.88,69.182830,SELL,8169
1736266259999000000,97896.29,44.885100,SELL,8170
1736266319999000000,97630.69,80.861670,SELL,8171
1736266379999000000,97678.87,54.812970,BUY,8172
1736266439999000000,97775.13,38.038310,BUY,8173
1736266499999000000,97831.69,33.328700,BUY,8174
1736266559999000000,97794.06,48.225330,SELL,8175
1736266619999000000,97840.00,28.695090,BUY,8176
1736266679999000000,97782.81,39.549640,SELL,8177
1736266739999000000,97702.18,35.068770,SELL,8178
1736266799999000000,97707.05,28.083700,BUY,8179
1736266859999000000,97899.99,34.838990,BUY,8180
1736266919999000000,97942.83,30.461820,BUY,8181
1736266979999000000,97962.60,41.517410,BUY,8182
1736267039999000000,97904.92,29.415860,SELL,8183
1736267099999000000,97985.13,16.141280,BUY,8184
1736267159999000000,98004.00,27.854910,BUY,8185
1736267219999000000,97997.74,18.771060,SELL,8186
1736267279999000000,97960.89,29.170210,SELL,8187
1736267339999000000,97980.05,15.239630,BUY,8188
1736267399999000000,98013.38,26.342230,BUY,8189
1736267459999000000,97917.15,28.147020,SELL,8190
1736267519999000000,98010.09,38.625510,BUY,8191
1736267579999000000,98089.55,22.436580,BUY,8192
1736267639999000000,98111.34,31.604880,BUY,8193
1736267699999000000,98021.69,27.794380,SELL,8194
1736267759999000000,97877.48,31.415910,SELL,8195
1736267819999000000,97863.00,57.010950,SELL,8196
1736267879999000000,98000.93,20.282010,BUY,8197
1736267939999000000,98050.58,16.626090,BUY,8198
1736267999999000000,98271.99,27.938610,BUY,8199
1736268059999000000,98343.41,41.710150,BUY,8200
1736268119999000000,98214.50,69.454770,SELL,8201
1736268179999000000,98290.38,32.247990,BUY,8202
1736268239999000000,98204.53,32.892790,SELL,8203
1736268299999000000,98200.00,41.199320,SELL,8204
1736268359999000000,98146.54,19.496430,SELL,8205
1736268419999000000,98139.86,16.066910,SELL,8206
1736268479999000000,98185.48,26.939290,BUY,8207
1736268539999000000,98035.29,32.180700,SELL,8208
1736268599999000000,97945.44,71.521770,SELL,8209
1736268659999000000,97837.11,33.385050,SELL,8210
1736268719999000000,97750.01,32.629890,SELL,8211
1736268779999000000,97837.68,21.661770,BUY,8212
1736268839999000000,97792.15,29.968080,SELL,8213
1736268899999000000,97793.77,12.708210,BUY,8214
1736268959999000000,97779.70,17.820160,SELL,8215
1736269019999000000,97802.88,25.365370,BUY,8216
1736269079999000000,97804.79,13.778360,BUY,8217
1736269139999000000,97755.49,33.522630,SELL,8218
1736269199999000000,97733.58,11.818670,SELL,8219
1736269259999000000,97721.30,27.321030,SELL,8220
1736269319999000000,97750.14,27.343210,BUY,8221
1736269379999000000,97726.65,40.859540,SELL,8222
1736269439999000000,97749.13,26.568700,BUY,8223
1736269499999000000,97637.25,45.476900,SELL,8224
1736269559999000000,97633.22,27.519110,SELL,8225
1736269619999000000,97576.00,34.636780,SELL,8226
1736269679999000000,97456.95,66.603320,SELL,8227
1736269739999000000,97505.69,20.666440,BUY,8228
1736269799999000000,97448.74,24.757250,SELL,8229
1736269859999000000,97408.86,48.774030,SELL,8230
1736269919999000000,97441.61,17.188570,BUY,8231
1736269979999000000,97552.09,19.641640,BUY,8232
1736270039999000000,97464.39,23.293110,SELL,8233
1736270099999000000,97385.44,27.917260,SELL,8234
1736270159999000000,97318.62,38.047820,SELL,8235
1736270219999000000,97320.05,33.471840,BUY,8236
1736270279999000000,97424.03,27.618310,BUY,8237
1736270339999000000,97493.13,33.418120,BUY,8238
1736270399999000000,97474.65,24.328850,SELL,8239
1736270459999000000,97404.90,24.031460,SELL,8240
1736270519999000000,97422.01,19.780370,BUY,8241
1736270579999000000,97330.41,21.026770,SELL,8242
1736270639999000000,97362.90,29.925230,BUY,8243
1736270699999000000,97372.57,15.250740,BUY,8244
1736270759999000000,97364.76,20.258710,SELL,8245
1736270819999000000,97251.78,27.467330,SELL,8246
1736270879999000000,97320.99,26.033140,BUY,8247
1736270939999000000,97250.36,20.302780,SELL,8248
1736270999999000000,97320.81,18.230520,BUY,8249
1736271059999000000,97292.04,50.584760,SELL,8250
1736271119999000000,97292.34,17.891110,BUY,8251
1736271179999000000,97290.01,18.464640,SELL,8252
1736271239999000000,97262.54,33.828090,SELL,8253
1736271299999000000,97223.44,18.637570,SELL,8254
1736271359999000000,97229.38,36.144170,BUY,8255
1736271419999000000,97252.77,17.356260,BUY,8256
1736271479999000000,97139.52,29.554980,SELL,8257
1736271539999000000,97123.49,316.873280,SELL,8258
1736271599999000000,97411.75,54.926640,BUY,8259
1736271659999000000,97519.32,57.965250,BUY,8260
1736271719999000000,97500.50,30.980930,SELL,8261
1736271779999000000,97404.00,33.544600,SELL,8262
1736271839999000000,97280.81,16.683730,SELL,8263
1736271899999000000,97229.98,13.748530,SELL,8264
1736271959999000000,97248.18,25.693920,BUY,8265
1736272019999000000,96889.67,133.304660,SELL,8266
1736272079999000000,96899.57,42.140290,BUY,8267
1736272139999000000,96962.39,219.231070,BUY,8268
1736272199999000000,96955.04,42.152410,SELL,8269
1736272259999000000,97038.78,51.679130,BUY,8270
1736272319999000000,96954.37,45.449790,SELL,8271
1736272379999000000,97000.00,26.881770,BUY,8272
1736272439999000000,97033.99,30.422520,BUY,8273
1736272499999000000,97175.63,51.037840,BUY,8274
1736272559999000000,97219.80,16.289260,BUY,8275
1736272619999000000,97366.57,36.323200,BUY,8276
1736272679999000000,97273.82,20.733930,SELL,8277
1736272739999000000,97294.25,18.369880,BUY,8278
1736272799999000000,97277.31,20.251650,SELL,8279
1736272859999000000,97278.83,36.162450,BUY,8280
1736272919999000000,97274.05,22.784490,SELL,8281
1736272979999000000,97335.63,38.656240,BUY,8282
1736273039999000000,97400.48,20.629330,BUY,8283
1736273099999000000,97455.51,10.333940,BUY,8284
1736273159999000000,97421.65,32.492700,SELL,8285
1736273219999000000,97423.42,19.128100,BUY,8286
1736273279999000000,97363.98,45.112110,SELL,8287
1736273339999000000,97406.29,25.072580,BUY,8288
1736273399999000000,97491.30,29.112080,BUY,8289
1736273459999000000,97530.22,33.230710,BUY,8290
1736273519999000000,97457.72,19.265400,SELL,8291
1736273579999000000,97458.18,21.610150,BUY,8292
1736273639999000000,97379.72,9.049480,SELL,8293
1736273699999000000,97398.99,13.281230,BUY,8294
1736273759999000000,97344.46,19.344330,SELL,8295
1736273819999000000,97258.02,27.337280,SELL,8296
1736273879999000000,97268.89,16.218740,BUY,8297
1736273939999000000,97317.26,8.214540,BUY,8298
1736273999999000000,97365.90,18.465830,BUY,8299
1736274059999000000,97288.13,9.696190,SELL,8300
1736274119999000000,97095.55,27.194090,SELL,8301
1736274179999000000,97279.80,45.577720,BUY,8302
1736274239999000000,97234.35,13.566730,SELL,8303
1736274299999000000,97248.50,19.434720,BUY,8304
1736274359999000000,97134.87,12.797710,SELL,8305
1736274419999000000,97199.03,56.725870,BUY,8306
1736274479999000000,97181.86,21.428270,SELL,8307
1736274539999000000,97066.35,29.398190,SELL,8308
1736274599999000000,97061.84,17.136560,SELL,8309
1736274659999000000,97051.83,27.726260,SELL,8310
1736274719999000000,96952.84,52.154420,SELL,8311
1736274779999000000,96966.64,39.461550,BUY,8312
1736274839999000000,96995.49,24.363480,BUY,8313
1736274899999000000,97060.79,23.589580,BUY,8314
1736274959999000000,97021.85,16.294280,SELL,8315
1736275019999000000,96962.17,12.123600,SELL,8316
1736275079999000000,96857.22,71.657660,SELL,8317
1736275139999000000,96878.67,28.039670,BUY,8318
1736275199999000000,96888.75,42.588980,BUY,8319
1736275259999000000,96862.72,28.191620,SELL,8320
1736275319999000000,96743.03,36.938080,SELL,8321
1736275379999000000,96855.03,31.214090,BUY,8322
1736275439999000000,96712.18,26.360250,SELL,8323
1736275499999000000,96864.62,16.746600,BUY,8324
1736275559999000000,96812.55,27.683480,SELL,8325
1736275619999000000,96700.01,35.620100,SELL,8326
1736275679999000000,96829.19,21.423710,BUY,8327
1736275739999000000,96636.93,25.097870,SELL,8328
1736275799999000000,96600.01,23.676600,SELL,8329
1736275859999000000,96687.18,23.619320,BUY,8330
1736275919999000000,96770.14,47.047700,BUY,8331
1736275979999000000,96925.90,27.831180,BUY,8332
1736276039999000000,96909.10,19.855270,SELL,8333
1736276099999000000,96840.59,17.932220,SELL,8334
1736276159999000000,96842.35,19.961570,BUY,8335
1736276219999000000,96705.80,22.235710,SELL,8336
1736276279999000000,96774.15,17.443370,BUY,8337
1736276339999000000,96750.85,16.004070,SELL,8338
1736276399999000000,96750.86,9.818640,BUY,8339
1736276459999000000,96837.60,23.496510,BUY,8340
1736276519999000000,96889.54,18.188420,BUY,8341
1736276579999000000,96980.01,32.774510,BUY,8342
1736276639999000000,96852.00,21.445190,SELL,8343
1736276699999000000,96814.94,19.676120,SELL,8344
1736276759999000000,96722.67,19.452060,SELL,8345
1736276819999000000,96834.84,28.329980,BUY,8346
1736276879999000000,96889.09,21.050410,BUY,8347
1736276939999000000,96959.71,11.160990,BUY,8348
1736276999999000000,97067.81,14.501430,BUY,8349
1736277059999000000,97111.29,13.553310,BUY,8350
1736277119999000000,97110.93,13.912450,SELL,8351
1736277179999000000,97142.64,13.822660,BUY,8352
1736277239999000000,97177.90,17.165560,BUY,8353
1736277299999000000,97165.60,15.403730,SELL,8354
1736277359999000000,97200.00,19.418400,BUY,8355
1736277419999000000,97057.60,24.590240,SELL,8356
1736277479999000000,97035.97,16.502700,SELL,8357
1736277539999000000,97030.90,12.442420,SELL,8358
1736277599999000000,97099.72,28.064260,BUY,8359
1736277659999000000,96984.48,10.772360,SELL,8360
1736277719999000000,96900.01,18.105470,SELL,8361
1736277779999000000,96897.62,21.915210,SELL,8362
1736277839999000000,96827.94,19.393070,SELL,8363
1736277899999000000,96750.01,14.050740,SELL,8364
1736277959999000000,96750.62,18.451320,BUY,8365
1736278019999000000,96756.01,46.161710,BUY,8366
1736278079999000000,96779.12,34.930900,BUY,8367
1736278139999000000,96829.33,16.135100,BUY,8368
1736278199999000000,96862.16,11.960380,BUY,8369
1736278259999000000,96716.98,17.664490,SELL,8370
1736278319999000000,96694.25,46.353420,SELL,8371
1736278379999000000,96719.53,9.261470,BUY,8372
1736278439999000000,96831.01,19.153110,BUY,8373
1736278499999000000,96756.24,8.751410,SELL,8374
1736278559999000000,96756.26,11.176450,BUY,8375
1736278619999000000,96656.99,10.290520,SELL,8376
1736278679999000000,96572.02,38.517270,SELL,8377
1736278739999000000,96564.34,26.157540,SELL,8378
1736278799999000000,96563.07,20.689800,SELL,8379
1736278859999000000,96526.82,122.270050,SELL,8380
1736278919999000000,96583.45,79.954780,BUY,8381
1736278979999000000,96484.20,42.616610,SELL,8382
1736279039999000000,96680.00,37.762860,BUY,8383
1736279099999000000,96687.64,41.425480,BUY,8384
1736279159999000000,96810.01,25.907800,BUY,8385
1736279219999000000,96722.41,15.703060,SELL,8386
1736279279999000000,96582.01,22.526090,SELL,8387
1736279339999000000,96457.77,62.457720,SELL,8388
1736279399999000000,96438.12,30.487410,SELL,8389
1736279459999000000,96491.22,19.342510,BUY,8390
1736279519999000000,96389.38,11.539440,SELL,8391
1736279579999000000,96418.80,13.986950,BUY,8392
1736279639999000000,96541.36,17.783270,BUY,8393
1736279699999000000,96450.01,20.698870,SELL,8394
1736279759999000000,96530.16,28.724750,BUY,8395
1736279819999000000,96549.99,31.099800,BUY,8396
1736279879999000000,96538.03,23.995220,SELL,8397
1736279939999000000,96503.53,13.512690,SELL,8398
1736279999999000000,96451.98,15.431870,SELL,8399
1736280059999000000,96371.86,43.441010,SELL,8400
1736280119999000000,96347.18,15.815960,SELL,8401
1736280179999000000,96342.01,18.030520,SELL,8402
1736280239999000000,96396.00,50.695940,BUY,8403
1736280299999000000,96553.86,36.728560,BUY,8404
1736280359999000000,96620.00,27.008440,BUY,8405
1736280419999000000,96694.22,74.515000,BUY,8406
1736280479999000000,96644.17,25.808430,SELL,8407
1736280539999000000,96676.96,20.903810,BUY,8408
1736280599999000000,96471.90,15.168320,SELL,8409
1736280659999000000,96298.63,30.052050,SELL,8410
1736280719999000000,96303.21,39.033870,BUY,8411
1736280779999000000,96381.51,27.552280,BUY,8412
1736280839999000000,96411.73,18.513060,BUY,8413
1736280899999000000,96460.43,23.477250,BUY,8414
1736280959999000000,96517.22,29.270390,BUY,8415
1736281019999000000,96408.09,20.009730,SELL,8416
1736281079999000000,96406.45,13.329030,SELL,8417
1736281139999000000,96287.27,27.130080,SELL,8418
1736281199999000000,96357.07,10.594370,BUY,8419
1736281259999000000,96259.38,10.111360,SELL,8420
1736281319999000000,96283.42,20.823410,BUY,8421
1736281379999000000,96257.64,40.648530,SELL,8422
1736281439999000000,96300.94,27.716350,BUY,8423
1736281499999000000,96223.79,27.131350,SELL,8424
1736281559999000000,96269.32,26.631210,BUY,8425
1736281619999000000,96272.73,16.072180,BUY,8426
1736281679999000000,96333.33,26.682470,BUY,8427
1736281739999000000,96263.75,18.171220,SELL,8428
1736281799999000000,96272.74,10.773620,BUY,8429
1736281859999000000,96392.73,39.347100,BUY,8430
1736281919999000000,96403.07,19.108990,BUY,8431
1736281979999000000,96456.28,18.360620,BUY,8432
1736282039999000000,96329.79,19.531190,SELL,8433
1736282099999000000,96352.60,20.309580,BUY,8434
1736282159999000000,96230.01,25.343680,SELL,8435
1736282219999000000,96207.58,22.909730,SELL,8436
1736282279999000000,96262.43,34.518940,BUY,8437
1736282339999000000,96304.56,23.466410,BUY,8438
1736282399999000000,96495.81,33.066250,BUY,8439
1736282459999000000,96562.59,51.965160,BUY,8440
1736282519999000000,96567.49,39.220570,BUY,8441
1736282579999000000,96478.72,25.206260,SELL,8442
1736282639999000000,96424.05,23.529840,SELL,8443
1736282699999000000,96245.62,62.012910,SELL,8444
1736282759999000000,96264.17,34.645220,BUY,8445
1736282819999000000,96307.89,52.551420,BUY,8446
1736282879999000000,96450.34,30.461840,BUY,8447
1736282939999000000,96594.39,37.615750,BUY,8448
1736282999999000000,96550.58,21.225220,SELL,8449
1736283059999000000,96686.34,46.654210,BUY,8450
1736283119999000000,96700.16,44.660660,BUY,8451
1736283179999000000,96628.08,21.387880,SELL,8452
1736283239999000000,96769.67,27.073500,BUY,8453
1736283299999000000,96793.94,31.565880,BUY,8454
1736283359999000000,96731.60,39.332980,SELL,8455
1736283419999000000,96712.02,15.253080,SELL,8456
1736283479999000000,96613.95,30.883380,SELL,8457
1736283539999000000,96503.14,34.158720,SELL,8458
1736283599999000000,96533.35,103.263560,BUY,8459
1736346659999000000,95255.67,56.101170,SELL,9510
1736346719999000000,95284.00,34.591940,BUY,9511
1736346779999000000,95247.65,46.903580,SELL,9512
1736346839999000000,95424.70,50.538260,BUY,9513
1736346899999000000,95739.84,40.413330,BUY,9514
1736346959999000000,95705.89,125.774480,SELL,9515
1736347019999000000,95530.32,60.584000,SELL,9516
1736347079999000000,95363.66,86.371260,SELL,9517
1736347139999000000,95338.10,81.165550,SELL,9518
1736347199999000000,95125.54,28.075960,SELL,9519
1736347259999000000,95226.41,34.024730,BUY,9520
1736347319999000000,95140.81,37.744950,SELL,9521
1736347379999000000,95152.45,46.466910,BUY,9522
1736347439999000000,95152.59,47.545590,BUY,9523
1736347499999000000,95356.59,34.529600,BUY,9524
1736347559999000000,95310.80,36.839980,SELL,9525
1736347619999000000,94965.49,97.305520,SELL,9526
1736347679999000000,95211.43,83.521840,BUY,9527
1736347739999000000,95032.01,43.105880,SELL,9528
1736347799999000000,95248.00,65.341760,BUY,9529
1736347859999000000,95366.53,53.320660,BUY,9530
1736347919999000000,95316.14,31.987150,SELL,9531
1736347979999000000,95032.33,36.037280,SELL,9532
1736348039999000000,95046.17,34.381430,BUY,9533
1736348099999000000,95088.05,41.241650,BUY,9534
1736348159999000000,95300.35,39.812890,BUY,9535
1736348219999000000,95319.93,42.117280,BUY,9536
1736348279999000000,95202.70,24.053890,SELL,9537
1736348339999000000,95253.29,19.820090,BUY,9538
1736348399999000000,95288.01,35.246000,BUY,9539
1736348459999000000,95335.17,28.826800,BUY,9540
1736348519999000000,95494.00,31.317350,BUY,9541
1736348579999000000,95505.18,47.320980,BUY,9542
1736348639999000000,95813.50,197.460690,BUY,9543
1736348699999000000,95831.15,83.700820,BUY,9544
1736348759999000000,95801.97,55.234120,SELL,9545
1736348819999000000,96028.25,69.222240,BUY,9546
1736348879999000000,95934.93,70.178940,SELL,9547
1736348939999000000,95887.94,46.545310,SELL,9548
1736348999999000000,95839.99,34.297530,SELL,9549
1736349059999000000,95686.44,49.788950,SELL,9550
1736349119999000000,95508.41,66.643530,SELL,9551
1736349179999000000,95410.97,127.306920,SELL,9552
1736349239999000000,95251.23,82.009130,SELL,9553
1736349299999000000,95154.56,52.315200,SELL,9554
1736349359999000000,95098.37,64.075430,SELL,9555
1736349419999000000,95068.46,94.560870,SELL,9556
1736349479999000000,95167.07,64.036300,BUY,9557
1736349539999000000,95273.01,39.097950,BUY,9558
1736349599999000000,95373.99,56.193290,BUY,9559
1736349659999000000,95001.81,44.296230,SELL,9560
1736349719999000000,95060.29,42.631060,BUY,9561
1736349779999000000,94793.03,107.050030,SELL,9562
1736349839999000000,94891.98,35.873880,BUY,9563
1736349899999000000,94995.75,31.535130,BUY,9564
1736349959999000000,94963.01,28.802610,SELL,9565
1736350019999000000,95076.66,21.329560,BUY,9566
1736350079999000000,94948.38,32.133950,SELL,9567
1736350139999000000,94813.48,23.600040,SELL,9568
1736350199999000000,94797.37,54.248540,SELL,9569
1736350259999000000,94848.48,46.726690,BUY,9570
1736350319999000000,94849.13,35.395600,BUY,9571
1736350379999000000,94771.58,35.869630,SELL,9572
1736350439999000000,94743.15,61.813050,SELL,9573
1736350499999000000,94711.99,25.445500,SELL,9574
1736350559999000000,94938.34,52.183810,BUY,9575
1736350619999000000,95125.30,31.784850,BUY,9576
1736350679999000000,95196.22,23.614230,BUY,9577
1736350739999000000,95093.79,41.607430,SELL,9578
1736350799999000000,94969.85,32.440670,SELL,9579
1736350859999000000,94856.40,40.312980,SELL,9580
1736350919999000000,94958.49,36.123580,BUY,9581
1736350979999000000,94926.70,17.346070,SELL,9582
1736351039999000000,94994.42,13.065430,BUY,9583
1736351099999000000,94995.64,26.084850,BUY,9584
1736351159999000000,95040.18,32.390880,BUY,9585
1736351219999000000,95107.29,27.590230,BUY,9586
1736351279999000000,95013.38,37.465090,SELL,9587
1736351339999000000,95028.52,18.854920,BUY,9588
1736351399999000000,95028.37,17.237340,BUY,9589
1736351459999000000,95077.67,31.532430,BUY,9590
1736351519999000000,95144.00,19.678900,BUY,9591
1736351579999000000,95331.25,52.464580,BUY,9592
1736351639999000000,95250.02,14.330450,SELL,9593
1736351699999000000,95293.19,29.736100,BUY,9594
1736351759999000000,95244.00,35.195530,SELL,9595
1736351819999000000,95258.30,18.636910,BUY,9596
1736351879999000000,95375.18,131.367270,BUY,9597
1736351939999000000,95345.40,73.049230,SELL,9598
1736351999999000000,95493.77,225.459160,BUY,9599
1736352059999000000,95336.22,100.931170,SELL,9600
1736352119999000000,95244.45,36.613320,SELL,9601
1736352179999000000,95187.10,32.807900,SELL,9602
1736352239999000000,95229.47,17.588880,BUY,9603
1736352299999000000,95122.00,13.730720,SELL,9604
1736352359999000000,95044.00,36.370770,SELL,9605
1736352419999000000,94926.28,24.894530,SELL,9606
1736352479999000000,94928.30,29.948750,BUY,9607
1736352539999000000,95124.89,24.524200,BUY,9608
1736352599999000000,95128.00,30.407440,BUY,9609
1736352659999000000,95181.82,29.344600,BUY,9610
1736352719999000000,95063.97,25.315410,SELL,9611
1736352779999000000,95017.94,15.690230,SELL,9612
1736352839999000000,95110.98,13.796680,BUY,9613
1736352899999000000,95013.43,14.223930,SELL,9614
1736352959999000000,94936.59,18.954020,SELL,9615
1736353019999000000,94938.15,15.219400,BUY,9616
1736353079999000000,94909.91,16.431610,SELL,9617
1736353139999000000,94975.54,16.240770,BUY,9618
1736353199999000000,95055.99,14.864320,BUY,9619
1736353259999000000,95200.01,22.015320,BUY,9620
1736353319999000000,95156.23,37.059470,SELL,9621
1736353379999000000,95172.68,20.661790,BUY,9622
1736353439999000000,95223.63,19.365790,BUY,9623
1736353499999000000,95123.16,13.396720,SELL,9624
1736353559999000000,95110.41,15.606530,SELL,9625
1736353619999000000,95071.41,8.814750,SELL,9626
1736353679999000000,94922.98,28.630530,SELL,9627
1736353739999000000,94888.60,13.217930,SELL,9628
1736353799999000000,94886.24,17.502090,SELL,9629
1736353859999000000,95030.71,24.331960,BUY,9630
1736353919999000000,94887.80,11.370650,SELL,9631
1736353979999000000,94927.85,10.605360,BUY,9632
1736354039999000000,94890.85,24.944490,SELL,9633
1736354099999000000,94935.43,19.902290,BUY,9634
1736354159999000000,94871.85,68.922270,SELL,9635
1736354219999000000,94986.50,74.792590,BUY,9636
1736354279999000000,95110.20,50.104980,BUY,9637
1736354339999000000,95112.08,24.747550,BUY,9638
1736354399999000000,94965.84,28.405010,SELL,9639
1736354459999000000,94920.01,25.986480,SELL,9640
1736354519999000000,94947.60,20.704690,BUY,9641
1736354579999000000,94874.31,16.611310,SELL,9642
1736354639999000000,94757.63,22.412040,SELL,9643
1736354699999000000,94804.46,18.185240,BUY,9644
1736354759999000000,94764.92,10.148080,SELL,9645
1736354819999000000,94724.11,38.877890,SELL,9646
1736354879999000000,94787.87,21.860020,BUY,9647
1736354939999000000,94848.48,10.892520,BUY,9648
1736354999999000000,94703.99,38.681750,SELL,9649
1736355059999000000,94737.74,15.782020,BUY,9650
1736355119999000000,94704.30,29.135360,SELL,9651
1736355179999000000,94684.05,22.498000,SELL,9652
1736355239999000000,94727.27,20.039980,BUY,9653
1736355299999000000,94625.78,23.290180,SELL,9654
1736355359999000000,94605.51,64.759840,SELL,9655
1736355419999000000,94678.02,29.411410,BUY,9656
1736355479999000000,94781.19,17.081940,BUY,9657
1736355539999000000,94763.78,26.538030,SELL,9658
1736355599999000000,94787.87,9.992380,BUY,9659
1736355659999000000,94749.09,40.270470,SELL,9660
1736355719999000000,94836.03,20.232230,BUY,9661
1736355779999000000,94565.68,27.204720,SELL,9662
1736355839999000000,94473.78,223.160930,SELL,9663
1736355899999000000,94439.30,42.906040,SELL,9664
1736355959999000000,94412.49,104.029320,SELL,9665
1736356019999000000,94320.34,54.252790,SELL,9666
1736356079999000000,94202.24,133.021190,SELL,9667
1736356139999000000,94184.31,58.832780,SELL,9668
1736356199999000000,94179.02,258.961170,SELL,9669
1736356259999000000,94285.49,39.735690,BUY,9670
1736356319999000000,94067.83,100.260700,SELL,9671
1736356379999000000,93987.35,125.186940,SELL,9672
1736356439999000000,94005.88,104.158450,BUY,9673
1736356499999000000,93859.53,118.110320,SELL,9674
1736356559999000000,93868.14,50.002070,BUY,9675
1736356619999000000,93926.93,59.135930,BUY,9676
1736356679999000000,93832.02,66.887540,SELL,9677
1736356739999000000,93976.07,56.365500,BUY,9678
1736356799999000000,93917.21,34.164430,SELL,9679
1736356859999000000,93822.93,30.093970,SELL,9680
1736356919999000000,93744.75,106.110540,SELL,9681
1736356979999000000,93658.01,39.406240,SELL,9682
1736357039999000000,93500.00,107.537230,SELL,9683
1736357099999000000,93275.01,240.671980,SELL,9684
1736357159999000000,93241.27,80.752410,SELL,9685
1736357219999000000,93356.38,94.059660,BUY,9686
1736357279999000000,93123.72,109.817170,SELL,9687
1736357339999000000,93052.71,183.635980,SELL,9688
1736357399999000000,93016.38,276.463160,SELL,9689
1736357459999000000,92791.99,191.209540,SELL,9690
1736357519999000000,92770.79,342.275310,SELL,9691
1736357579999000000,93316.00,128.442720,BUY,9692
1736357639999000000,93272.81,68.123760,SELL,9693
1736357699999000000,93126.43,89.600270,SELL,9694
1736357759999000000,93062.30,61.641630,SELL,9695
1736357819999000000,93122.78,157.637960,BUY,9696
1736357879999000000,93453.88,101.783900,BUY,9697
1736357939999000000,93360.46,83.029330,SELL,9698
1736357999999000000,93317.00,96.826920,SELL,9699
1736358059999000000,93548.84,110.853600,BUY,9700
1736358119999000000,93558.51,84.000200,BUY,9701
1736358179999000000,93724.11,43.219180,BUY,9702
1736358239999000000,93624.91,52.305030,SELL,9703
1736358299999000000,93619.51,24.720090,SELL,9704
1736358359999000000,93740.90,65.786700,BUY,9705
1736358419999000000,93723.15,92.874690,SELL,9706
1736358479999000000,93461.12,62.860250,SELL,9707
1736358539999000000,93581.50,31.725460,BUY,9708
1736358599999000000,93501.66,23.094360,SELL,9709
1736358659999000000,93636.62,16.667410,BUY,9710
1736358719999000000,93654.05,47.863360,BUY,9711
1736358779999000000,93869.61,30.578910,BUY,9712
1736358839999000000,93836.26,52.495940,SELL,9713
1736358899999000000,93894.09,56.999460,BUY,9714
1736358959999000000,93888.00,26.935090,SELL,9715
1736359019999000000,93918.93,21.533650,BUY,9716
1736359079999000000,93960.83,54.599210,BUY,9717
1736359139999000000,94107.30,48.334290,BUY,9718
1736359199999000000,94030.82,42.555590,SELL,9719
1736359259999000000,94098.73,57.232420,BUY,9720
1736359319999000000,94084.33,40.426770,SELL,9721
1736359379999000000,94241.02,51.401080,BUY,9722
1736359439999000000,94271.99,93.865750,BUY,9723
1736359499999000000,94436.31,63.405590,BUY,9724
1736359559999000000,94201.11,102.341380,SELL,9725
1736359619999000000,94464.99,30.349820,BUY,9726
1736359679999000000,94430.06,56.047910,SELL,9727
1736359739999000000,94368.00,64.390610,SELL,9728
1736359799999000000,94459.44,30.229260,BUY,9729
1736359859999000000,94601.26,32.739230,BUY,9730
1736359919999000000,94600.85,50.467050,SELL,9731
1736359979999000000,94520.01,24.796250,SELL,9732
1736360039999000000,94483.29,56.047820,SELL,9733
1736360099999000000,94387.37,38.710240,SELL,9734
1736360159999000000,94363.51,19.752890,SELL,9735
1736360219999000000,94484.01,43.711520,BUY,9736
1736360279999000000,94451.81,25.022100,SELL,9737
1736360339999000000,94560.21,19.643110,BUY,9738
1736360399999000000,94603.99,25.124980,BUY,9739
1736360459999000000,94729.39,44.335880,BUY,9740
1736360519999000000,94578.83,30.668380,SELL,9741
1736360579999000000,94562.16,32.121160,SELL,9742
1736360639999000000,94613.30,12.239380,BUY,9743
1736360699999000000,94775.26,19.642330,BUY,9744
1736360759999000000,94811.49,27.220570,BUY,9745
1736360819999000000,94926.19,40.462560,BUY,9746
1736360879999000000,94954.54,19.885970,BUY,9747
1736360939999000000,95045.46,58.483270,BUY,9748
1736360999999000000,94921.40,33.020040,SELL,9749
1736361059999000000,94800.01,30.085550,SELL,9750
1736361119999000000,94713.13,47.513220,SELL,9751
1736361179999000000,94625.84,16.511870,SELL,9752
1736361239999000000,94662.79,15.689850,BUY,9753
1736361299999000000,94529.36,18.745410,SELL,9754
1736361359999000000,94585.82,15.250730,BUY,9755
1736361419999000000,94632.99,19.835110,BUY,9756
1736361479999000000,94560.46,11.656760,SELL,9757
1736361539999000000,94671.00,19.734720,BUY,9758
1736361599999000000,94637.31,26.577380,SELL,9759
1736361659999000000,94560.01,13.752230,SELL,9760
1736361719999000000,94522.67,52.238090,SELL,9761
1736361779999000000,94476.00,13.047940,SELL,9762
1736361839999000000,94345.63,12.409040,SELL,9763
1736361899999000000,94389.36,9.259670,BUY,9764
1736361959999000000,94347.58,19.320630,SELL,9765
1736362019999000000,94268.82,20.994050,SELL,9766
1736362079999000000,94244.13,23.054040,SELL,9767
1736362139999000000,94212.42,23.956210,SELL,9768
1736362199999000000,94153.03,21.949570,SELL,9769
1736362259999000000,94148.00,30.113640,SELL,9770
1736362319999000000,94123.01,23.099250,SELL,9771
1736362379999000000,94028.67,27.233450,SELL,9772
1736362439999000000,93919.38,93.588530,SELL,9773
1736362499999000000,93838.80,50.824820,SELL,9774
1736362559999000000,93884.00,43.043420,BUY,9775
1736362619999000000,94025.62,35.352220,BUY,9776
1736362679999000000,94109.79,26.127890,BUY,9777
1736362739999000000,94260.16,43.783810,BUY,9778
1736362799999000000,94242.61,42.390020,SELL,9779
1736362859999000000,94320.79,26.967580,BUY,9780
1736362919999000000,94169.19,35.474520,SELL,9781
1736362979999000000,94116.87,39.908520,SELL,9782
1736363039999000000,94333.00,28.548820,BUY,9783
1736363099999000000,94432.96,35.053680,BUY,9784
1736363159999000000,94438.78,96.440130,BUY,9785
1736363219999000000,94486.01,36.857870,BUY,9786
1736363279999000000,94578.06,24.766230,BUY,9787
1736363339999000000,94675.08,37.848220,BUY,9788
1736363399999000000,94714.05,22.018630,BUY,9789
1736363459999000000,94690.97,23.119620,SELL,9790
1736363519999000000,94468.07,28.650310,SELL,9791
1736363579999000000,94395.77,32.371010,SELL,9792
1736363639999000000,94484.02,20.670000,BUY,9793
1736363699999000000,94293.60,22.202980,SELL,9794
1736363759999000000,94435.89,21.819660,BUY,9795
1736363819999000000,94477.18,23.857200,BUY,9796
1736363879999000000,94457.98,15.259810,SELL,9797
1736363939999000000,94624.91,31.651420,BUY,9798
1736363999999000000,94559.20,17.164580,SELL,9799
1736364059999000000,94661.91,26.291080,BUY,9800
1736364119999000000,94592.22,13.870660,SELL,9801
1736364179999000000,94586.43,15.768560,SELL,9802
1736364239999000000,94661.04,13.308970,BUY,9803
1736364299999000000,94640.15,13.501940,SELL,9804
1736364359999000000,94588.55,22.633820,SELL,9805
1736364419999000000,94642.90,12.941250,BUY,9806
1736364479999000000,94831.70,31.457130,BUY,9807
1736364539999000000,94775.09,22.165480,SELL,9808
1736364599999000000,94752.00,14.408900,SELL,9809
1736364659999000000,94639.83,18.056160,SELL,9810
1736364719999000000,94581.78,16.821750,SELL,9811
1736364779999000000,94532.21,17.058670,SELL,9812
1736364839999000000,94627.99,16.432080,BUY,9813
1736364899999000000,94461.53,10.286640,SELL,9814
1736364959999000000,94491.77,8.562110,BUY,9815
1736365019999000000,94396.52,10.534890,SELL,9816
1736365079999000000,94419.22,12.669790,BUY,9817
1736365139999000000,94342.87,21.004940,SELL,9818
1736365199999000000,94230.76,20.856390,SELL,9819
1736365259999000000,94185.87,23.628470,SELL,9820
1736365319999000000,94220.36,33.782400,BUY,9821
1736365379999000000,94146.48,44.421680,SELL,9822
1736365439999000000,94119.97,44.359990,SELL,9823
1736365499999000000,94174.26,13.144310,BUY,9824
1736365559999000000,94190.21,11.469460,BUY,9825
1736365619999000000,94293.71,39.826450,BUY,9826
1736365679999000000,94227.73,13.433630,SELL,9827
1736365739999000000,94335.39,17.047100,BUY,9828
1736365799999000000,94317.55,10.974780,SELL,9829
1736365859999000000,94400.95,13.888460,BUY,9830
1736365919999000000,94465.72,9.747360,BUY,9831
1736365979999000000,94316.04,9.642400,SELL,9832
1736366039999000000,94263.57,8.358060,SELL,9833
1736366099999000000,94200.69,25.761990,SELL,9834
1736366159999000000,94260.23,15.424590,BUY,9835
1736366219999000000,94333.33,8.153810,BUY,9836
1736366279999000000,94297.49,7.278890,SELL,9837
1736366339999000000,94282.61,10.899360,SELL,9838
1736366399999000000,94243.89,10.745950,SELL,9839
1736366459999000000,94220.82,15.972820,SELL,9840
1736366519999000000,94246.19,14.694760,BUY,9841
1736366579999000000,94286.91,15.548960,BUY,9842
1736366639999000000,94356.85,8.402310,BUY,9843
1736366699999000000,94386.50,6.560300,BUY,9844
1736366759999000000,94341.61,8.958070,SELL,9845
1736366819999000000,94297.76,7.656240,SELL,9846
1736366879999000000,94255.83,12.566790,SELL,9847
1736366939999000000,94030.31,49.607430,SELL,9848
1736366999999000000,93997.29,21.218350,SELL,9849
1736367059999000000,93905.59,24.266190,SELL,9850
1736367119999000000,93911.73,49.036260,BUY,9851
1736367179999000000,93812.35,14.277960,SELL,9852
1736367239999000000,93827.68,22.605540,BUY,9853
1736367299999000000,93800.00,18.795090,SELL,9854
1736367359999000000,93797.76,44.403740,SELL,9855
1736367419999000000,93858.77,25.577490,BUY,9856
1736367479999000000,93816.27,13.382310,SELL,9857
1736367539999000000,93980.50,29.732310,BUY,9858
1736367599999000000,93906.03,27.780390,SELL,9859
1736367659999000000,93992.66,57.058940,BUY,9860
1736367719999000000,93998.32,17.239020,BUY,9861
1736367779999000000,93979.41,13.485780,SELL,9862
1736367839999000000,93981.24,18.340990,BUY,9863
1736367899999000000,94056.26,8.106340,BUY,9864
1736367959999000000,94004.19,8.567540,SELL,9865
1736368019999000000,94033.62,11.113430,BUY,9866
1736368079999000000,93962.21,13.368420,SELL,9867
1736368139999000000,94098.62,14.896390,BUY,9868
1736368199999000000,94012.50,14.730780,SELL,9869
1736368259999000000,94132.86,14.401250,BUY,9870
1736368319999000000,94204.09,13.511090,BUY,9871
1736368379999000000,94105.15,19.320330,SELL,9872
1736368439999000000,94089.68,9.642330,SELL,9873
1736368499999000000,94106.45,12.383450,BUY,9874
1736368559999000000,94026.22,13.681750,SELL,9875
1736368619999000000,94068.00,15.479410,BUY,9876
1736368679999000000,94039.01,11.090060,SELL,9877
1736368739999000000,93996.47,9.965660,SELL,9878
1736368799999000000,94026.65,12.904000,BUY,9879
1736368859999000000,94085.91,8.361380,BUY,9880
1736368919999000000,94124.47,13.076730,BUY,9881
1736368979999000000,94197.90,20.858380,BUY,9882
1736369039999000000,94223.57,11.986530,BUY,9883
1736369099999000000,94201.03,8.011450,SELL,9884
1736369159999000000,94228.49,6.782930,BUY,9885
1736369219999000000,94177.98,5.094040,SELL,9886
1736369279999000000,94061.25,14.680680,SELL,9887
1736369339999000000,94077.33,12.869640,BUY,9888
1736369399999000000,94047.09,10.646580,SELL,9889
1736369459999000000,94062.03,10.283870,BUY,9890
1736369519999000000,94189.52,20.222140,BUY,9891
1736369579999000000,94238.74,11.712020,BUY,9892
1736369639999000000,94192.79,10.884170,SELL,9893
1736369699999000000,94180.16,9.899810,SELL,9894
1736369759999000000,94077.56,29.897790,SELL,9895
1736369819999000000,94023.68,16.917270,SELL,9896
1736369879999000000,93959.37,23.796880,SELL,9897
1736369939999000000,94019.99,13.111250,BUY,9898
1736369999999000000,93980.00,51.003300,SELL,9899
