timestamp,price,quantity,side,trade_id
1640995200000000000,49994.58981626,41.51867058,SELL,0
1640995200001000000,49994.11641353,17.52551774,SELL,1
1640995200002000000,49992.29363700,89.43013338,BUY,2
1640995200003000000,50001.03289480,84.42564836,BUY,3
1640995200004000000,49998.18931374,51.17179173,SELL,4
1640995200005000000,49999.98454526,51.17827570,BUY,5
1640995200006000000,50005.04143750,44.55724047,BUY,6
1640995200007000000,49997.39809463,25.77056359,SELL,7
1640995200008000000,49996.80813959,35.00337745,SELL,8
1640995200009000000,49989.95622823,89.70101030,BUY,9
1640995200010000000,49991.35867009,49.85606268,SELL,10
1640995200011000000,49992.30524035,90.60290179,SELL,11
1640995200012000000,49992.98881689,22.58874048,SELL,12
1640995200013000000,49993.29010413,58.81242236,SELL,13
1640995200014000000,49988.73936061,78.32803394,SELL,14
1640995200015000000,49994.52368062,22.04884938,BUY,15
1640995200016000000,49990.42943057,31.07043131,BUY,16
1640995200017000000,49995.08676770,51.22818259,BUY,17
1640995200018000000,50001.36114372,66.54776275,BUY,18
1640995200019000000,50005.16703358,35.20689569,SELL,19
1640995200020000000,50002.86463738,76.81176368,SELL,20
1640995200021000000,50008.47156903,30.15239829,SELL,21
1640995200022000000,50012.33548835,25.02840324,SELL,22
1640995200023000000,50008.93023594,34.54610998,BUY,23
1640995200024000000,50018.04848544,66.23683194,BUY,24
1640995200025000000,50018.82912841,74.88927383,BUY,25
1640995200026000000,50021.34934784,33.56742292,BUY,26
1640995200027000000,50029.74984816,74.61903654,SELL,27
1640995200028000000,50026.76732271,71.43374549,SELL,28
1640995200029000000,50022.96523170,48.42893599,BUY,29
1640995200030000000,50027.86687858,35.73227767,BUY,30
1640995200031000000,50019.96002195,12.96102431,SELL,31
1640995200032000000,50016.52294672,45.44319692,SELL,32
1640995200033000000,50011.97092851,92.43442696,BUY,33
1640995200034000000,49014.43408477,49.41694819,BUY,34
1640995200035000000,49011.94031958,73.75469709,BUY,35
1640995200036000000,49017.10900524,47.37657657,BUY,36
1640995200037000000,49016.33580833,105.86000723,SELL,37
1640995200038000000,49013.29418530,10.07206009,SELL,38
1640995200039000000,49017.25760327,60.79222266,BUY,39
1640995200040000000,49021.01097649,47.91658417,BUY,40
1640995200041000000,49016.64193796,101.16369063,BUY,41
1640995200042000000,49010.11560645,105.09090970,BUY,42
1640995200043000000,49009.48243458,80.53702824,BUY,43
1640995200044000000,49015.59714455,63.93108225,BUY,44
1640995200045000000,49017.57346318,41.89183814,SELL,45
1640995200046000000,49012.02031448,76.82924178,SELL,46
1640995200047000000,49005.11515707,32.01233901,BUY,47
1640995200048000000,48992.53448200,51.16154535,BUY,48
1640995200049000000,48990.64385925,12.50394943,BUY,49
1640995200050000000,48984.33456916,101.76176428,SELL,50
1640995200051000000,48990.71698966,69.21301340,BUY,51
1640995200052000000,48993.17926068,45.66458378,BUY,52
1640995200053000000,48991.33616632,88.90774846,SELL,53
1640995200054000000,48995.55466639,47.18776632,BUY,54
1640995200055000000,49003.53293555,99.34730877,SELL,55
1640995200056000000,48993.90090976,78.87295788,SELL,56
1640995200057000000,48994.26144938,68.81601359,BUY,57
1640995200058000000,48992.68909464,97.63104659,SELL,58
1640995200059000000,48999.29123346,73.42112261,BUY,59
1640995200060000000,48996.35916812,86.00142276,BUY,60
1640995200061000000,48996.20373588,67.88709307,SELL,61
1640995200062000000,48995.90982225,60.97631748,SELL,62
1640995200063000000,48993.99869899,104.91266556,BUY,63
1640995200064000000,48998.34254004,93.76068808,SELL,64
1640995200065000000,49006.46552163,24.54283521,SELL,65
1640995200066000000,49002.90177756,108.66229659,BUY,66
1640995200067000000,49004.74482146,108.57092750,BUY,67
1640995200068000000,49004.91080263,39.00470521,SELL,68
1640995200069000000,49001.89013102,109.72448427,SELL,69
1640995200070000000,49001.17349992,18.49522053,SELL,70
1640995200071000000,48996.04684659,39.00268482,SELL,71
1640995200072000000,48994.04872061,102.91420868,SELL,72
1640995200073000000,48997.54311132,31.35483711,SELL,73
1640995200074000000,48999.50982739,24.87675017,SELL,74
1640995200075000000,48998.77836756,35.78502105,SELL,75
1640995200076000000,48998.36516926,79.43246457,SELL,76
1640995200077000000,49002.58806771,97.45037628,BUY,77
1640995200078000000,49000.32013305,67.30957337,SELL,78
1640995200079000000,49000.66627598,72.88033558,BUY,79
1640995200080000000,48994.49094808,24.60184308,SELL,80
1640995200081000000,48992.56904655,22.72960823,SELL,81
1640995200082000000,48988.57487971,42.75132554,BUY,82
1640995200083000000,48983.26569669,39.40580403,SELL,83
1640995200084000000,48988.33257573,64.09069961,BUY,84
1640995200085000000,48981.19372357,29.15628214,BUY,85
1640995200086000000,48987.91776365,55.45466090,SELL,86
1640995200087000000,48988.14006076,41.41204983,SELL,87
1640995200088000000,48989.54444390,30.38421446,SELL,88
1640995200089000000,48981.09794758,27.70645327,SELL,89
1640995200090000000,48985.44705181,89.04619245,SELL,90
1640995200091000000,48985.54631427,93.45464806,BUY,91
1640995200092000000,48989.46201771,36.45373944,BUY,92
1640995200093000000,48994.74530033,36.13091724,SELL,93
1640995200094000000,48996.14237308,24.26439392,BUY,94
1640995200095000000,48999.51375230,40.40012026,SELL,95
1640995200096000000,48997.42825423,66.89324329,BUY,96
1640995200097000000,48993.98398748,67.13666395,BUY,97
1640995200098000000,48995.59839330,103.48010041,SELL,98
1640995200099000000,48989.17596791,14.22114296,BUY,99
1640995200100000000,48999.91242309,86.30318678,SELL,100
1640995200101000000,48997.80900202,72.14272879,BUY,101
1640995200102000000,48994.94483849,26.64725989,SELL,102
1640995200103000000,48997.14933402,55.82224812,BUY,103
1640995200104000000,48997.58884342,93.56659766,BUY,104
1640995200105000000,49002.73076002,38.02021389,BUY,105
1640995200106000000,49008.97637635,30.84099002,BUY,106
1640995200107000000,49007.13973143,76.78378289,SELL,107
1640995200108000000,49002.03228749,39.39670903,SELL,108
1640995200109000000,49007.50748487,86.53133323,BUY,109
1640995200110000000,49000.54952686,40.85689422,SELL,110
1640995200111000000,49004.20537854,62.16532849,BUY,111
1640995200112000000,48998.39776764,104.01614260,BUY,112
1640995200113000000,48995.83305220,39.84327923,BUY,113
1640995200114000000,48989.47794801,71.48282955,BUY,114
1640995200115000000,48990.82284484,88.17831809,SELL,115
1640995200116000000,48989.12282520,33.94450312,BUY,116
1640995200117000000,48992.40946092,92.41385191,SELL,117
1640995200118000000,48993.36890938,48.01911868,SELL,118
1640995200119000000,48992.79876079,37.03808247,BUY,119
1640995200120000000,48993.21203197,35.65075615,BUY,120
1640995200121000000,48987.46289661,33.34883411,BUY,121
1640995200122000000,48986.69889887,92.77874613,SELL,122
1640995200123000000,48991.72825876,86.71101123,BUY,123
1640995200124000000,48991.11930299,83.18983188,BUY,124
1640995200125000000,48981.47057166,13.08654163,SELL,125
1640995200126000000,48979.81657478,107.63870051,SELL,126
1640995200127000000,48980.97003720,10.40071733,SELL,127
1640995200128000000,48979.79190876,83.22947459,SELL,128
1640995200129000000,48972.69133841,51.09061709,SELL,129
1640995200130000000,48973.16305169,77.01755904,SELL,130
1640995200131000000,48975.23295802,93.62767069,SELL,131
1640995200132000000,48971.69676304,93.51585461,BUY,132
1640995200133000000,48972.64431540,95.26601813,BUY,133
1640995200134000000,49944.82846326,12.43131877,BUY,134
1640995200135000000,49938.81097867,36.31194397,SELL,135
1640995200136000000,49940.23118339,95.21484316,SELL,136
1640995200137000000,49942.48197811,10.85726628,BUY,137
1640995200138000000,49952.06860198,93.25314108,SELL,138
1640995200139000000,49954.49305331,106.61698207,BUY,139
1640995200140000000,49958.24335789,98.57066432,BUY,140
1640995200141000000,49962.74694321,45.72555681,SELL,141
1640995200142000000,49966.47130360,15.30777882,BUY,142
1640995200143000000,49965.57663988,72.84752897,SELL,143
1640995200144000000,49970.70940968,71.90336586,BUY,144
1640995200145000000,49971.42064652,29.63305186,SELL,145
1640995200146000000,49971.88648189,10.65888479,SELL,146
1640995200147000000,49966.54212077,51.39389734,SELL,147
1640995200148000000,49959.22045414,16.99954911,BUY,148
1640995200149000000,49959.78806940,40.19622782,BUY,149
1640995200150000000,49957.05393323,57.60029679,SELL,150
1640995200151000000,49956.70011904,38.16951093,BUY,151
1640995200152000000,49962.50116002,30.82776324,BUY,152
1640995200153000000,49961.78771452,15.02126952,SELL,153
1640995200154000000,49957.37915037,12.56709742,SELL,154
1640995200155000000,49960.60083596,40.12636904,SELL,155
1640995200156000000,49953.20989178,39.52638539,SELL,156
1640995200157000000,49954.74254882,47.55704246,BUY,157
1640995200158000000,49953.98754249,48.34347794,SELL,158
1640995200159000000,49954.34456280,108.29790627,SELL,159
1640995200160000000,49953.19433295,65.28000057,BUY,160
1640995200161000000,49948.14499849,81.42206023,BUY,161
1640995200162000000,49942.73009753,52.26342913,BUY,162
1640995200163000000,49947.03322787,74.20533698,SELL,163
1640995200164000000,49943.77443168,73.12443838,BUY,164
1640995200165000000,49942.76274731,40.66352285,BUY,165
1640995200166000000,49939.88808349,50.10315025,SELL,166
1640995200167000000,49952.52460320,43.13485841,SELL,167
1640995200168000000,49944.91947911,43.12191253,BUY,168
1640995200169000000,49941.25567673,22.13469306,BUY,169
1640995200170000000,49939.39716415,81.79163481,SELL,170
1640995200171000000,49939.31018003,30.07952769,BUY,171
1640995200172000000,49934.49992694,84.54832022,SELL,172
1640995200173000000,49934.97855835,88.21116399,SELL,173
1640995200174000000,49924.14565404,46.28321760,BUY,174
1640995200175000000,49931.58447844,56.80352380,SELL,175
1640995200176000000,49919.09451831,11.02057125,BUY,176
1640995200177000000,49914.23337437,37.34230284,BUY,177
1640995200178000000,49918.46008806,44.65836570,SELL,178
1640995200179000000,49916.93517847,95.48616237,BUY,179
1640995200180000000,49916.09751820,30.15348340,BUY,180
1640995200181000000,49917.32753160,89.43521391,BUY,181
1640995200182000000,49918.09677610,89.25048618,SELL,182
1640995200183000000,49924.99323563,36.42040977,SELL,183
1640995200184000000,49927.96962523,103.57741536,BUY,184
1640995200185000000,49924.76205807,44.68205417,BUY,185
1640995200186000000,49932.32120398,109.24543029,BUY,186
1640995200187000000,49943.23521356,80.17469554,SELL,187
1640995200188000000,49945.50977192,26.21475891,SELL,188
1640995200189000000,49948.60131409,100.58643538,SELL,189
1640995200190000000,49953.01421272,44.58486415,BUY,190
1640995200191000000,49944.69748642,23.98945817,BUY,191
1640995200192000000,49959.05198261,21.93588886,SELL,192
1640995200193000000,49954.66624400,54.74084832,SELL,193
1640995200194000000,49958.38875955,102.43964455,BUY,194
1640995200195000000,49961.22568057,82.75638893,SELL,195
1640995200196000000,49956.93047464,96.08870396,BUY,196
1640995200197000000,49955.25465998,69.59945592,BUY,197
1640995200198000000,49957.58751465,42.75229608,SELL,198
1640995200199000000,49959.41267134,22.18498734,SELL,199
1640995200200000000,49954.12052930,70.70840455,SELL,200
1640995200201000000,49948.32372536,81.61652217,BUY,201
1640995200202000000,49947.87951626,79.87777816,SELL,202
1640995200203000000,49948.59927263,39.36922819,BUY,203
1640995200204000000,49948.13451533,86.78002805,SELL,204
1640995200205000000,49947.38582658,96.61237280,BUY,205
1640995200206000000,49952.84277684,97.39437733,SELL,206
1640995200207000000,49953.54381919,77.73622717,BUY,207
1640995200208000000,49960.58357633,103.33868608,BUY,208
1640995200209000000,49954.94119916,76.42746199,SELL,209
1640995200210000000,49954.48056532,85.79151933,SELL,210
1640995200211000000,49950.68157830,29.73063559,BUY,211
1640995200212000000,49952.80615944,58.83716174,BUY,212
1640995200213000000,49954.53524716,71.83580459,BUY,213
1640995200214000000,49954.93024784,22.62024673,BUY,214
1640995200215000000,49950.45557782,100.25352319,SELL,215
1640995200216000000,49945.65898531,12.65938715,BUY,216
1640995200217000000,49943.37358403,45.67010247,SELL,217
1640995200218000000,49947.01910819,97.30406256,BUY,218
1640995200219000000,49941.11765635,108.78109335,BUY,219
1640995200220000000,49944.37566523,80.98752667,BUY,220
1640995200221000000,49939.98528843,72.85583847,BUY,221
1640995200222000000,49941.60562046,95.35575814,SELL,222
1640995200223000000,49945.74597324,104.52090202,SELL,223
1640995200224000000,49949.60581681,96.40104316,BUY,224
1640995200225000000,49944.65589138,64.38217956,SELL,225
1640995200226000000,49947.92301740,61.44226818,SELL,226
1640995200227000000,49954.47314416,42.02578359,SELL,227
1640995200228000000,49956.76070321,103.18944304,BUY,228
1640995200229000000,49961.89959443,31.63369300,BUY,229
1640995200230000000,49964.84874913,12.72835352,BUY,230
1640995200231000000,49963.73599632,57.98199168,BUY,231
1640995200232000000,49962.47448222,107.51261642,BUY,232
1640995200233000000,49968.46168880,28.69055943,SELL,233
1640995200234000000,49964.66735847,20.48562400,SELL,234
1640995200235000000,49971.91587663,74.27530380,SELL,235
1640995200236000000,49969.93251130,34.68203711,BUY,236
1640995200237000000,49974.82298875,21.98421867,SELL,237
1640995200238000000,49975.43476273,20.72176482,SELL,238
1640995200239000000,49981.19619743,84.76560215,SELL,239
1640995200240000000,49992.32444221,77.72951964,BUY,240
1640995200241000000,49995.59110374,105.62799211,SELL,241
1640995200242000000,50004.23509453,98.48716304,BUY,242
1640995200243000000,50004.78718002,83.72170498,SELL,243
1640995200244000000,50010.77361813,53.28487838,SELL,244
1640995200245000000,50011.84162883,44.05262968,BUY,245
1640995200246000000,50009.56513216,91.79915790,BUY,246
1640995200247000000,50003.95784784,25.17730155,BUY,247
1640995200248000000,50003.59511002,71.25767919,SELL,248
1640995200249000000,50000.74159880,77.64149456,SELL,249
1640995200250000000,49998.13907954,42.39344090,SELL,250
1640995200251000000,49989.99345968,11.12398813,BUY,251
1640995200252000000,49993.29631480,70.48317025,BUY,252
1640995200253000000,49992.76956780,103.42288915,SELL,253
1640995200254000000,49993.46591429,74.15599164,BUY,254
1640995200255000000,49994.79542495,99.69826513,SELL,255
1640995200256000000,50004.80125257,72.95722089,SELL,256
1640995200257000000,50005.57639289,57.23408797,BUY,257
1640995200258000000,50007.55834948,51.80119105,SELL,258
1640995200259000000,50009.53028901,26.19008826,BUY,259
1640995200260000000,50014.57475727,59.74212599,BUY,260
1640995200261000000,50018.86535088,84.48969360,SELL,261
1640995200262000000,50009.42163060,107.75131785,SELL,262
1640995200263000000,50020.05805391,93.18783353,BUY,263
1640995200264000000,50019.14558194,30.32894442,BUY,264
1640995200265000000,50024.85357942,81.01854650,BUY,265
1640995200266000000,50020.36400747,96.22379464,BUY,266
1640995200267000000,50021.98517419,18.81196481,BUY,267
1640995200268000000,50023.50842154,15.38808684,BUY,268
1640995200269000000,50023.68192636,19.84167371,SELL,269
1640995200270000000,50020.52200283,35.55672456,SELL,270
1640995200271000000,50022.30758533,69.38306857,BUY,271
1640995200272000000,50015.81973275,72.74982635,SELL,272
1640995200273000000,50013.43926791,63.52561478,SELL,273
1640995200274000000,50017.87085265,43.01651753,BUY,274
1640995200275000000,50015.51305021,66.60927385,SELL,275
1640995200276000000,50012.82819054,86.88776788,BUY,276
1640995200277000000,50011.91388148,16.44094390,BUY,277
1640995200278000000,50008.20672092,101.45853390,SELL,278
1640995200279000000,50010.77874276,36.39325341,SELL,279
1640995200280000000,50018.08881738,60.66688747,SELL,280
1640995200281000000,50021.60873545,14.66632235,SELL,281
1640995200282000000,50020.66253593,101.31285098,BUY,282
1640995200283000000,50023.59593140,27.34539775,SELL,283
1640995200284000000,50023.25388778,91.05701378,SELL,284
1640995200285000000,50023.21745098,34.79054420,SELL,285
1640995200286000000,50013.80467157,94.46138720,BUY,286
1640995200287000000,50012.26277648,76.77352714,BUY,287
1640995200288000000,50007.40604426,69.38632205,BUY,288
1640995200289000000,50008.45444187,49.94454010,BUY,289
1640995200290000000,50005.72731969,109.37412278,BUY,290
1640995200291000000,50010.04662674,32.67331356,BUY,291
1640995200292000000,50011.24126712,61.21208998,SELL,292
1640995200293000000,50012.10159229,64.86014034,BUY,293
1640995200294000000,50014.86240329,103.73482734,SELL,294
1640995200295000000,50015.77521920,11.01227006,SELL,295
1640995200296000000,50020.00965434,12.39090761,BUY,296
1640995200297000000,50022.80248278,52.30126971,BUY,297
1640995200298000000,50024.13808118,98.09013709,BUY,298
1640995200299000000,50020.59306783,55.34081225,SELL,299
1640995200300000000,50016.43853197,39.42912196,SELL,300
1640995200301000000,50009.74094988,70.94495930,SELL,301
1640995200302000000,50010.56519366,54.81254567,BUY,302
1640995200303000000,50014.12930420,101.00934447,SELL,303
1640995200304000000,50016.80584014,65.55355525,SELL,304
1640995200305000000,50018.60685128,73.80946065,BUY,305
1640995200306000000,50012.16261125,54.61455931,SELL,306
1640995200307000000,50002.71898912,54.94726553,SELL,307
1640995200308000000,50003.23382198,30.76884802,SELL,308
1640995200309000000,49992.89182153,32.32460091,SELL,309
1640995200310000000,50006.17691545,58.92581841,BUY,310
1640995200311000000,49995.75427529,97.92418864,BUY,311
1640995200312000000,49988.90011811,43.22727765,SELL,312
1640995200313000000,49990.80778001,51.24911683,SELL,313
1640995200314000000,49991.30064119,52.26545319,BUY,314
1640995200315000000,49988.84688307,58.03651988,SELL,315
1640995200316000000,49988.01781670,42.46397565,SELL,316
1640995200317000000,49987.19998496,106.72948490,BUY,317
1640995200318000000,49986.49383636,77.91680024,SELL,318
1640995200319000000,49975.75684584,51.82894662,SELL,319
1640995200320000000,49976.37773607,92.24133906,SELL,320
1640995200321000000,49980.14641992,38.27905461,SELL,321
1640995200322000000,49971.72450543,12.88166882,SELL,322
1640995200323000000,49979.50628874,104.22014533,BUY,323
1640995200324000000,49976.88911328,31.64757982,BUY,324
1640995200325000000,49975.56665977,74.03206092,SELL,325
1640995200326000000,49975.74776828,91.17576905,SELL,326
1640995200327000000,49980.87978871,42.89308243,BUY,327
1640995200328000000,49983.37574499,72.67356140,SELL,328
1640995200329000000,49982.75090731,103.98808414,SELL,329
1640995200330000000,49983.42408279,44.54594828,SELL,330
1640995200331000000,49982.61007452,55.84212593,BUY,331
1640995200332000000,49980.29018952,90.54662429,BUY,332
1640995200333000000,49978.13088512,89.07612446,SELL,333
1640995200334000000,49982.00140071,23.50983414,BUY,334
1640995200335000000,49980.10501592,67.19304816,BUY,335
1640995200336000000,49982.55037649,72.22911685,BUY,336
1640995200337000000,49987.70354029,72.79679355,BUY,337
1640995200338000000,49985.60276554,91.90203319,BUY,338
1640995200339000000,49993.08649748,26.43595210,SELL,339
1640995200340000000,50000.17884007,86.72586262,SELL,340
1640995200341000000,49999.66627933,28.94280515,BUY,341
1640995200342000000,50001.45740789,44.93540490,SELL,342
1640995200343000000,50004.50206551,21.65459938,SELL,343
1640995200344000000,50003.23225131,63.73602766,SELL,344
1640995200345000000,50005.14039778,61.28267884,BUY,345
1640995200346000000,49999.57216327,18.42965001,SELL,346
1640995200347000000,49996.86355692,88.81603761,BUY,347
1640995200348000000,49993.60695242,85.34558410,SELL,348
1640995200349000000,49990.68785078,69.40635910,BUY,349
1640995200350000000,49991.71102362,103.87466573,BUY,350
1640995200351000000,49988.85167768,42.78169829,SELL,351
1640995200352000000,49985.83976598,40.75482711,SELL,352
1640995200353000000,49992.19900309,70.22911250,SELL,353
1640995200354000000,49991.22744636,20.89519973,BUY,354
1640995200355000000,49991.64066686,85.77847056,BUY,355
1640995200356000000,49988.44112030,65.08236178,SELL,356
1640995200357000000,49998.65079657,109.71470053,SELL,357
1640995200358000000,50003.77825634,90.14715340,SELL,358
1640995200359000000,49004.47498946,66.92589701,BUY,359
1640995200360000000,49000.21168467,90.32307864,BUY,360
1640995200361000000,49001.13270294,77.41134395,BUY,361
1640995200362000000,49011.91942525,33.18236637,SELL,362
1640995200363000000,49012.24641122,92.14906363,BUY,363
1640995200364000000,49009.77839069,107.60550985,SELL,364
1640995200365000000,49002.48363197,43.65655858,SELL,365
1640995200366000000,49010.68842876,64.90107385,BUY,366
1640995200367000000,49002.46638927,81.01565483,SELL,367
1640995200368000000,49003.37001094,86.09339562,BUY,368
1640995200369000000,49001.44356765,53.31927756,SELL,369
1640995200370000000,49003.48669095,102.68925793,SELL,370
1640995200371000000,48997.72077630,97.05079428,SELL,371
1640995200372000000,48997.04257566,105.51267869,SELL,372
1640995200373000000,49000.74816641,67.02743958,SELL,373
1640995200374000000,49000.93888311,105.11232429,SELL,374
1640995200375000000,48996.89590959,60.49013641,SELL,375
1640995200376000000,49005.70817381,31.07472231,BUY,376
1640995200377000000,49011.19714623,31.04510056,SELL,377
1640995200378000000,49020.67456861,14.14174337,SELL,378
1640995200379000000,49018.06097753,12.35666125,SELL,379
1640995200380000000,49019.02201830,35.86156464,BUY,380
1640995200381000000,49023.77579644,32.63209621,SELL,381
1640995200382000000,49019.72691722,95.23305570,BUY,382
1640995200383000000,49019.58346139,37.78718236,SELL,383
1640995200384000000,49015.92931514,86.13582693,SELL,384
1640995200385000000,49012.71962308,71.52075254,SELL,385
1640995200386000000,49006.90968807,59.59143724,SELL,386
1640995200387000000,49009.37355225,18.45769955,SELL,387
1640995200388000000,49010.35781896,43.25250383,BUY,388
1640995200389000000,49013.73310949,23.66346419,SELL,389
1640995200390000000,49029.47556624,42.30673850,BUY,390
1640995200391000000,49028.59140986,92.09326727,SELL,391
1640995200392000000,49035.18841895,77.40396010,BUY,392
1640995200393000000,49036.31485689,92.14460692,BUY,393
1640995200394000000,49031.10900319,44.10809136,SELL,394
1640995200395000000,49035.12445145,30.28894287,BUY,395
1640995200396000000,49032.87910574,39.89508595,SELL,396
1640995200397000000,49030.52312168,107.20470721,BUY,397
1640995200398000000,49034.69708867,69.18268715,SELL,398
1640995200399000000,49030.76790463,91.63684378,BUY,399
1640995200400000000,49030.13984715,20.89246028,BUY,400
1640995200401000000,49032.92175761,12.71771357,SELL,401
1640995200402000000,49026.95113246,38.57704493,BUY,402
1640995200403000000,49025.43388150,86.05225262,SELL,403
1640995200404000000,49021.69692254,76.40107179,SELL,404
1640995200405000000,49013.93873839,105.52088422,BUY,405
1640995200406000000,49009.82523220,13.95316075,SELL,406
1640995200407000000,49011.62144322,105.38431784,SELL,407
1640995200408000000,49013.96130856,19.14586396,SELL,408
1640995200409000000,49020.09962705,58.00706891,SELL,409
1640995200410000000,49031.60395162,77.90719385,SELL,410
1640995200411000000,49028.72397895,41.61506242,SELL,411
1640995200412000000,49027.84386548,48.11315550,SELL,412
1640995200413000000,49027.74606855,15.51966802,BUY,413
1640995200414000000,49022.88305724,38.70225614,BUY,414
1640995200415000000,49018.91389918,24.62215103,SELL,415
1640995200416000000,49020.93739560,37.59344456,BUY,416
1640995200417000000,49024.01029570,96.83876953,SELL,417
1640995200418000000,49028.88125903,55.27836000,SELL,418
1640995200419000000,49025.48861207,81.24368516,SELL,419
1640995200420000000,49022.98030763,50.00000449,BUY,420
1640995200421000000,49023.81854839,42.92415154,SELL,421
1640995200422000000,49023.01253134,16.15403088,BUY,422
1640995200423000000,49022.68322661,102.66454526,SELL,423
1640995200424000000,49025.45577982,73.09566542,BUY,424
1640995200425000000,49030.27223688,21.00129259,SELL,425
1640995200426000000,49030.81667980,71.94960432,BUY,426
1640995200427000000,49031.84772743,80.44076226,SELL,427
1640995200428000000,49029.42342952,75.74262445,SELL,428
1640995200429000000,49020.45503047,85.71640466,SELL,429
1640995200430000000,49023.95305003,11.34653990,SELL,430
1640995200431000000,49021.12324232,13.05281985,BUY,431
1640995200432000000,49012.04274459,69.83419150,SELL,432
1640995200433000000,49016.53270422,47.40553397,SELL,433
1640995200434000000,49013.18298200,22.95485673,BUY,434
1640995200435000000,49011.38402800,35.92103179,SELL,435
1640995200436000000,49010.94074611,35.43821178,SELL,436
1640995200437000000,49012.78329572,92.89846675,SELL,437
1640995200438000000,49008.94494892,66.08330340,BUY,438
1640995200439000000,49009.96985338,13.92971967,BUY,439
1640995200440000000,49014.24161984,42.06786842,SELL,440
1640995200441000000,49011.45048179,63.93510016,BUY,441
1640995200442000000,49008.33394446,94.51503236,SELL,442
1640995200443000000,49010.66704514,23.55073366,SELL,443
1640995200444000000,49009.79707340,75.73287194,BUY,444
1640995200445000000,49015.88204195,100.86131970,BUY,445
1640995200446000000,49010.69659033,63.53684857,SELL,446
1640995200447000000,49008.58981982,98.49482858,SELL,447
1640995200448000000,49006.25930352,84.01434182,BUY,448
1640995200449000000,49006.62624659,45.44072389,BUY,449
1640995200450000000,49008.43155139,32.62852370,SELL,450
1640995200451000000,49013.36011849,94.38590972,BUY,451
1640995200452000000,49026.32170534,100.48306397,BUY,452
1640995200453000000,49025.67100094,33.00949137,BUY,453
1640995200454000000,49026.83581565,94.93486695,SELL,454
1640995200455000000,49028.07691093,30.14625131,BUY,455
1640995200456000000,49022.97229746,22.45413362,BUY,456
1640995200457000000,49023.24542368,40.73439192,BUY,457
1640995200458000000,49025.67026936,43.36180910,BUY,458
1640995200459000000,49021.10947754,40.28349042,BUY,459
1640995200460000000,49021.03792529,45.55689227,SELL,460
1640995200461000000,49023.17251917,92.61281395,SELL,461
1640995200462000000,49020.00158001,85.13803245,BUY,462
1640995200463000000,49018.41434979,59.13436127,BUY,463
1640995200464000000,49013.72690163,48.32692089,SELL,464
1640995200465000000,49014.79345671,13.55874202,BUY,465
1640995200466000000,49022.94305657,41.59243734,BUY,466
1640995200467000000,49036.52417787,76.52680708,BUY,467
1640995200468000000,49033.18641731,23.89722805,BUY,468
1640995200469000000,49033.98448413,103.67125397,SELL,469
1640995200470000000,49039.95789702,93.49788554,SELL,470
1640995200471000000,49030.60151330,29.69727193,BUY,471
1640995200472000000,49039.63863526,84.61691931,SELL,472
1640995200473000000,49038.64888671,14.30056222,BUY,473
1640995200474000000,49043.56955442,19.86281323,SELL,474
1640995200475000000,49044.22561300,58.05758618,SELL,475
1640995200476000000,49047.12603890,40.54130773,SELL,476
1640995200477000000,49046.62020305,106.12297059,BUY,477
1640995200478000000,49046.54342744,53.68490318,BUY,478
1640995200479000000,49056.61193039,88.19381103,SELL,479
1640995200480000000,49057.63211094,53.35160064,BUY,480
1640995200481000000,49061.60301032,32.18423043,SELL,481
1640995200482000000,49057.41604614,27.99367277,BUY,482
1640995200483000000,49054.60293232,22.03480967,BUY,483
1640995200484000000,49049.07205905,101.77185153,BUY,484
1640995200485000000,49045.12383477,36.83937704,SELL,485
1640995200486000000,49050.31929912,40.85257492,BUY,486
1640995200487000000,49049.24144883,49.48208288,SELL,487
1640995200488000000,49043.90661691,39.43861102,SELL,488
1640995200489000000,49047.49512202,22.69590494,BUY,489
1640995200490000000,49053.16872820,75.17139516,SELL,490
1640995200491000000,49055.84266121,43.83962304,BUY,491
1640995200492000000,49057.69796280,69.88473384,BUY,492
1640995200493000000,49058.08623265,21.51426974,SELL,493
1640995200494000000,49058.87036712,99.25947284,BUY,494
1640995200495000000,49051.55696194,65.49333313,SELL,495
1640995200496000000,49057.17129632,82.41850692,BUY,496
1640995200497000000,49055.45006412,59.91949066,BUY,497
1640995200498000000,49054.94394401,20.68342531,BUY,498
1640995200499000000,49051.01110521,83.64371204,BUY,499
1640995200500000000,49055.59687324,44.59722796,SELL,500
1640995200501000000,49059.78819176,24.46958794,SELL,501
1640995200502000000,49055.25760719,39.11770670,SELL,502
1640995200503000000,49054.28580513,50.24941932,SELL,503
1640995200504000000,49057.77674988,40.28387551,SELL,504
1640995200505000000,49054.06279834,73.09828076,SELL,505
1640995200506000000,49050.89734192,73.58155891,BUY,506
1640995200507000000,49053.28423185,15.70406809,SELL,507
1640995200508000000,49048.29860167,92.98626008,BUY,508
1640995200509000000,49045.53488615,27.14236989,BUY,509
1640995200510000000,49043.02718265,14.31795558,SELL,510
1640995200511000000,49042.49613729,41.18211813,BUY,511
1640995200512000000,49043.07068429,101.58387368,BUY,512
1640995200513000000,49036.45699447,36.51124370,SELL,513
1640995200514000000,49029.56246287,69.13756451,SELL,514
1640995200515000000,49028.13771700,57.25305724,SELL,515
1640995200516000000,49022.22086108,47.80564955,SELL,516
1640995200517000000,49024.54141913,51.03269136,BUY,517
1640995200518000000,49027.14640385,108.67512466,SELL,518
1640995200519000000,49027.46449774,107.64927948,BUY,519
1640995200520000000,49024.00208304,58.24403868,SELL,520
1640995200521000000,49027.19318884,29.73953787,BUY,521
1640995200522000000,49026.24012262,76.57402515,SELL,522
1640995200523000000,49022.24706429,90.16029939,BUY,523
1640995200524000000,49021.68443010,51.07074884,BUY,524
1640995200525000000,49022.72729595,83.65737151,SELL,525
1640995200526000000,49022.51955129,33.16941722,BUY,526
1640995200527000000,49021.82978039,30.72433184,SELL,527
1640995200528000000,49020.67940204,25.74970891,BUY,528
1640995200529000000,49014.58438094,44.64226881,SELL,529
1640995200530000000,49018.51548970,84.10512098,SELL,530
1640995200531000000,49025.19802004,54.54916821,SELL,531
1640995200532000000,49018.76235655,38.69498715,BUY,532
1640995200533000000,49011.09507447,35.69527444,SELL,533
1640995200534000000,49009.75700985,89.41050888,SELL,534
1640995200535000000,49010.08529121,66.75922470,BUY,535
1640995200536000000,49005.27139654,109.98100851,SELL,536
1640995200537000000,48997.55977703,52.76102019,BUY,537
1640995200538000000,49000.08053431,101.02853497,BUY,538
1640995200539000000,48995.96160209,104.98084204,BUY,539
1640995200540000000,48999.53309665,64.69826670,BUY,540
1640995200541000000,48997.49193137,91.95101815,SELL,541
1640995200542000000,49001.70184445,97.56386637,SELL,542
1640995200543000000,48992.07018754,40.61291827,BUY,543
1640995200544000000,48989.06633101,31.68093577,BUY,544
1640995200545000000,48991.17387067,46.15805375,BUY,545
1640995200546000000,48986.84070408,26.43275174,SELL,546
1640995200547000000,48990.67766409,38.00405264,SELL,547
1640995200548000000,48986.00774468,26.78821707,SELL,548
1640995200549000000,48993.62835382,81.08093925,SELL,549
1640995200550000000,48995.19111110,22.78705548,BUY,550
1640995200551000000,48992.89810490,33.05210068,SELL,551
1640995200552000000,49002.87028369,61.77835437,BUY,552
1640995200553000000,49010.97432462,59.26143697,BUY,553
1640995200554000000,49012.04835771,90.25084098,SELL,554
1640995200555000000,49013.24131235,77.40843927,SELL,555
1640995200556000000,49014.59947021,109.29387720,SELL,556
1640995200557000000,49014.82655940,22.54501435,SELL,557
1640995200558000000,49017.82381179,58.84148343,SELL,558
1640995200559000000,49018.97500565,93.47310121,BUY,559
1640995200560000000,49020.65351292,85.60344167,BUY,560
1640995200561000000,49020.85647519,53.52007768,BUY,561
1640995200562000000,49021.58497150,106.89116081,BUY,562
1640995200563000000,49022.02522073,87.28532783,BUY,563
1640995200564000000,49023.39799841,65.79476430,SELL,564
1640995200565000000,49027.41357296,86.54454047,BUY,565
1640995200566000000,49022.98460114,36.58667628,SELL,566
1640995200567000000,49021.05149679,22.33448189,SELL,567
1640995200568000000,49020.57013813,18.13274499,BUY,568
1640995200569000000,49021.61877899,17.78344442,BUY,569
1640995200570000000,49023.31933713,21.94634572,SELL,570
1640995200571000000,49015.62964871,28.73122397,SELL,571
1640995200572000000,49007.16384170,96.40502868,BUY,572
1640995200573000000,49019.41091691,85.37603336,SELL,573
1640995200574000000,49017.01378926,59.44913982,BUY,574
1640995200575000000,49019.36618729,26.95092436,BUY,575
1640995200576000000,49024.46710902,17.52814195,BUY,576
1640995200577000000,49021.98148823,108.07085471,BUY,577
1640995200578000000,49021.69088293,27.60798785,BUY,578
1640995200579000000,49019.08770496,89.22776281,SELL,579
1640995200580000000,49011.03803605,107.48370093,SELL,580
1640995200581000000,49015.16911246,74.98022140,SELL,581
1640995200582000000,49010.21169422,59.48301979,SELL,582
1640995200583000000,49008.19356902,105.58228819,SELL,583
1640995200584000000,48999.82027496,49.86581778,BUY,584
1640995200585000000,49001.58326772,58.84372085,SELL,585
1640995200586000000,49005.00380393,57.65701449,BUY,586
1640995200587000000,48998.01827941,61.43709856,SELL,587
1640995200588000000,48992.65015724,25.44745757,SELL,588
1640995200589000000,48993.80194329,19.23529097,BUY,589
1640995200590000000,48997.92585226,33.31118051,BUY,590
1640995200591000000,48994.18222552,104.42645669,SELL,591
1640995200592000000,48996.75326565,78.80425462,BUY,592
1640995200593000000,48993.84709968,27.25120574,BUY,593
1640995200594000000,48987.58194697,39.37264594,BUY,594
1640995200595000000,48988.37482165,74.64933043,BUY,595
1640995200596000000,48987.83925947,102.94903467,BUY,596
1640995200597000000,48986.34802419,45.99288605,SELL,597
1640995200598000000,48995.58026923,66.98183718,BUY,598
1640995200599000000,49001.37923092,71.83780328,BUY,599
1640995200600000000,48993.24466274,109.93357443,BUY,600
1640995200601000000,48996.59595336,77.56126110,SELL,601
1640995200602000000,48989.64730780,49.02607482,SELL,602
1640995200603000000,48989.41933574,27.66623107,BUY,603
1640995200604000000,48991.66373866,62.05403065,SELL,604
1640995200605000000,48996.64941544,12.08689608,SELL,605
1640995200606000000,48995.78714625,51.29457282,SELL,606
1640995200607000000,48991.85285991,82.33319154,BUY,607
1640995200608000000,48997.12310315,15.22267731,SELL,608
1640995200609000000,49004.48451730,74.66552111,BUY,609
1640995200610000000,49011.47201885,104.14949792,BUY,610
1640995200611000000,49004.34995223,104.07013236,SELL,611
1640995200612000000,48998.93916122,88.86931404,BUY,612
1640995200613000000,49007.39625439,32.58372517,BUY,613
1640995200614000000,49006.39514625,81.22358696,SELL,614
1640995200615000000,49007.20746695,28.45726027,SELL,615
1640995200616000000,49009.16919297,68.65301675,BUY,616
1640995200617000000,49008.72738339,19.77046240,BUY,617
1640995200618000000,49003.70061250,96.33278660,SELL,618
1640995200619000000,49010.17346910,36.26327617,SELL,619
1640995200620000000,49009.85758862,61.12982006,SELL,620
1640995200621000000,49012.67536841,19.82284750,BUY,621
1640995200622000000,49008.84108643,52.88358259,SELL,622
1640995200623000000,49019.42117711,77.81351975,SELL,623
1640995200624000000,49019.01893621,68.53538341,SELL,624
1640995200625000000,49016.67682467,70.46607977,SELL,625
1640995200626000000,49001.75726276,81.02490604,BUY,626
1640995200627000000,49005.70218460,33.83527741,SELL,627
1640995200628000000,49004.45719826,11.39349205,BUY,628
1640995200629000000,49004.28462110,35.58658156,BUY,629
1640995200630000000,49000.56281615,57.09347883,SELL,630
1640995200631000000,48995.14560286,17.62449011,SELL,631
1640995200632000000,48995.61087850,68.92258358,BUY,632
1640995200633000000,48992.95698402,99.22234559,SELL,633
1640995200634000000,48982.16016872,13.65546484,SELL,634
1640995200635000000,48987.50375492,33.57758029,BUY,635
1640995200636000000,48985.17730682,50.11514046,BUY,636
1640995200637000000,48980.37605754,48.43559107,BUY,637
1640995200638000000,48978.37143785,74.70232625,BUY,638
1640995200639000000,48975.24167458,66.80693510,BUY,639
1640995200640000000,48971.31887909,23.43077922,BUY,640
1640995200641000000,48981.66087790,70.98851989,BUY,641
1640995200642000000,48984.72273302,19.93961141,BUY,642
1640995200643000000,48981.57706446,71.04361363,SELL,643
1640995200644000000,48974.05156817,24.99934060,SELL,644
1640995200645000000,48976.00574885,104.32092417,BUY,645
1640995200646000000,48978.19326644,59.40822368,BUY,646
1640995200647000000,48963.99853543,36.01942205,SELL,647
1640995200648000000,48965.99744779,27.56157838,SELL,648
1640995200649000000,47981.24777156,41.81059022,BUY,649
1640995200650000000,47979.73486686,81.67740483,BUY,650
1640995200651000000,47980.39536935,69.11192688,SELL,651
1640995200652000000,47978.71865665,39.27036135,BUY,652
1640995200653000000,47983.38984081,82.58950098,BUY,653
1640995200654000000,47987.56916023,63.73624265,SELL,654
1640995200655000000,47985.90237103,26.26755592,SELL,655
1640995200656000000,47981.37435681,37.72926594,BUY,656
1640995200657000000,47980.34144845,84.35730274,BUY,657
1640995200658000000,47976.77897316,57.82966365,BUY,658
1640995200659000000,47976.15897571,45.81238708,BUY,659
1640995200660000000,47977.14129588,91.79137263,SELL,660
1640995200661000000,47979.82529099,96.40490423,SELL,661
1640995200662000000,47981.18133333,22.96851365,BUY,662
1640995200663000000,47973.59828026,14.07617888,BUY,663
1640995200664000000,47985.20177433,73.62910022,SELL,664
1640995200665000000,47982.76278430,25.96326318,BUY,665
1640995200666000000,47982.47476541,23.78940049,SELL,666
1640995200667000000,47985.81429221,54.10887444,SELL,667
1640995200668000000,47991.52191792,50.00438221,SELL,668
1640995200669000000,47982.02388324,78.93348366,BUY,669
1640995200670000000,47981.30894880,95.84366878,SELL,670
1640995200671000000,47974.62828673,45.46873418,SELL,671
1640995200672000000,47976.49335770,35.33314832,SELL,672
1640995200673000000,47986.22225658,38.94998618,BUY,673
1640995200674000000,47986.45793380,23.08459063,SELL,674
1640995200675000000,47987.91129782,81.49466356,BUY,675
1640995200676000000,47983.44208034,82.02737836,BUY,676
1640995200677000000,47977.59923638,60.95256780,BUY,677
1640995200678000000,47975.26115021,42.61682302,SELL,678
1640995200679000000,47967.98785001,42.24911232,SELL,679
1640995200680000000,47960.55674563,54.41918395,SELL,680
1640995200681000000,47959.33976630,89.48416134,SELL,681
1640995200682000000,47961.02777646,106.45477955,BUY,682
1640995200683000000,47961.77550753,57.88921721,BUY,683
1640995200684000000,47966.99348439,61.47036980,SELL,684
1640995200685000000,47964.77196998,96.24853296,SELL,685
1640995200686000000,47969.55652818,44.18676992,SELL,686
1640995200687000000,47973.34905773,16.28819863,BUY,687
1640995200688000000,47976.02996426,95.98976878,BUY,688
1640995200689000000,47976.40996267,35.01255945,BUY,689
1640995200690000000,47978.01450426,107.33119727,SELL,690
1640995200691000000,47984.48307081,71.53225140,BUY,691
1640995200692000000,47990.59071653,77.31287371,BUY,692
1640995200693000000,47990.93451100,36.45640185,SELL,693
1640995200694000000,47994.20949915,97.48851038,SELL,694
1640995200695000000,47988.83685905,36.38807099,SELL,695
1640995200696000000,47986.56555690,37.38497130,SELL,696
1640995200697000000,47984.93862717,80.17469781,BUY,697
1640995200698000000,47982.23179572,70.86627222,SELL,698
1640995200699000000,47984.96144539,62.54165721,SELL,699
1640995200700000000,47987.50178285,64.95413641,BUY,700
1640995200701000000,47993.90769561,19.13709709,BUY,701
1640995200702000000,47998.43517041,53.55774362,SELL,702
1640995200703000000,47994.30611508,58.33823875,BUY,703
1640995200704000000,47995.71123158,45.74475583,BUY,704
1640995200705000000,47994.41145810,42.67570943,SELL,705
1640995200706000000,47998.45556444,15.47757195,BUY,706
1640995200707000000,48004.13839105,78.60239368,BUY,707
1640995200708000000,48000.47634753,24.51771526,BUY,708
1640995200709000000,48005.38653351,79.13155191,BUY,709
1640995200710000000,48008.03010828,96.90230291,BUY,710
1640995200711000000,48011.60980243,98.35615435,BUY,711
1640995200712000000,47999.79999834,30.29459859,SELL,712
1640995200713000000,48000.42401824,76.95005476,SELL,713
1640995200714000000,47993.60284128,97.12216269,BUY,714
1640995200715000000,47988.30508161,15.51027854,BUY,715
1640995200716000000,47992.38074208,107.76848064,BUY,716
1640995200717000000,47990.35236129,66.16897670,SELL,717
1640995200718000000,47985.23074084,19.11412538,BUY,718
1640995200719000000,47977.11236585,87.03439178,BUY,719
1640995200720000000,47984.71176452,105.04027160,SELL,720
1640995200721000000,47985.81034915,17.05803614,BUY,721
1640995200722000000,47989.47646853,86.50331065,SELL,722
1640995200723000000,47988.12523496,83.25810716,SELL,723
1640995200724000000,47988.55190233,82.02296172,SELL,724
1640995200725000000,47979.40637238,95.83283259,SELL,725
1640995200726000000,47974.62853451,15.73078287,SELL,726
1640995200727000000,47969.80821439,42.23067232,SELL,727
1640995200728000000,47969.08060815,89.55943787,SELL,728
1640995200729000000,47965.93592147,64.79253846,SELL,729
1640995200730000000,47957.16575682,96.96396914,SELL,730
1640995200731000000,47956.62906488,58.11567935,SELL,731
1640995200732000000,47959.58987215,23.79513010,SELL,732
1640995200733000000,47956.20523271,30.90959195,BUY,733
1640995200734000000,47961.67552824,71.98106435,SELL,734
1640995200735000000,47951.35718307,27.95475363,SELL,735
1640995200736000000,47947.89681365,55.71091804,BUY,736
1640995200737000000,47950.43427492,81.53971274,SELL,737
1640995200738000000,47957.65200711,45.56061884,SELL,738
1640995200739000000,47960.17966251,99.33712435,BUY,739
1640995200740000000,47963.34122822,97.49376265,SELL,740
1640995200741000000,47964.85661524,73.68795817,BUY,741
1640995200742000000,47961.55813778,24.47954642,SELL,742
1640995200743000000,47958.09608417,17.33404191,BUY,743
1640995200744000000,47950.14694265,21.57459573,SELL,744
1640995200745000000,47952.06636881,61.72904368,SELL,745
1640995200746000000,47955.64879963,65.68602413,BUY,746
1640995200747000000,47950.83510273,105.88894039,SELL,747
1640995200748000000,47951.18422014,35.71131472,SELL,748
1640995200749000000,47956.57418090,28.98555816,BUY,749
1640995200750000000,47952.67995765,77.10637819,BUY,750
1640995200751000000,47957.46946986,49.33077796,BUY,751
1640995200752000000,47957.13143370,18.21418748,BUY,752
1640995200753000000,47961.71984184,48.31284456,SELL,753
1640995200754000000,47971.44711287,54.53342708,SELL,754
1640995200755000000,47965.22333186,102.93687679,SELL,755
1640995200756000000,47968.65106053,68.50166618,SELL,756
1640995200757000000,47973.51175337,64.27776430,SELL,757
1640995200758000000,47968.58147062,16.07450746,BUY,758
1640995200759000000,47963.50135289,43.58749364,SELL,759
1640995200760000000,47974.85277592,48.75117635,SELL,760
1640995200761000000,47973.91573639,36.33209906,SELL,761
1640995200762000000,47967.21322397,18.90925558,SELL,762
1640995200763000000,47962.54018011,19.12594867,BUY,763
1640995200764000000,47963.60831205,54.96203249,SELL,764
1640995200765000000,47958.48774035,68.04272301,SELL,765
1640995200766000000,47954.16176896,93.38127409,BUY,766
1640995200767000000,47958.89311674,85.33469089,SELL,767
1640995200768000000,47957.96542507,85.54594898,BUY,768
1640995200769000000,47952.89844527,98.00836347,SELL,769
1640995200770000000,47949.57778006,108.51704517,SELL,770
1640995200771000000,47946.64554256,51.17412026,SELL,771
1640995200772000000,47947.45757918,39.09578670,BUY,772
1640995200773000000,47956.94009900,99.85239720,SELL,773
1640995200774000000,47959.79599958,44.73119336,BUY,774
1640995200775000000,47959.17777854,41.71489037,BUY,775
1640995200776000000,47956.12359279,29.50147675,BUY,776
1640995200777000000,47956.14989888,87.84172079,BUY,777
1640995200778000000,47955.98574236,61.90550225,SELL,778
1640995200779000000,47956.44766396,97.24818363,BUY,779
1640995200780000000,47954.37606273,14.79547693,SELL,780
1640995200781000000,47960.12245481,53.10573080,SELL,781
1640995200782000000,47956.49827203,63.15648671,BUY,782
1640995200783000000,46999.13892586,41.24444812,BUY,783
1640995200784000000,47006.24801935,85.89813365,BUY,784
1640995200785000000,46996.38038637,61.94437158,SELL,785
1640995200786000000,46998.71753268,72.67346255,BUY,786
1640995200787000000,47005.26408822,21.52241555,SELL,787
1640995200788000000,47006.87851166,48.10652409,SELL,788
1640995200789000000,47003.75197975,109.12262087,BUY,789
1640995200790000000,47006.71399464,55.63802726,SELL,790
1640995200791000000,47000.18725431,20.01494242,SELL,791
1640995200792000000,47003.10251137,76.04617029,SELL,792
1640995200793000000,47000.42547769,38.64056787,BUY,793
1640995200794000000,46997.21762629,12.76470918,SELL,794
1640995200795000000,47003.97283937,79.17907474,SELL,795
1640995200796000000,47010.45243961,94.48438290,SELL,796
1640995200797000000,47005.58535000,61.49698451,SELL,797
1640995200798000000,47005.73332928,22.47354649,SELL,798
1640995200799000000,47001.55895058,106.56419329,BUY,799
1640995200800000000,46998.40035017,69.60705216,SELL,800
1640995200801000000,47003.00557219,10.63581351,BUY,801
1640995200802000000,47008.65524146,32.63316950,SELL,802
1640995200803000000,46999.74026557,79.93541226,SELL,803
1640995200804000000,46997.39108311,26.10949073,SELL,804
1640995200805000000,47010.14873013,90.65631640,BUY,805
1640995200806000000,47014.38599308,60.06316270,SELL,806
1640995200807000000,47022.15907237,47.52453286,BUY,807
1640995200808000000,47017.71215777,102.04367683,SELL,808
1640995200809000000,47014.27531704,30.85586443,SELL,809
1640995200810000000,47020.39015913,81.06883497,SELL,810
1640995200811000000,47020.20792089,64.56292804,BUY,811
1640995200812000000,47019.88277603,56.10110451,BUY,812
1640995200813000000,47015.82636573,78.78204700,BUY,813
1640995200814000000,47005.16911889,72.52769745,SELL,814
1640995200815000000,46999.37698503,99.46895917,SELL,815
1640995200816000000,46997.99070425,62.57757983,SELL,816
1640995200817000000,46998.58518664,94.10735348,SELL,817
1640995200818000000,46999.31347382,28.97570550,SELL,818
1640995200819000000,46996.52649137,62.65536053,BUY,819
1640995200820000000,46995.84237626,44.36757383,SELL,820
1640995200821000000,46995.10511283,52.40207623,BUY,821
1640995200822000000,46997.33116595,55.87238015,SELL,822
1640995200823000000,46999.68694294,47.52705389,SELL,823
1640995200824000000,47008.56660002,34.70079179,BUY,824
1640995200825000000,47013.17607090,89.18466809,BUY,825
1640995200826000000,47018.25774640,18.73063561,BUY,826
1640995200827000000,47006.91301140,76.46979955,SELL,827
1640995200828000000,47000.28930333,47.09101996,SELL,828
1640995200829000000,47008.24017907,94.46960122,BUY,829
1640995200830000000,47014.67444789,91.35476579,SELL,830
1640995200831000000,47007.33212505,19.21323858,SELL,831
1640995200832000000,47007.01811871,62.79009920,BUY,832
1640995200833000000,47005.28295917,32.15915977,SELL,833
1640995200834000000,47001.78703272,27.60980838,SELL,834
1640995200835000000,47000.30255281,69.98426846,BUY,835
1640995200836000000,46995.37490772,105.88890389,BUY,836
1640995200837000000,46998.36098182,53.57186937,BUY,837
1640995200838000000,47000.24541673,94.17470963,BUY,838
1640995200839000000,47006.11207135,13.77628327,SELL,839
1640995200840000000,47009.63749368,87.03317835,SELL,840
1640995200841000000,47014.96387932,53.84228336,BUY,841
1640995200842000000,47011.36589372,10.88599364,BUY,842
1640995200843000000,47014.09513332,55.29656745,SELL,843
1640995200844000000,47014.19265107,103.58391886,BUY,844
1640995200845000000,47023.52044568,21.55872274,BUY,845
1640995200846000000,47030.42544640,76.78413815,BUY,846
1640995200847000000,47026.13123506,96.54469078,BUY,847
1640995200848000000,47028.40034366,30.41212104,SELL,848
1640995200849000000,47028.41731730,90.38915410,BUY,849
1640995200850000000,47029.63461450,16.29626168,SELL,850
1640995200851000000,47028.00389399,36.91117498,BUY,851
1640995200852000000,47028.92842886,27.33999655,SELL,852
1640995200853000000,47021.24521443,56.04075428,SELL,853
1640995200854000000,47024.91839092,68.00859708,BUY,854
1640995200855000000,47025.17587230,26.30047201,BUY,855
1640995200856000000,47019.77004425,64.74245811,BUY,856
1640995200857000000,47013.40809720,79.35360457,SELL,857
1640995200858000000,47014.22300282,55.92556604,BUY,858
1640995200859000000,47020.85643319,51.67881778,SELL,859
1640995200860000000,47020.96602520,95.43740622,SELL,860
1640995200861000000,47016.44410177,28.49165485,SELL,861
1640995200862000000,47009.22137553,78.58070794,SELL,862
1640995200863000000,47009.56834930,38.85201507,BUY,863
1640995200864000000,47009.35287508,91.40213124,SELL,864
1640995200865000000,47008.41565863,82.37235244,BUY,865
1640995200866000000,47009.17050608,94.73263694,SELL,866
1640995200867000000,47012.15253439,46.07302437,SELL,867
1640995200868000000,47010.37203001,14.05909778,SELL,868
1640995200869000000,47001.95270974,83.25002544,BUY,869
1640995200870000000,46999.39288067,26.78996384,BUY,870
1640995200871000000,46993.07228449,13.13102866,SELL,871
1640995200872000000,46996.95949250,91.66216411,SELL,872
1640995200873000000,47001.50040951,16.59292732,SELL,873
1640995200874000000,47002.85147324,19.98014808,SELL,874
1640995200875000000,46997.35494381,11.53208364,BUY,875
1640995200876000000,47000.13084547,95.60602114,BUY,876
1640995200877000000,47002.69589355,63.49154765,SELL,877
1640995200878000000,46996.93215407,30.92300015,SELL,878
1640995200879000000,46997.88887575,67.70797589,BUY,879
1640995200880000000,47002.84725429,13.82189880,SELL,880
1640995200881000000,47000.54590384,102.74798829,SELL,881
1640995200882000000,47002.70230808,62.61028389,BUY,882
1640995200883000000,46998.33580529,75.45231377,SELL,883
1640995200884000000,47006.33558625,80.35102016,SELL,884
1640995200885000000,47001.65758833,39.07297340,BUY,885
1640995200886000000,47009.90873431,69.24533741,SELL,886
1640995200887000000,47009.63436037,54.88330836,BUY,887
1640995200888000000,47008.90053098,23.42495855,BUY,888
1640995200889000000,47021.66795562,40.92460999,SELL,889
1640995200890000000,47029.13039271,51.38792430,BUY,890
1640995200891000000,47026.18394855,64.83201657,BUY,891
1640995200892000000,47026.78155409,76.43134538,BUY,892
1640995200893000000,47035.81484037,108.78408306,BUY,893
1640995200894000000,47031.36151596,27.69069180,SELL,894
1640995200895000000,47033.43403256,101.70225318,BUY,895
1640995200896000000,47036.97454196,33.55569906,BUY,896
1640995200897000000,47037.88109955,44.86734391,BUY,897
1640995200898000000,47030.73853576,40.61750440,SELL,898
1640995200899000000,47027.95230679,90.53263166,SELL,899
1640995200900000000,47031.29215130,92.12597256,SELL,900
1640995200901000000,47032.89346857,13.63984325,SELL,901
1640995200902000000,47034.09750685,66.33830211,SELL,902
1640995200903000000,47039.58173469,73.87953108,BUY,903
1640995200904000000,47042.40779974,104.98991450,BUY,904
1640995200905000000,47043.31448331,68.50913835,BUY,905
1640995200906000000,47047.04535846,15.59712180,BUY,906
1640995200907000000,47039.36682154,54.86425364,SELL,907
1640995200908000000,47036.92927942,17.65367971,SELL,908
1640995200909000000,47028.07077740,39.38549161,BUY,909
1640995200910000000,47025.67159586,14.11002858,BUY,910
1640995200911000000,47027.42669960,85.12647474,BUY,911
1640995200912000000,47029.97861195,43.79976891,BUY,912
1640995200913000000,47026.56425224,97.47260531,BUY,913
1640995200914000000,47029.58081320,50.32321659,SELL,914
1640995200915000000,47032.93797712,78.85005182,BUY,915
1640995200916000000,47034.26280079,91.85576517,BUY,916
1640995200917000000,47025.34514898,42.10541618,SELL,917
1640995200918000000,47031.70928974,77.81079903,BUY,918
1640995200919000000,47034.72278214,87.28600163,BUY,919
1640995200920000000,47034.18082066,92.13500491,SELL,920
1640995200921000000,47032.91548859,80.71978417,SELL,921
1640995200922000000,47039.09130980,60.72734842,BUY,922
1640995200923000000,47033.24083525,74.93734866,BUY,923
1640995200924000000,47037.17892399,101.68372641,BUY,924
1640995200925000000,47035.45134556,107.80431711,BUY,925
1640995200926000000,47040.70637801,65.81688035,SELL,926
1640995200927000000,47037.89964652,101.95186633,SELL,927
1640995200928000000,47037.10123628,87.48804032,BUY,928
1640995200929000000,47040.09039325,48.21768135,BUY,929
1640995200930000000,47036.11374978,70.97245951,SELL,930
1640995200931000000,47046.07449540,13.23769815,SELL,931
1640995200932000000,47044.59620533,73.85354213,BUY,932
1640995200933000000,47037.18161095,73.91630418,BUY,933
1640995200934000000,47041.34061594,76.06960522,BUY,934
1640995200935000000,47038.24994475,108.71492106,BUY,935
1640995200936000000,47032.14815582,45.67706846,BUY,936
1640995200937000000,47037.37035755,14.84644428,BUY,937
1640995200938000000,47034.69062415,56.71025996,SELL,938
1640995200939000000,47032.51858417,106.92951370,BUY,939
1640995200940000000,47036.86910393,64.29994796,BUY,940
1640995200941000000,47038.96936535,40.51756683,BUY,941
1640995200942000000,47035.39879728,26.23999874,SELL,942
1640995200943000000,47039.50312781,33.51378227,BUY,943
1640995200944000000,47045.81187953,78.16973866,SELL,944
1640995200945000000,47052.09922979,57.24314661,SELL,945
1640995200946000000,47049.33749506,90.32474736,BUY,946
1640995200947000000,47055.50201155,36.73315764,SELL,947
1640995200948000000,47054.44285975,66.44443230,BUY,948
1640995200949000000,47058.85168044,51.87525609,SELL,949
1640995200950000000,47058.19725879,88.69824138,SELL,950
1640995200951000000,47053.56915273,86.36276798,SELL,951
1640995200952000000,47055.32929401,50.13177292,BUY,952
1640995200953000000,47056.83055991,73.72622142,BUY,953
1640995200954000000,47060.92876649,79.22294076,SELL,954
1640995200955000000,47050.96435035,67.64710778,BUY,955
1640995200956000000,47050.52880464,47.88477026,SELL,956
1640995200957000000,47046.98420594,62.90112677,SELL,957
1640995200958000000,47036.14651619,12.16104187,SELL,958
1640995200959000000,47039.29108133,77.56226409,BUY,959
1640995200960000000,47033.61827345,48.27204886,SELL,960
1640995200961000000,47039.07617089,58.59001539,SELL,961
1640995200962000000,47041.46213959,64.25364019,SELL,962
1640995200963000000,47037.85331739,74.93230575,BUY,963
1640995200964000000,47033.91091009,43.62713347,BUY,964
1640995200965000000,47033.14390504,91.57133253,BUY,965
1640995200966000000,47037.14069763,55.58672768,BUY,966
1640995200967000000,47034.58970632,15.91527577,SELL,967
1640995200968000000,47036.58292299,15.37371495,SELL,968
1640995200969000000,47038.71620717,92.11970053,BUY,969
1640995200970000000,47036.50229558,29.59663712,BUY,970
1640995200971000000,47033.47695988,20.49386745,SELL,971
1640995200972000000,47030.95238094,11.66189837,BUY,972
1640995200973000000,47026.93425212,82.35343331,BUY,973
1640995200974000000,47021.47290793,57.31638996,SELL,974
1640995200975000000,47028.00358409,107.75185401,BUY,975
1640995200976000000,47023.90658869,80.61002703,BUY,976
1640995200977000000,47023.22916708,22.84182008,SELL,977
1640995200978000000,47024.37804581,36.22971508,SELL,978
1640995200979000000,47028.82895362,55.43317017,SELL,979
1640995200980000000,47032.80101384,86.74847948,SELL,980
1640995200981000000,47031.62845083,85.50246879,BUY,981
1640995200982000000,47024.96927143,30.27159941,BUY,982
1640995200983000000,47022.25370000,57.66648743,BUY,983
1640995200984000000,47032.95883937,49.38240729,SELL,984
1640995200985000000,47038.25279068,32.49172044,SELL,985
1640995200986000000,47035.61835843,106.58681916,BUY,986
1640995200987000000,47033.56244011,69.13400549,BUY,987
1640995200988000000,47034.38978202,64.80439024,BUY,988
1640995200989000000,47033.56731756,95.83755924,SELL,989
1640995200990000000,47041.38740935,58.94017547,BUY,990
1640995200991000000,47042.52168737,30.26253629,SELL,991
1640995200992000000,47042.26247720,20.64208188,SELL,992
1640995200993000000,47040.72459980,10.04616438,SELL,993
1640995200994000000,47044.52723264,75.58482189,BUY,994
1640995200995000000,47045.62428000,49.39175181,BUY,995
1640995200996000000,47046.32676187,18.21581833,BUY,996
1640995200997000000,47043.83346346,54.83530344,BUY,997
1640995200998000000,47039.95663416,37.88967609,BUY,998
1640995200999000000,47042.84824033,70.52391036,BUY,999
1640995201000000000,47047.36226868,49.23708275,BUY,1000
1640995201001000000,47046.09641996,30.31182214,BUY,1001
1640995201002000000,47040.95389034,80.24553980,SELL,1002
1640995201003000000,47033.84045695,59.23436155,SELL,1003
1640995201004000000,47035.65866776,65.97384508,BUY,1004
1640995201005000000,47033.90314486,37.86798819,BUY,1005
1640995201006000000,47039.78900446,39.23312270,SELL,1006
1640995201007000000,47045.22909234,78.21423778,SELL,1007
1640995201008000000,47041.64488010,79.39482602,BUY,1008
1640995201009000000,47041.72698913,37.88658835,SELL,1009
1640995201010000000,47043.85679440,61.72553524,SELL,1010
1640995201011000000,47049.92331031,72.06739094,BUY,1011
1640995201012000000,47055.49914403,69.61153118,BUY,1012
1640995201013000000,47060.45159269,72.90415123,BUY,1013
1640995201014000000,47048.80672384,14.55553658,BUY,1014
1640995201015000000,47052.26190036,109.89175858,SELL,1015
1640995201016000000,47048.86389054,79.30981458,SELL,1016
1640995201017000000,47045.06288451,94.19930224,BUY,1017
1640995201018000000,47042.80726423,47.52009335,SELL,1018
1640995201019000000,47036.62762218,49.24562989,SELL,1019
1640995201020000000,47030.44377684,101.11153235,BUY,1020
1640995201021000000,47034.48722588,53.88824154,BUY,1021
1640995201022000000,47030.82507812,12.17191786,SELL,1022
1640995201023000000,47026.43513125,33.81991387,SELL,1023
1640995201024000000,47021.37232982,26.16660919,BUY,1024
1640995201025000000,47021.23629095,79.25440149,SELL,1025
1640995201026000000,47022.18639331,74.53465764,SELL,1026
1640995201027000000,47028.12024537,76.50591332,BUY,1027
1640995201028000000,47028.89633544,63.06498078,BUY,1028
1640995201029000000,47024.43059749,11.46933999,SELL,1029
1640995201030000000,47017.09414170,91.98010570,BUY,1030
1640995201031000000,47025.46285565,24.02774070,BUY,1031
1640995201032000000,47021.78003591,38.82183338,SELL,1032
1640995201033000000,47027.23272541,49.83031925,SELL,1033
1640995201034000000,47033.41583754,80.20912803,BUY,1034
1640995201035000000,47030.98678280,24.50821916,BUY,1035
1640995201036000000,47033.68192001,104.43212644,BUY,1036
1640995201037000000,47034.98544414,106.87124829,BUY,1037
1640995201038000000,47032.12919669,92.59451806,SELL,1038
1640995201039000000,47036.24528116,103.75725065,SELL,1039
1640995201040000000,47049.14138994,69.19027398,SELL,1040
1640995201041000000,47046.66124727,68.40413226,SELL,1041
1640995201042000000,47046.06277270,93.87991925,BUY,1042
1640995201043000000,47054.25667727,19.97083587,SELL,1043
1640995201044000000,47050.19128035,12.87148744,SELL,1044
1640995201045000000,47050.44352902,96.79033320,SELL,1045
1640995201046000000,47053.68818882,83.42549373,BUY,1046
1640995201047000000,47046.21610228,17.73566629,BUY,1047
1640995201048000000,47046.14409099,108.87775443,BUY,1048
1640995201049000000,47050.45871050,78.84156929,SELL,1049
1640995201050000000,47048.47731144,15.73922312,BUY,1050
1640995201051000000,47037.07072495,43.36941594,BUY,1051
1640995201052000000,47034.77657636,26.31050252,BUY,1052
1640995201053000000,47038.39780902,39.37348608,SELL,1053
1640995201054000000,47037.77770477,82.45769755,SELL,1054
1640995201055000000,47037.62834404,21.52447004,BUY,1055
1640995201056000000,47030.53362719,100.18555902,SELL,1056
1640995201057000000,47028.99614178,55.18319729,SELL,1057
1640995201058000000,47031.21957524,73.05727829,SELL,1058
1640995201059000000,47038.85611449,100.93965935,SELL,1059
1640995201060000000,47044.14809381,74.46242120,SELL,1060
1640995201061000000,47053.05341614,38.98735546,SELL,1061
1640995201062000000,47054.06151038,107.29954872,BUY,1062
1640995201063000000,47051.79775907,97.87024630,BUY,1063
1640995201064000000,47050.41487758,42.64582630,BUY,1064
1640995201065000000,47051.86739253,61.03492969,BUY,1065
1640995201066000000,47051.99518052,96.35662947,SELL,1066
1640995201067000000,47045.76483662,76.42595107,SELL,1067
1640995201068000000,47043.19858809,102.93951682,BUY,1068
1640995201069000000,47046.70387058,102.55976794,SELL,1069
1640995201070000000,47043.12875944,21.18111406,SELL,1070
1640995201071000000,47038.91931755,28.24223264,SELL,1071
1640995201072000000,47036.52574319,36.78963501,SELL,1072
1640995201073000000,47031.69496279,89.56226553,SELL,1073
1640995201074000000,47024.48783317,56.20439089,BUY,1074
1640995201075000000,47025.02402086,41.19043905,BUY,1075
1640995201076000000,47023.78168568,23.25612383,BUY,1076
1640995201077000000,47024.11396916,93.50505977,SELL,1077
1640995201078000000,47025.78034950,15.54294791,BUY,1078
1640995201079000000,47021.30575220,99.91681783,BUY,1079
1640995201080000000,47019.06906165,91.25785510,SELL,1080
1640995201081000000,47022.46337961,59.48266777,SELL,1081
1640995201082000000,47025.87487493,73.36050309,BUY,1082
1640995201083000000,47026.23313547,73.72100379,SELL,1083
1640995201084000000,47030.23232353,51.08368860,SELL,1084
1640995201085000000,47021.45476749,62.83521879,BUY,1085
1640995201086000000,47014.27034074,49.00634236,SELL,1086
1640995201087000000,47009.14223246,65.21161638,BUY,1087
1640995201088000000,47008.19870239,71.72793943,SELL,1088
1640995201089000000,47003.97263773,88.32907930,BUY,1089
1640995201090000000,47012.71250209,100.77827127,SELL,1090
1640995201091000000,47007.55270138,33.62100157,SELL,1091
1640995201092000000,47003.77215978,33.34263735,BUY,1092
1640995201093000000,47000.63909470,95.01453646,BUY,1093
1640995201094000000,47003.30051026,100.45459805,SELL,1094
1640995201095000000,47000.03753280,44.61881600,BUY,1095
1640995201096000000,46997.54266357,87.61971817,BUY,1096
1640995201097000000,46991.45993260,39.91148668,BUY,1097
1640995201098000000,46992.16233983,57.41374778,BUY,1098
1640995201099000000,46996.81853492,91.84123344,SELL,1099
1640995201100000000,46995.17104664,45.37340647,SELL,1100
1640995201101000000,46995.83292467,100.37436433,BUY,1101
1640995201102000000,47003.50456905,39.12219881,BUY,1102
1640995201103000000,47015.11545022,85.71918845,BUY,1103
1640995201104000000,47009.87064645,74.28407633,SELL,1104
1640995201105000000,47005.81198718,43.18896885,SELL,1105
1640995201106000000,47010.19279649,37.21918294,SELL,1106
1640995201107000000,47015.34664170,67.81347861,BUY,1107
1640995201108000000,47013.98873999,49.07631403,SELL,1108
1640995201109000000,47014.88609046,22.77492698,BUY,1109
1640995201110000000,47014.22109844,23.06723069,BUY,1110
1640995201111000000,47015.81856608,44.73647634,BUY,1111
1640995201112000000,47016.19992182,64.85649430,SELL,1112
1640995201113000000,47019.93059264,49.92291128,BUY,1113
1640995201114000000,47011.43885130,49.86314943,BUY,1114
1640995201115000000,47005.49025718,40.67940577,SELL,1115
1640995201116000000,47011.96349071,60.42891233,BUY,1116
1640995201117000000,47014.97492695,104.44658995,BUY,1117
1640995201118000000,47017.63265358,83.47914091,SELL,1118
1640995201119000000,47027.82043612,39.55176675,SELL,1119
1640995201120000000,47028.36249301,28.73551311,SELL,1120
1640995201121000000,47033.01512485,68.92776577,BUY,1121
1640995201122000000,47030.28559156,66.90035484,SELL,1122
1640995201123000000,47024.08459817,61.78907636,SELL,1123
1640995201124000000,47029.04354573,36.44056072,BUY,1124
1640995201125000000,47023.90474030,10.54173872,BUY,1125
1640995201126000000,47018.83737188,72.54737300,SELL,1126
1640995201127000000,47023.78927482,62.10401017,SELL,1127
1640995201128000000,47023.32217954,18.45059369,BUY,1128
1640995201129000000,47022.07835284,17.72624000,SELL,1129
1640995201130000000,47016.94429945,93.87113245,BUY,1130
1640995201131000000,47014.18455101,82.95059396,SELL,1131
1640995201132000000,47008.22912982,65.08811982,SELL,1132
1640995201133000000,47008.09549570,94.33506826,BUY,1133
1640995201134000000,47009.00632519,64.33053700,BUY,1134
1640995201135000000,47006.57269728,91.91877781,BUY,1135
1640995201136000000,47008.85391118,11.64030951,SELL,1136
1640995201137000000,46997.85585871,43.61690762,SELL,1137
1640995201138000000,47003.55212048,84.47073431,BUY,1138
1640995201139000000,47000.81603272,62.75546155,BUY,1139
1640995201140000000,47000.79755616,43.76691074,SELL,1140
1640995201141000000,46998.74842756,83.55699221,SELL,1141
1640995201142000000,47002.91519360,13.06379995,BUY,1142
1640995201143000000,46997.57326124,33.87552592,SELL,1143
1640995201144000000,46994.61578540,97.44740474,BUY,1144
1640995201145000000,46995.01425980,59.11645954,SELL,1145
1640995201146000000,46997.43194784,39.48888195,SELL,1146
1640995201147000000,47001.76250386,36.25132953,SELL,1147
1640995201148000000,47004.12947339,88.41494740,SELL,1148
1640995201149000000,47011.62724213,106.72970764,BUY,1149
1640995201150000000,47009.56778331,29.05748848,SELL,1150
1640995201151000000,47007.63755124,15.31572514,SELL,1151
1640995201152000000,47008.66158461,49.59494872,SELL,1152
1640995201153000000,47007.93487727,15.55155347,BUY,1153
1640995201154000000,47011.39063098,38.16519313,SELL,1154
1640995201155000000,47007.82197199,80.47926066,BUY,1155
1640995201156000000,47001.32163226,105.57731921,SELL,1156
1640995201157000000,46997.42929231,44.69512386,BUY,1157
1640995201158000000,47001.50766588,58.89717616,BUY,1158
1640995201159000000,47005.46269141,109.07395225,SELL,1159
1640995201160000000,46999.75935671,76.48872197,BUY,1160
1640995201161000000,47002.65052221,61.63381252,SELL,1161
1640995201162000000,47004.74286353,85.60768815,SELL,1162
1640995201163000000,47009.45040299,24.88601019,SELL,1163
1640995201164000000,46999.92140699,27.35998986,BUY,1164
1640995201165000000,46997.72633127,13.55135491,SELL,1165
1640995201166000000,46991.84307837,22.72499380,BUY,1166
1640995201167000000,46989.84536225,105.77628150,SELL,1167
1640995201168000000,46999.15899253,76.78173698,SELL,1168
1640995201169000000,46998.42812532,29.39646827,SELL,1169
1640995201170000000,46995.02789303,15.99024475,BUY,1170
1640995201171000000,46994.01288517,79.36181002,BUY,1171
1640995201172000000,46989.59146351,28.42238245,BUY,1172
1640995201173000000,46993.31558918,26.52418955,BUY,1173
1640995201174000000,46987.69683909,109.59949691,BUY,1174
1640995201175000000,46980.08174862,48.99025131,BUY,1175
1640995201176000000,46977.91606807,37.55731861,SELL,1176
1640995201177000000,46969.15972745,105.39797445,SELL,1177
1640995201178000000,46973.24574761,43.70901053,BUY,1178
1640995201179000000,46970.44634478,91.73882683,BUY,1179
1640995201180000000,46973.82271125,40.19063606,SELL,1180
1640995201181000000,46971.59089519,13.82332324,SELL,1181
1640995201182000000,46974.53196517,32.74127841,SELL,1182
1640995201183000000,46970.70577825,64.42919554,SELL,1183
1640995201184000000,46970.09761021,78.97004346,SELL,1184
1640995201185000000,46963.95339413,34.37926291,SELL,1185
1640995201186000000,46965.67804384,99.34503836,BUY,1186
1640995201187000000,46960.41572357,88.68099196,SELL,1187
1640995201188000000,46963.49728144,72.18655312,BUY,1188
1640995201189000000,46962.62900005,59.35031788,SELL,1189
1640995201190000000,46962.49426131,53.07943932,SELL,1190
1640995201191000000,46965.04466348,56.52437648,BUY,1191
1640995201192000000,46968.94019064,82.42228696,SELL,1192
1640995201193000000,46968.69802408,92.04509981,BUY,1193
1640995201194000000,46964.74556780,81.93714937,SELL,1194
1640995201195000000,46962.37679769,26.42683619,SELL,1195
1640995201196000000,46958.68440846,16.28132692,SELL,1196
1640995201197000000,46963.95279531,67.14688689,BUY,1197
1640995201198000000,46956.46268374,11.15145969,SELL,1198
1640995201199000000,46958.77363357,104.14993243,SELL,1199
1640995201200000000,46959.08545490,10.85295727,BUY,1200
1640995201201000000,46964.62918135,15.03370920,BUY,1201
1640995201202000000,46964.67897879,37.75864483,SELL,1202
1640995201203000000,46963.35851886,97.27357458,SELL,1203
1640995201204000000,46965.49635967,35.54970871,BUY,1204
1640995201205000000,46966.26763054,75.29091427,SELL,1205
1640995201206000000,46959.62183080,21.53560812,SELL,1206
1640995201207000000,46960.21845693,55.19535433,BUY,1207
1640995201208000000,46963.59446296,64.82131443,SELL,1208
1640995201209000000,46965.04815374,98.96286500,SELL,1209
1640995201210000000,46960.82283087,88.14418010,BUY,1210
1640995201211000000,46957.31405201,67.38400609,BUY,1211
1640995201212000000,46953.97849334,40.55223239,SELL,1212
1640995201213000000,46949.16928272,72.99154594,BUY,1213
1640995201214000000,46953.51305652,11.91762336,BUY,1214
1640995201215000000,46952.87967392,54.52755946,BUY,1215
1640995201216000000,46951.43833793,80.21452308,BUY,1216
1640995201217000000,46951.43788145,49.60330925,SELL,1217
1640995201218000000,46949.26585340,65.46182772,BUY,1218
1640995201219000000,46950.29353645,93.78379280,SELL,1219
1640995201220000000,46944.00783262,50.60300390,SELL,1220
1640995201221000000,46941.55160660,43.63002962,BUY,1221
1640995201222000000,46940.90059155,91.02231809,BUY,1222
1640995201223000000,46934.94438244,42.32110925,SELL,1223
1640995201224000000,46936.73566670,64.68468641,SELL,1224
1640995201225000000,46935.68455497,47.51429463,BUY,1225
1640995201226000000,46937.28880478,44.67206131,SELL,1226
1640995201227000000,46941.61801397,50.86979613,SELL,1227
1640995201228000000,46948.01917792,59.98950109,SELL,1228
1640995201229000000,46950.70338372,108.68290324,SELL,1229
1640995201230000000,46947.83451712,46.06701884,SELL,1230
1640995201231000000,46941.16298860,76.79008228,BUY,1231
1640995201232000000,46941.89964614,38.24000697,SELL,1232
1640995201233000000,46939.26864359,84.92084652,SELL,1233
1640995201234000000,46939.79517800,33.92588163,BUY,1234
1640995201235000000,46949.25774804,25.21060393,SELL,1235
1640995201236000000,46947.37196716,78.98724110,BUY,1236
1640995201237000000,46951.63450913,68.72391546,BUY,1237
1640995201238000000,46950.59977155,79.25440768,BUY,1238
1640995201239000000,46939.58392928,69.23410047,BUY,1239
1640995201240000000,46941.38260198,30.02928800,SELL,1240
1640995201241000000,46938.63829326,82.71111419,SELL,1241
1640995201242000000,46942.15767762,82.57800350,SELL,1242
1640995201243000000,46943.10283535,35.96899667,BUY,1243
1640995201244000000,46937.78203676,37.19298144,BUY,1244
1640995201245000000,46942.65451381,12.68410223,SELL,1245
1640995201246000000,46947.52682294,74.20650414,SELL,1246
1640995201247000000,46946.82882857,94.96036360,SELL,1247
1640995201248000000,46947.14060192,29.08403822,SELL,1248
1640995201249000000,46945.99221753,68.88285428,BUY,1249
1640995201250000000,46940.89233688,78.98447186,BUY,1250
1640995201251000000,46946.08942264,68.09780913,BUY,1251
1640995201252000000,46949.68725336,19.99261310,BUY,1252
1640995201253000000,46951.04548772,17.38407972,SELL,1253
1640995201254000000,46952.91538039,19.14184568,SELL,1254
1640995201255000000,46950.26489627,31.71920414,BUY,1255
1640995201256000000,46944.55522557,74.93817277,SELL,1256
1640995201257000000,46944.53130427,65.52492831,BUY,1257
1640995201258000000,46942.84818901,54.22415000,BUY,1258
1640995201259000000,46946.56063092,31.32504399,BUY,1259
1640995201260000000,46945.58300294,48.39742173,SELL,1260
1640995201261000000,46940.69601387,98.11828958,BUY,1261
1640995201262000000,46937.86464601,53.51941527,BUY,1262
1640995201263000000,46934.11015442,85.68076617,BUY,1263
1640995201264000000,46935.64650136,16.84917794,SELL,1264
1640995201265000000,46933.04476463,108.51165783,BUY,1265
1640995201266000000,46931.62621486,36.30836688,SELL,1266
1640995201267000000,46935.21857347,57.19732744,SELL,1267
1640995201268000000,46934.76251142,71.56412525,BUY,1268
1640995201269000000,46935.59316960,96.16906945,BUY,1269
1640995201270000000,46934.51781997,63.97058855,SELL,1270
1640995201271000000,46930.01847200,37.06980865,BUY,1271
1640995201272000000,46924.90818628,19.65529933,BUY,1272
1640995201273000000,46924.71243743,83.91615645,SELL,1273
1640995201274000000,46924.73731226,43.62063777,SELL,1274
1640995201275000000,46916.31143368,94.34660107,BUY,1275
1640995201276000000,46917.62818398,21.08125676,BUY,1276
1640995201277000000,46915.25586558,62.60823222,SELL,1277
1640995201278000000,46924.86353935,89.58124789,SELL,1278
1640995201279000000,46920.75455294,105.95264130,BUY,1279
1640995201280000000,46922.91179710,33.41965720,BUY,1280
1640995201281000000,46922.36864523,69.18806961,SELL,1281
1640995201282000000,45981.12671340,87.65921267,BUY,1282
1640995201283000000,45978.57227251,23.95810577,SELL,1283
1640995201284000000,45983.14435170,107.26857482,SELL,1284
1640995201285000000,45979.29942882,76.35884829,SELL,1285
1640995201286000000,45974.93028705,87.25480730,BUY,1286
1640995201287000000,45968.16544988,63.54763490,SELL,1287
1640995201288000000,45968.21835767,80.40264968,BUY,1288
1640995201289000000,45966.03284251,71.33994712,SELL,1289
1640995201290000000,45964.47906039,40.69965476,SELL,1290
1640995201291000000,45966.00641925,25.13569650,SELL,1291
1640995201292000000,45964.50485041,89.65920492,SELL,1292
1640995201293000000,45957.53941233,33.63047172,SELL,1293
1640995201294000000,45957.24295252,70.07875770,BUY,1294
1640995201295000000,45953.60369988,61.11243662,SELL,1295
1640995201296000000,45948.12791568,97.78712907,SELL,1296
1640995201297000000,45947.36551008,47.57248802,BUY,1297
1640995201298000000,45958.45580790,104.74114030,SELL,1298
1640995201299000000,45964.39758689,62.80001588,SELL,1299
1640995201300000000,45965.09704484,16.09586662,SELL,1300
1640995201301000000,45963.45617588,107.25450253,BUY,1301
1640995201302000000,45963.96821891,87.57834177,SELL,1302
1640995201303000000,45961.30818147,23.99319705,SELL,1303
1640995201304000000,45961.32087647,36.78076331,BUY,1304
1640995201305000000,45961.29538488,18.72164351,BUY,1305
1640995201306000000,45961.89380215,28.68316350,SELL,1306
1640995201307000000,45963.62257494,56.90443049,SELL,1307
1640995201308000000,45966.09720679,51.58098679,SELL,1308
1640995201309000000,45962.24243497,37.31914228,BUY,1309
1640995201310000000,45968.32232317,24.88841856,BUY,1310
1640995201311000000,45957.00196028,97.45548738,SELL,1311
1640995201312000000,45960.82916617,47.69231495,BUY,1312
1640995201313000000,45952.26138637,41.91349129,BUY,1313
1640995201314000000,45947.33969136,88.91464907,SELL,1314
1640995201315000000,45958.62703388,72.28446226,BUY,1315
1640995201316000000,45969.69508809,54.44159801,BUY,1316
1640995201317000000,45969.02843153,12.41192145,BUY,1317
1640995201318000000,45968.13688744,38.16042921,BUY,1318
1640995201319000000,45959.55280490,74.64251707,SELL,1319
1640995201320000000,45958.49266246,34.14339921,SELL,1320
1640995201321000000,45959.68375392,106.62702294,BUY,1321
1640995201322000000,45953.71789779,62.50925779,SELL,1322
1640995201323000000,45954.00336151,45.71348404,SELL,1323
1640995201324000000,45956.39384508,77.50206750,SELL,1324
1640995201325000000,45958.00238603,29.56632587,BUY,1325
1640995201326000000,45037.84968934,78.34962199,SELL,1326
1640995201327000000,45033.96281453,82.29762530,BUY,1327
1640995201328000000,45025.91155994,104.80946486,SELL,1328
1640995201329000000,45028.85239047,94.07765884,SELL,1329
1640995201330000000,45034.53926377,55.81010903,SELL,1330
1640995201331000000,45035.36267044,46.33442060,SELL,1331
1640995201332000000,45029.67041661,18.50742995,SELL,1332
1640995201333000000,45027.60985838,56.76930815,SELL,1333
1640995201334000000,45032.11400091,55.80945119,SELL,1334
1640995201335000000,45033.67912488,25.30912482,BUY,1335
1640995201336000000,45042.20081930,50.95661529,SELL,1336
1640995201337000000,45037.28053773,26.80743662,BUY,1337
1640995201338000000,45035.47883127,52.62758257,SELL,1338
1640995201339000000,45032.31232925,58.19553315,SELL,1339
1640995201340000000,45037.95196304,18.59395224,BUY,1340
1640995201341000000,45034.61703417,105.08139247,BUY,1341
1640995201342000000,45035.35972966,81.07174507,BUY,1342
1640995201343000000,45032.06167278,17.16448326,SELL,1343
1640995201344000000,45035.54852792,22.46599827,BUY,1344
1640995201345000000,45036.69251258,17.16546093,BUY,1345
1640995201346000000,45038.87111624,53.17844241,SELL,1346
1640995201347000000,45041.77341653,66.96458693,SELL,1347
1640995201348000000,45037.14486234,55.08100855,BUY,1348
1640995201349000000,45035.56030299,77.39362009,SELL,1349
1640995201350000000,45028.63307951,23.41313105,BUY,1350
1640995201351000000,45017.25020902,99.55291805,BUY,1351
1640995201352000000,45019.38712671,92.87003788,SELL,1352
1640995201353000000,45016.72163558,99.29269540,SELL,1353
1640995201354000000,45014.46975871,91.41029650,SELL,1354
1640995201355000000,45014.92064060,66.19582509,BUY,1355
1640995201356000000,45012.71521278,76.66419630,SELL,1356
1640995201357000000,45002.73754549,60.92842960,BUY,1357
1640995201358000000,45006.08820404,107.18816357,BUY,1358
1640995201359000000,45001.02594015,16.41074264,BUY,1359
1640995201360000000,45000.21520527,58.11491234,BUY,1360
1640995201361000000,44994.49138480,79.37887256,SELL,1361
1640995201362000000,44992.56004940,45.01490018,BUY,1362
1640995201363000000,44999.73575990,98.93878341,SELL,1363
1640995201364000000,45000.29537451,40.56648626,SELL,1364
1640995201365000000,44998.79177209,94.19966039,SELL,1365
1640995201366000000,44996.65877112,105.18938332,SELL,1366
1640995201367000000,44996.65475774,28.32641015,BUY,1367
1640995201368000000,45000.11869611,100.07574959,BUY,1368
1640995201369000000,44995.55059037,33.28565497,SELL,1369
1640995201370000000,44993.98665418,72.02848176,SELL,1370
1640995201371000000,44988.28703754,85.59303873,BUY,1371
1640995201372000000,44993.18174925,65.96713285,SELL,1372
1640995201373000000,44990.94427453,67.89373743,BUY,1373
1640995201374000000,44996.73818950,75.32982065,SELL,1374
1640995201375000000,44998.10733111,26.87035748,SELL,1375
1640995201376000000,44998.79272340,11.45046773,SELL,1376
1640995201377000000,44999.78700515,97.43580327,BUY,1377
1640995201378000000,45004.03082862,83.38679609,BUY,1378
1640995201379000000,45002.48423083,47.82338793,BUY,1379
1640995201380000000,45002.28908942,29.14649488,SELL,1380
1640995201381000000,45001.72677855,72.81564547,BUY,1381
1640995201382000000,44998.80829747,71.11218347,BUY,1382
1640995201383000000,45002.07433729,89.26266309,SELL,1383
1640995201384000000,44993.67130199,61.27062438,BUY,1384
1640995201385000000,44993.49759903,18.45528035,BUY,1385
1640995201386000000,44996.46664467,26.01734905,BUY,1386
1640995201387000000,45002.87645310,37.74398340,BUY,1387
1640995201388000000,45002.40607934,43.25494591,BUY,1388
1640995201389000000,44998.81194789,87.65982687,BUY,1389
1640995201390000000,44997.85949532,46.75139314,SELL,1390
1640995201391000000,44997.57424903,63.49388196,SELL,1391
1640995201392000000,45001.05540089,53.92748659,SELL,1392
1640995201393000000,45004.05440420,18.91534019,BUY,1393
1640995201394000000,45001.70926287,24.71573825,BUY,1394
1640995201395000000,44999.30739647,59.73954463,BUY,1395
1640995201396000000,44995.67182044,75.20884240,BUY,1396
1640995201397000000,44990.61769744,83.71740238,SELL,1397
1640995201398000000,44985.54721812,20.44058932,SELL,1398
1640995201399000000,44983.47181059,47.65364231,SELL,1399
1640995201400000000,44079.77174728,60.42407353,SELL,1400
1640995201401000000,44077.74115395,24.83666803,SELL,1401
1640995201402000000,44070.75328016,85.42608211,BUY,1402
1640995201403000000,44071.03749785,85.45549655,SELL,1403
1640995201404000000,44075.44222871,63.38220960,BUY,1404
1640995201405000000,44079.24766809,47.16309017,BUY,1405
1640995201406000000,44079.70402354,28.22913386,BUY,1406
1640995201407000000,44083.96575247,23.57913619,BUY,1407
1640995201408000000,44090.32586942,104.33542910,BUY,1408
1640995201409000000,44090.80600918,52.01727698,BUY,1409
1640995201410000000,44090.24292886,67.69521818,BUY,1410
1640995201411000000,44089.54373712,40.08650261,BUY,1411
1640995201412000000,44091.53043161,44.77723351,BUY,1412
1640995201413000000,44094.11824996,65.62329449,SELL,1413
1640995201414000000,44089.65305770,63.85114794,BUY,1414
1640995201415000000,44095.70652632,43.10998786,BUY,1415
1640995201416000000,44096.78235755,68.98955785,SELL,1416
1640995201417000000,44097.45908243,16.97251014,SELL,1417
1640995201418000000,44099.85061688,18.08336227,BUY,1418
1640995201419000000,44100.05380219,57.63542235,SELL,1419
1640995201420000000,44100.99473401,101.66153752,BUY,1420
1640995201421000000,44099.96102261,97.43555868,SELL,1421
1640995201422000000,44094.27238656,35.00672311,BUY,1422
1640995201423000000,44099.62259007,37.46715373,BUY,1423
1640995201424000000,44096.65299260,13.34152329,BUY,1424
1640995201425000000,44095.36599973,11.44336540,BUY,1425
1640995201426000000,44100.74470349,61.50023262,SELL,1426
1640995201427000000,44098.64355264,32.35039621,SELL,1427
1640995201428000000,44095.19437967,77.34482442,BUY,1428
1640995201429000000,44096.11725060,31.98055044,BUY,1429
1640995201430000000,44091.93673574,90.87368117,BUY,1430
1640995201431000000,44093.58456186,63.72614634,SELL,1431
1640995201432000000,44097.51291532,53.94520081,SELL,1432
1640995201433000000,44098.82314012,89.85170742,SELL,1433
1640995201434000000,44107.83952957,96.85481922,BUY,1434
1640995201435000000,44105.44563613,16.63572607,BUY,1435
1640995201436000000,44107.63727311,37.23408084,BUY,1436
1640995201437000000,44109.01546067,104.08685234,SELL,1437
1640995201438000000,44107.80857224,19.49846062,BUY,1438
1640995201439000000,44104.27079549,24.16487139,BUY,1439
1640995201440000000,44109.62786475,11.10254033,SELL,1440
1640995201441000000,44107.35194973,28.92504121,BUY,1441
1640995201442000000,44108.85779603,50.26947019,SELL,1442
1640995201443000000,44109.26026786,89.36998235,SELL,1443
1640995201444000000,44109.72480829,39.19586516,BUY,1444
1640995201445000000,44115.19471193,39.95449147,SELL,1445
1640995201446000000,44117.29006790,107.45963930,SELL,1446
1640995201447000000,44117.72805434,62.06452438,BUY,1447
1640995201448000000,44118.76306213,47.88115059,SELL,1448
1640995201449000000,44112.70322150,80.76963817,BUY,1449
1640995201450000000,44115.63590493,56.35742492,SELL,1450
1640995201451000000,44117.82737744,98.42609150,SELL,1451
1640995201452000000,44116.32469146,42.87492310,BUY,1452
1640995201453000000,44119.49045293,86.75719785,BUY,1453
1640995201454000000,44119.94437197,87.08406113,BUY,1454
1640995201455000000,44116.61929830,86.81493481,SELL,1455
1640995201456000000,44117.78161819,51.12449583,BUY,1456
1640995201457000000,44121.21352194,79.63321346,BUY,1457
1640995201458000000,44121.20936327,63.50209966,SELL,1458
1640995201459000000,44114.39229806,18.03189605,BUY,1459
1640995201460000000,44114.97278562,44.06242143,BUY,1460
1640995201461000000,44107.54280226,26.00169798,SELL,1461
1640995201462000000,44102.88376554,62.83140285,BUY,1462
1640995201463000000,44096.58316163,50.67729876,SELL,1463
1640995201464000000,44092.01540924,37.20713631,SELL,1464
1640995201465000000,44094.03035782,27.92513437,SELL,1465
1640995201466000000,44099.48748465,107.63344807,BUY,1466
1640995201467000000,44103.30783673,36.52221972,BUY,1467
1640995201468000000,44105.92314583,101.86766997,BUY,1468
1640995201469000000,44105.43158903,73.66614821,BUY,1469
1640995201470000000,44114.20627872,79.99444483,BUY,1470
1640995201471000000,44109.30935635,57.48098899,BUY,1471
1640995201472000000,44116.40582452,63.10105276,BUY,1472
1640995201473000000,44120.01790406,80.86412622,BUY,1473
1640995201474000000,44120.65551197,26.23671739,SELL,1474
1640995201475000000,44125.58994379,37.93023720,BUY,1475
1640995201476000000,44131.47288863,89.09957853,BUY,1476
1640995201477000000,44122.71036933,107.00229182,BUY,1477
1640995201478000000,44121.24984046,35.96440339,SELL,1478
1640995201479000000,44121.06826185,13.12035752,BUY,1479
1640995201480000000,44124.79981742,70.28752219,SELL,1480
1640995201481000000,44120.52295959,34.90631345,BUY,1481
1640995201482000000,44115.20649619,80.17195539,SELL,1482
1640995201483000000,44119.16570212,40.32749106,BUY,1483
1640995201484000000,44120.39695692,95.12280912,SELL,1484
1640995201485000000,44123.20271658,79.39837485,BUY,1485
1640995201486000000,44120.12063701,14.19281234,SELL,1486
1640995201487000000,44121.15109354,69.07229509,SELL,1487
1640995201488000000,44114.21042919,74.64951088,SELL,1488
1640995201489000000,44107.17668847,102.47568185,SELL,1489
1640995201490000000,44102.47807195,62.44348882,BUY,1490
1640995201491000000,44107.52518784,14.24132713,SELL,1491
1640995201492000000,44108.45708995,60.33424111,SELL,1492
1640995201493000000,44101.50465110,41.65405030,SELL,1493
1640995201494000000,44100.01288907,95.40508440,BUY,1494
1640995201495000000,44104.49149460,102.29214637,BUY,1495
1640995201496000000,44104.20624657,80.23542992,SELL,1496
1640995201497000000,44100.00237115,100.45969111,SELL,1497
1640995201498000000,44103.19285664,63.84704564,BUY,1498
1640995201499000000,44096.41951651,53.23130570,SELL,1499
1640995201500000000,44096.06184838,21.67517495,BUY,1500
1640995201501000000,44099.32296487,66.21281802,SELL,1501
1640995201502000000,44098.01677749,108.20674103,SELL,1502
1640995201503000000,44100.58992241,10.12465973,SELL,1503
1640995201504000000,44101.05035936,81.40974200,BUY,1504
1640995201505000000,44105.68603577,44.16429438,SELL,1505
1640995201506000000,44099.26172336,55.57146480,SELL,1506
1640995201507000000,44097.97385178,25.94798511,SELL,1507
1640995201508000000,44094.32791591,59.00591050,SELL,1508
1640995201509000000,44099.64227720,89.45771542,SELL,1509
1640995201510000000,44108.77630845,106.75408939,BUY,1510
1640995201511000000,44115.81167522,40.72763467,SELL,1511
1640995201512000000,44113.55263118,22.54302007,SELL,1512
1640995201513000000,44116.62054690,26.82605498,SELL,1513
1640995201514000000,44114.27672582,100.37800892,BUY,1514
1640995201515000000,44119.74434701,103.43769514,SELL,1515
1640995201516000000,44119.94140490,42.21685727,BUY,1516
1640995201517000000,44114.69354043,64.64786045,SELL,1517
1640995201518000000,44115.35201397,78.60931578,SELL,1518
1640995201519000000,44112.09860750,77.80023540,SELL,1519
1640995201520000000,44117.01799775,62.43617722,SELL,1520
1640995201521000000,44115.73619029,49.63428829,SELL,1521
1640995201522000000,44121.11410825,107.41892679,SELL,1522
1640995201523000000,44118.77133738,10.22717263,BUY,1523
1640995201524000000,44126.72760166,14.41373075,BUY,1524
1640995201525000000,44123.95521784,99.68088175,BUY,1525
1640995201526000000,44125.26655514,108.16930751,BUY,1526
1640995201527000000,44124.15575338,44.60166604,SELL,1527
1640995201528000000,44124.60100167,98.72221767,SELL,1528
1640995201529000000,44126.25847841,43.82114105,SELL,1529
1640995201530000000,44127.80351330,87.72036061,SELL,1530
1640995201531000000,44133.04933629,16.32686464,BUY,1531
1640995201532000000,44134.59262588,14.82693740,SELL,1532
1640995201533000000,44133.57839041,47.28541666,BUY,1533
1640995201534000000,44140.20947183,27.89331432,SELL,1534
1640995201535000000,44142.01701820,74.98344780,BUY,1535
1640995201536000000,44139.65381266,84.01880250,BUY,1536
1640995201537000000,44143.53220063,91.16877817,SELL,1537
1640995201538000000,44147.24801773,36.43419502,SELL,1538
1640995201539000000,44142.73521724,28.64362637,SELL,1539
1640995201540000000,44140.61572783,83.07676667,BUY,1540
1640995201541000000,44138.97246508,106.10369704,BUY,1541
1640995201542000000,44144.22048881,101.04100872,BUY,1542
1640995201543000000,44141.12010593,90.56425045,BUY,1543
1640995201544000000,44141.37599761,32.87339603,SELL,1544
1640995201545000000,44139.55598380,46.34950500,BUY,1545
1640995201546000000,44147.64696083,48.74771386,BUY,1546
1640995201547000000,44147.79759189,56.68807472,BUY,1547
1640995201548000000,44146.02013814,55.74609876,BUY,1548
1640995201549000000,44150.63195591,30.56013797,BUY,1549
1640995201550000000,44153.10586879,59.66568955,BUY,1550
1640995201551000000,44155.74439475,105.59929566,SELL,1551
1640995201552000000,44152.48737513,47.18570340,SELL,1552
1640995201553000000,44155.12921402,106.40259196,SELL,1553
1640995201554000000,44154.73829203,20.10218635,SELL,1554
1640995201555000000,44154.76283252,61.78252384,SELL,1555
1640995201556000000,44147.49586269,82.89659918,SELL,1556
1640995201557000000,44140.31533416,74.94726134,BUY,1557
1640995201558000000,44149.17837819,79.11147448,SELL,1558
1640995201559000000,44150.03084560,104.86805456,BUY,1559
1640995201560000000,44150.74333685,89.38810095,SELL,1560
1640995201561000000,44152.74617886,48.90695253,SELL,1561
1640995201562000000,44155.49864985,33.42088068,SELL,1562
1640995201563000000,44153.97496889,45.27534063,SELL,1563
1640995201564000000,44146.16368179,53.28901407,SELL,1564
1640995201565000000,44149.10634811,95.95620245,BUY,1565
1640995201566000000,44146.21419708,19.61967952,SELL,1566
1640995201567000000,44137.60412023,101.74845476,BUY,1567
1640995201568000000,44143.80318338,34.74208255,SELL,1568
1640995201569000000,44145.00587491,48.02837021,SELL,1569
1640995201570000000,44145.11559691,42.91838797,SELL,1570
1640995201571000000,44139.05414257,102.99066028,BUY,1571
1640995201572000000,44145.16267171,99.89436853,SELL,1572
1640995201573000000,44148.54102897,80.06355528,SELL,1573
1640995201574000000,44138.26165565,35.01647601,SELL,1574
1640995201575000000,44128.19094217,68.07545583,SELL,1575
1640995201576000000,44126.47516600,38.20991851,BUY,1576
1640995201577000000,44122.67729944,93.30844185,SELL,1577
1640995201578000000,44133.24764218,35.41084962,BUY,1578
1640995201579000000,44134.24552438,52.78299562,SELL,1579
1640995201580000000,44136.12694950,27.96450781,SELL,1580
1640995201581000000,44137.02592560,63.11106134,SELL,1581
1640995201582000000,44146.33660544,85.46401264,SELL,1582
1640995201583000000,44144.57876217,22.05041614,SELL,1583
1640995201584000000,44137.11558023,50.56481148,BUY,1584
1640995201585000000,44133.57143369,17.61133315,BUY,1585
1640995201586000000,44135.83701748,51.05255594,SELL,1586
1640995201587000000,44132.91089259,82.90061577,SELL,1587
1640995201588000000,44132.55841445,36.70428499,SELL,1588
1640995201589000000,44130.09671553,91.99527133,SELL,1589
1640995201590000000,44133.76272547,65.21276423,BUY,1590
1640995201591000000,44130.49785467,71.11798200,BUY,1591
1640995201592000000,44126.05058195,40.85483596,BUY,1592
1640995201593000000,44124.53388412,73.43304010,BUY,1593
1640995201594000000,44129.46504132,30.66945453,BUY,1594
1640995201595000000,44127.04502632,68.57136691,BUY,1595
1640995201596000000,44122.00433136,109.01403795,BUY,1596
1640995201597000000,44123.33057146,20.00400599,SELL,1597
1640995201598000000,44125.14324434,108.52471623,BUY,1598
1640995201599000000,44129.25926858,86.16564775,BUY,1599
1640995201600000000,44130.87300429,43.13331135,SELL,1600
1640995201601000000,44128.01473355,84.55999954,BUY,1601
1640995201602000000,44134.67603372,66.80719067,SELL,1602
1640995201603000000,44133.59800381,76.62997692,BUY,1603
1640995201604000000,44129.08236437,91.79564974,BUY,1604
1640995201605000000,44132.55476129,17.42880074,BUY,1605
1640995201606000000,44130.14311084,26.92335231,BUY,1606
1640995201607000000,44125.31047380,34.83508015,BUY,1607
1640995201608000000,44130.46083401,96.35318414,SELL,1608
1640995201609000000,44132.99195673,43.74271252,BUY,1609
1640995201610000000,44134.50269092,59.75197265,SELL,1610
1640995201611000000,44139.95493856,93.99728875,BUY,1611
1640995201612000000,44133.56545188,91.32942289,BUY,1612
1640995201613000000,44132.34920239,13.66674354,SELL,1613
1640995201614000000,44130.56387133,63.57069065,SELL,1614
1640995201615000000,44134.09774475,25.90470875,SELL,1615
1640995201616000000,44136.59250082,32.39434638,BUY,1616
1640995201617000000,44134.85002984,86.20203625,SELL,1617
1640995201618000000,44133.77799670,33.25319508,BUY,1618
1640995201619000000,44136.18234009,80.63093830,BUY,1619
1640995201620000000,44134.78605773,69.89554464,BUY,1620
1640995201621000000,44135.49078762,78.92778389,SELL,1621
1640995201622000000,44138.10617487,64.54494411,SELL,1622
1640995201623000000,44136.16822150,25.57208814,BUY,1623
1640995201624000000,44130.10237380,62.34514393,SELL,1624
1640995201625000000,44121.67602677,68.94861165,SELL,1625
1640995201626000000,44113.88009165,100.65615317,SELL,1626
1640995201627000000,44111.79728516,24.81562143,SELL,1627
1640995201628000000,44109.85964497,16.35329214,SELL,1628
1640995201629000000,44105.50279582,92.50792073,BUY,1629
1640995201630000000,44100.78593003,11.92753955,SELL,1630
1640995201631000000,44102.60905963,72.13699235,SELL,1631
1640995201632000000,44107.70640670,93.66663957,SELL,1632
1640995201633000000,44111.25697547,78.85977674,BUY,1633
1640995201634000000,44993.17210989,43.09377080,SELL,1634
1640995201635000000,44998.11936762,31.33452076,BUY,1635
1640995201636000000,44991.76753777,91.91475543,SELL,1636
1640995201637000000,44986.71454019,80.01221824,SELL,1637
1640995201638000000,44979.16513831,45.15167776,SELL,1638
1640995201639000000,44973.59460443,38.79823601,BUY,1639
1640995201640000000,44972.06310173,13.34735149,SELL,1640
1640995201641000000,44971.90906387,56.91883916,SELL,1641
1640995201642000000,44982.82430739,94.66998071,BUY,1642
1640995201643000000,44985.86574948,18.00415883,SELL,1643
1640995201644000000,44993.19720809,79.40366717,BUY,1644
1640995201645000000,44996.82783578,62.34293318,SELL,1645
1640995201646000000,45001.39974716,18.31315877,BUY,1646
1640995201647000000,45004.92588931,43.99048040,SELL,1647
1640995201648000000,45005.56442755,86.98639838,BUY,1648
1640995201649000000,45007.65414908,93.42564330,BUY,1649
1640995201650000000,45008.00439431,91.98218473,BUY,1650
1640995201651000000,45009.50100752,104.30557460,BUY,1651
1640995201652000000,45012.64189738,97.06604537,BUY,1652
1640995201653000000,45012.98879448,73.14722879,BUY,1653
1640995201654000000,45011.34466788,39.85520916,SELL,1654
1640995201655000000,45007.60286243,89.62823701,SELL,1655
1640995201656000000,45006.68881329,81.06809884,SELL,1656
1640995201657000000,45002.50583864,104.78483672,SELL,1657
1640995201658000000,45003.31797369,96.21531320,SELL,1658
1640995201659000000,45002.97474231,62.16253581,SELL,1659
1640995201660000000,45004.55713968,71.97580648,BUY,1660
1640995201661000000,45005.43205824,22.85507857,SELL,1661
1640995201662000000,45010.04608889,11.77914039,SELL,1662
1640995201663000000,45008.93868850,25.21313393,BUY,1663
1640995201664000000,45004.18956836,82.89015389,SELL,1664
1640995201665000000,45004.21964877,51.89867242,BUY,1665
1640995201666000000,44996.50719311,47.30803024,BUY,1666
1640995201667000000,44992.81675478,10.55447618,SELL,1667
1640995201668000000,44995.56344306,28.34212295,BUY,1668
1640995201669000000,44987.88725092,96.20931778,BUY,1669
1640995201670000000,44993.70135515,46.49053226,BUY,1670
1640995201671000000,44997.53081210,24.03894196,BUY,1671
1640995201672000000,44994.10236057,18.39705606,SELL,1672
1640995201673000000,44993.36046636,85.73637391,SELL,1673
1640995201674000000,44996.78628102,27.40892346,BUY,1674
1640995201675000000,44995.38679029,48.65064102,SELL,1675
1640995201676000000,45004.57645575,96.46490592,BUY,1676
1640995201677000000,45008.14641624,52.45749038,SELL,1677
1640995201678000000,45015.59732327,41.83311120,SELL,1678
1640995201679000000,45013.87235233,74.74667824,SELL,1679
1640995201680000000,45012.57775705,78.94991628,BUY,1680
1640995201681000000,45008.63854890,65.82781731,BUY,1681
1640995201682000000,45006.65107483,36.06797885,SELL,1682
1640995201683000000,45013.52457184,93.74348598,SELL,1683
1640995201684000000,45012.46916188,76.64849763,SELL,1684
1640995201685000000,45016.82105821,97.01366633,SELL,1685
1640995201686000000,45011.88610944,89.55776991,SELL,1686
1640995201687000000,45015.46312538,33.12399607,BUY,1687
1640995201688000000,45018.64968069,35.61192096,SELL,1688
1640995201689000000,45018.29091447,78.54046338,SELL,1689
1640995201690000000,45021.88070867,18.08545595,BUY,1690
1640995201691000000,45022.67232052,77.50369326,BUY,1691
1640995201692000000,45022.59397585,41.67018645,SELL,1692
1640995201693000000,45028.11734597,79.71171016,BUY,1693
1640995201694000000,45033.22431345,85.74144882,BUY,1694
1640995201695000000,45037.60080410,38.90932110,BUY,1695
1640995201696000000,45034.60341408,65.12180442,BUY,1696
1640995201697000000,45028.89468776,37.04744429,BUY,1697
1640995201698000000,45039.02411074,108.08988948,SELL,1698
1640995201699000000,45039.00379685,62.73814208,BUY,1699
1640995201700000000,45042.51511889,102.11172860,BUY,1700
1640995201701000000,45046.64378990,28.70186063,SELL,1701
1640995201702000000,45043.88366870,34.95021902,SELL,1702
1640995201703000000,45048.05459478,85.40389479,BUY,1703
1640995201704000000,45055.91034904,12.07676244,SELL,1704
1640995201705000000,45056.27431733,40.64591858,BUY,1705
1640995201706000000,45053.97111147,64.48827795,BUY,1706
1640995201707000000,45048.14127287,54.24170347,SELL,1707
1640995201708000000,45049.72119072,72.49372067,SELL,1708
1640995201709000000,45052.51951846,35.04526865,BUY,1709
1640995201710000000,45047.70364457,60.19139799,SELL,1710
1640995201711000000,45044.43824538,76.64922914,BUY,1711
1640995201712000000,45043.35304544,66.36637539,SELL,1712
1640995201713000000,45041.26300055,32.03934440,SELL,1713
1640995201714000000,45045.67405972,74.58384470,BUY,1714
1640995201715000000,45047.73598164,64.99012996,BUY,1715
1640995201716000000,45049.23657316,76.82317372,BUY,1716
1640995201717000000,45056.10670144,86.50938589,BUY,1717
1640995201718000000,45059.03451036,60.32965942,SELL,1718
1640995201719000000,45053.93196524,30.35286734,SELL,1719
1640995201720000000,45054.17382622,63.51573418,SELL,1720
1640995201721000000,45050.76915293,89.53941609,SELL,1721
1640995201722000000,45056.55416377,22.35753563,BUY,1722
1640995201723000000,45060.74679074,85.51267594,BUY,1723
1640995201724000000,45061.56282312,99.39019607,SELL,1724
1640995201725000000,45065.06781312,82.86872708,BUY,1725
1640995201726000000,45066.43077480,47.87064405,SELL,1726
1640995201727000000,45063.51800332,23.26796110,BUY,1727
1640995201728000000,45068.92425883,34.27206652,BUY,1728
1640995201729000000,45068.05519382,100.11210602,SELL,1729
1640995201730000000,45067.53445283,72.60997228,BUY,1730
1640995201731000000,45074.41329052,107.48150637,BUY,1731
1640995201732000000,45069.78171021,68.93181593,BUY,1732
1640995201733000000,45070.33746094,105.34186985,SELL,1733
1640995201734000000,45079.80445404,104.14618413,BUY,1734
1640995201735000000,45076.44712301,20.96011218,BUY,1735
1640995201736000000,45081.27585297,29.29500793,SELL,1736
1640995201737000000,45070.31315736,14.49064844,BUY,1737
1640995201738000000,45069.49383929,61.03946575,BUY,1738
1640995201739000000,45069.71224665,33.94279662,BUY,1739
1640995201740000000,45064.43445161,98.03343147,BUY,1740
1640995201741000000,45065.06053847,100.68519085,SELL,1741
1640995201742000000,45063.73372531,92.56089604,SELL,1742
1640995201743000000,45059.50323667,96.29215368,BUY,1743
1640995201744000000,45061.65203860,44.14919851,BUY,1744
1640995201745000000,45069.23960522,94.22473940,BUY,1745
1640995201746000000,45066.89535999,36.28714210,BUY,1746
1640995201747000000,45068.89797356,15.15839245,SELL,1747
1640995201748000000,45074.71143082,21.53191716,BUY,1748
1640995201749000000,45065.17529924,59.92236785,BUY,1749
1640995201750000000,45062.97446024,61.99244638,SELL,1750
1640995201751000000,45058.45481821,75.94520186,BUY,1751
1640995201752000000,45058.35497490,18.49954328,BUY,1752
1640995201753000000,45056.87933985,108.64083039,BUY,1753
1640995201754000000,45054.62911440,89.32666688,BUY,1754
1640995201755000000,45057.09414845,69.54913727,BUY,1755
1640995201756000000,45056.31094301,57.54971948,SELL,1756
1640995201757000000,45051.78502964,26.73250841,SELL,1757
1640995201758000000,45046.41610989,47.81130089,BUY,1758
1640995201759000000,45047.40559076,27.46451162,BUY,1759
1640995201760000000,45046.19315231,99.26005064,SELL,1760
1640995201761000000,45045.44254363,48.10722491,SELL,1761
1640995201762000000,45047.59268289,96.86355313,BUY,1762
1640995201763000000,45049.26037753,77.10685096,SELL,1763
1640995201764000000,45045.14002772,96.66109749,SELL,1764
1640995201765000000,45038.33789666,54.80471505,BUY,1765
1640995201766000000,45038.52457424,33.90287525,BUY,1766
1640995201767000000,45036.00933883,62.09051998,BUY,1767
1640995201768000000,45036.31555311,33.18615253,BUY,1768
1640995201769000000,45043.29736100,76.36811253,BUY,1769
1640995201770000000,45045.55580242,33.89114839,BUY,1770
1640995201771000000,45038.69112336,86.49941931,BUY,1771
1640995201772000000,45033.05903879,49.84044795,BUY,1772
1640995201773000000,45041.33901073,42.24799153,SELL,1773
1640995201774000000,45044.17339071,45.46313929,SELL,1774
1640995201775000000,45042.72378983,40.98945991,BUY,1775
1640995201776000000,45040.04658234,47.15761135,BUY,1776
1640995201777000000,45036.02259008,25.20680336,SELL,1777
1640995201778000000,45037.71656343,69.64629641,BUY,1778
1640995201779000000,45036.99345089,77.55162768,BUY,1779
1640995201780000000,45035.33916418,70.43179434,BUY,1780
1640995201781000000,45044.08904244,81.31378371,SELL,1781
1640995201782000000,45039.60239064,99.52242439,SELL,1782
1640995201783000000,45042.54329927,101.02141075,BUY,1783
1640995201784000000,45040.41466473,75.05332505,SELL,1784
1640995201785000000,45033.23673712,42.71512340,SELL,1785
1640995201786000000,45027.83485945,60.44192912,BUY,1786
1640995201787000000,45027.55646931,32.10056040,BUY,1787
1640995201788000000,45031.28415923,14.51932113,SELL,1788
1640995201789000000,45029.04621221,21.51077440,BUY,1789
1640995201790000000,45035.55312589,65.14119379,SELL,1790
1640995201791000000,45034.00845238,98.96031305,SELL,1791
1640995201792000000,45024.19409055,57.83161225,SELL,1792
1640995201793000000,45025.68650810,102.90041089,SELL,1793
1640995201794000000,45025.62342389,34.89473099,SELL,1794
1640995201795000000,45028.82224335,71.44627535,SELL,1795
1640995201796000000,45024.71895567,66.67073564,SELL,1796
1640995201797000000,45026.69769318,85.98452531,BUY,1797
1640995201798000000,45019.00728049,53.25020232,SELL,1798
1640995201799000000,45021.71444192,103.56936359,SELL,1799
1640995201800000000,45021.94582328,50.49077671,SELL,1800
1640995201801000000,45027.13856625,40.50302790,SELL,1801
1640995201802000000,45022.01282367,45.99200765,SELL,1802
1640995201803000000,45019.34732367,103.21778081,SELL,1803
1640995201804000000,45023.05133266,74.11736510,BUY,1804
1640995201805000000,45019.78619826,33.79268740,SELL,1805
1640995201806000000,45014.34986337,84.56954061,BUY,1806
1640995201807000000,45017.19293689,92.68059349,BUY,1807
1640995201808000000,45018.09707331,33.44831183,SELL,1808
1640995201809000000,45017.27405684,33.02383847,BUY,1809
1640995201810000000,45020.57646552,31.93264767,SELL,1810
1640995201811000000,45023.89814643,59.23518288,SELL,1811
1640995201812000000,45020.38345396,42.19720831,BUY,1812
1640995201813000000,45028.39414250,90.59687518,SELL,1813
1640995201814000000,45030.42744274,71.36315636,BUY,1814
1640995201815000000,45030.87242348,41.46614963,SELL,1815
1640995201816000000,45030.99641403,27.38911381,SELL,1816
1640995201817000000,45038.21510011,97.79081154,BUY,1817
1640995201818000000,45040.08956494,29.74386264,BUY,1818
1640995201819000000,45035.02738812,20.34540186,BUY,1819
1640995201820000000,45037.11073668,69.94854978,SELL,1820
1640995201821000000,45043.52254409,78.77704676,BUY,1821
1640995201822000000,45044.67418366,20.65960548,BUY,1822
1640995201823000000,45043.28123473,72.98680658,SELL,1823
1640995201824000000,45047.52847303,25.52382070,SELL,1824
1640995201825000000,45054.09108309,54.08687920,SELL,1825
1640995201826000000,45058.12608099,68.07678738,BUY,1826
1640995201827000000,45061.90055383,48.02544446,BUY,1827
1640995201828000000,45060.69219585,94.14917055,BUY,1828
1640995201829000000,45064.23026027,83.72826420,BUY,1829
1640995201830000000,45064.39589307,85.46087178,SELL,1830
1640995201831000000,45067.09165039,55.87256741,BUY,1831
1640995201832000000,45068.43887237,19.38661062,SELL,1832
1640995201833000000,45072.71464285,59.40701892,BUY,1833
1640995201834000000,45076.90702307,73.18109181,SELL,1834
1640995201835000000,45072.16170498,98.51282804,SELL,1835
1640995201836000000,45072.84043628,102.28868171,SELL,1836
1640995201837000000,45075.22161738,41.70858256,BUY,1837
1640995201838000000,45077.43893065,62.50060472,BUY,1838
1640995201839000000,45076.08557122,108.47526608,SELL,1839
1640995201840000000,45078.70290970,43.57138936,SELL,1840
1640995201841000000,45081.67175748,100.82556124,BUY,1841
1640995201842000000,45087.84262933,70.18346207,BUY,1842
1640995201843000000,45086.60702058,25.77969401,BUY,1843
1640995201844000000,45090.49017199,73.52206839,BUY,1844
1640995201845000000,45091.78963223,74.46166449,BUY,1845
1640995201846000000,45098.93431511,35.84338680,SELL,1846
1640995201847000000,45100.65552161,31.82817601,SELL,1847
1640995201848000000,45103.25087078,27.56553755,BUY,1848
1640995201849000000,45102.01595543,103.48661223,SELL,1849
1640995201850000000,45104.18989234,68.51833363,SELL,1850
1640995201851000000,45096.38148031,19.31528874,BUY,1851
1640995201852000000,45088.53800280,36.34301132,SELL,1852
1640995201853000000,45090.93308863,17.31281733,SELL,1853
1640995201854000000,45095.88924605,54.97485344,SELL,1854
1640995201855000000,45094.68820404,81.45413952,SELL,1855
1640995201856000000,45086.77762585,14.86156843,SELL,1856
1640995201857000000,45086.91534919,67.03062842,BUY,1857
1640995201858000000,45094.37964279,41.54031085,SELL,1858
1640995201859000000,45087.80228439,59.77115570,BUY,1859
1640995201860000000,45096.70198525,56.82491058,SELL,1860
1640995201861000000,45088.17853479,60.39282097,SELL,1861
1640995201862000000,45091.86526245,81.05147612,BUY,1862
1640995201863000000,45097.71443065,36.04842070,BUY,1863
1640995201864000000,45094.18393464,72.30477081,BUY,1864
1640995201865000000,45099.22248134,27.77478250,SELL,1865
1640995201866000000,45094.91293182,89.14552372,SELL,1866
1640995201867000000,45085.67862175,73.16802246,SELL,1867
1640995201868000000,45088.68227698,75.30627442,SELL,1868
1640995201869000000,45090.17304930,72.02416617,SELL,1869
1640995201870000000,45077.51669696,70.56149521,SELL,1870
1640995201871000000,45076.92912435,87.45556687,BUY,1871
1640995201872000000,45073.77120168,85.56548346,SELL,1872
1640995201873000000,45064.10742227,50.93291288,BUY,1873
1640995201874000000,45074.52212348,72.68868966,BUY,1874
1640995201875000000,45069.04596108,70.69663787,BUY,1875
1640995201876000000,45072.89729280,90.23885957,SELL,1876
1640995201877000000,45071.74495966,58.88295534,SELL,1877
1640995201878000000,45065.36743162,57.34219757,BUY,1878
1640995201879000000,45060.53771506,62.94671379,SELL,1879
1640995201880000000,45057.58964122,69.39967516,BUY,1880
1640995201881000000,45046.67854205,59.76630241,BUY,1881
1640995201882000000,45041.44480172,96.49089205,SELL,1882
1640995201883000000,45034.21150450,50.23050030,BUY,1883
1640995201884000000,45029.51675140,13.90778798,BUY,1884
1640995201885000000,45021.30230572,108.90363338,BUY,1885
1640995201886000000,45024.92359183,17.34457039,BUY,1886
1640995201887000000,45024.69042059,34.78991521,BUY,1887
1640995201888000000,45026.08718958,98.60644750,SELL,1888
1640995201889000000,45026.47791888,59.61035233,BUY,1889
1640995201890000000,45025.72760448,63.44006496,BUY,1890
1640995201891000000,45029.59112622,104.88418944,BUY,1891
1640995201892000000,45034.09831526,49.41832742,BUY,1892
1640995201893000000,45022.64425050,39.93378914,BUY,1893
1640995201894000000,45021.08772416,51.58203671,BUY,1894
1640995201895000000,45020.59361595,74.19062593,SELL,1895
1640995201896000000,45017.57324126,72.10440462,SELL,1896
1640995201897000000,45020.19716427,32.78545249,BUY,1897
1640995201898000000,45018.53708502,12.35342243,SELL,1898
1640995201899000000,45017.99664183,97.00735032,BUY,1899
1640995201900000000,45017.72950642,88.27790058,BUY,1900
1640995201901000000,45023.24160668,55.68790826,BUY,1901
1640995201902000000,45019.30067695,53.11264221,BUY,1902
1640995201903000000,45017.21323128,56.53924129,BUY,1903
1640995201904000000,45012.22288875,75.13769257,SELL,1904
1640995201905000000,45010.71162947,68.38185424,BUY,1905
1640995201906000000,45011.66675540,81.66042566,BUY,1906
1640995201907000000,45008.80667104,55.51361480,BUY,1907
1640995201908000000,45003.13884890,67.00506472,BUY,1908
1640995201909000000,44998.89451952,58.42654136,SELL,1909
1640995201910000000,45000.71090451,36.52161328,BUY,1910
1640995201911000000,44998.40677264,16.67567529,SELL,1911
1640995201912000000,44995.38942840,15.92295699,SELL,1912
1640995201913000000,44991.16115418,100.53491012,SELL,1913
1640995201914000000,44991.52554828,84.03486073,SELL,1914
1640995201915000000,44987.07118427,61.45383504,BUY,1915
1640995201916000000,44986.10611184,10.94021684,SELL,1916
1640995201917000000,44987.96724066,56.56458666,BUY,1917
1640995201918000000,44996.33797079,47.07802236,BUY,1918
1640995201919000000,45002.48105756,38.31538986,SELL,1919
1640995201920000000,45004.41310777,21.92648023,SELL,1920
1640995201921000000,45002.06824348,101.07558944,SELL,1921
1640995201922000000,45001.88035637,13.79103791,BUY,1922
1640995201923000000,45003.55353198,67.43973925,SELL,1923
1640995201924000000,45002.50587836,84.66226915,SELL,1924
1640995201925000000,44998.84615037,55.92520685,BUY,1925
1640995201926000000,44987.73537979,30.18436622,BUY,1926
1640995201927000000,44987.32813400,39.76360925,SELL,1927
1640995201928000000,44989.05059383,33.51233490,BUY,1928
1640995201929000000,44996.65000533,23.31714091,SELL,1929
1640995201930000000,45002.51278402,48.35467279,BUY,1930
1640995201931000000,45009.58673370,10.94510247,SELL,1931
1640995201932000000,45009.43988184,44.71727764,SELL,1932
1640995201933000000,45007.89572830,96.54657713,SELL,1933
1640995201934000000,45008.12821004,60.72255213,SELL,1934
1640995201935000000,45011.68263123,69.95404072,BUY,1935
1640995201936000000,45014.79048516,53.08101088,SELL,1936
1640995201937000000,45011.64619463,61.55834127,SELL,1937
1640995201938000000,45011.38948321,47.81917110,BUY,1938
1640995201939000000,45011.77995273,66.48216724,BUY,1939
1640995201940000000,45013.82788849,19.53459395,BUY,1940
1640995201941000000,45011.62161831,98.74461340,BUY,1941
1640995201942000000,45013.18915332,62.52318185,BUY,1942
1640995201943000000,45017.28935100,20.82099721,SELL,1943
1640995201944000000,45009.22699181,45.61090223,SELL,1944
1640995201945000000,45014.79299339,91.24410665,BUY,1945
1640995201946000000,45026.32618350,71.62888559,SELL,1946
1640995201947000000,45037.68238553,27.96675357,SELL,1947
1640995201948000000,45033.56268557,14.86176281,BUY,1948
1640995201949000000,45030.56549041,32.29214975,BUY,1949
1640995201950000000,45032.42347792,46.27172655,SELL,1950
1640995201951000000,45031.21308456,37.12908337,SELL,1951
1640995201952000000,45034.00794239,87.96750263,BUY,1952
1640995201953000000,45038.76732594,24.34858975,BUY,1953
1640995201954000000,45048.71289612,80.11853149,SELL,1954
1640995201955000000,45059.58681015,80.42257176,BUY,1955
1640995201956000000,45062.55726164,86.09707152,BUY,1956
1640995201957000000,45057.55314139,44.79672107,SELL,1957
1640995201958000000,45051.16945996,33.51923219,SELL,1958
1640995201959000000,45053.67997668,56.77918433,SELL,1959
1640995201960000000,45047.17820035,58.91925381,BUY,1960
1640995201961000000,45041.10833938,23.75811593,SELL,1961
1640995201962000000,45041.68284689,92.36315530,SELL,1962
1640995201963000000,45040.54763228,91.16482022,BUY,1963
1640995201964000000,45043.90650458,27.45646168,SELL,1964
1640995201965000000,45051.94722604,99.32668542,SELL,1965
1640995201966000000,45051.96953290,17.90832346,BUY,1966
1640995201967000000,45049.70318690,78.23260964,BUY,1967
1640995201968000000,45053.87747169,71.01585034,SELL,1968
1640995201969000000,45050.74123246,20.38896666,SELL,1969
1640995201970000000,45045.25896873,19.44995842,BUY,1970
1640995201971000000,45048.99751279,79.46972372,BUY,1971
1640995201972000000,45052.65256160,15.57441707,BUY,1972
1640995201973000000,45047.28999690,98.76250409,SELL,1973
1640995201974000000,45053.46870908,103.90365479,BUY,1974
1640995201975000000,45054.21082905,105.85627404,SELL,1975
1640995201976000000,45056.19014643,44.36025757,SELL,1976
1640995201977000000,45054.51116841,19.59273886,SELL,1977
1640995201978000000,45053.40395142,32.06190251,SELL,1978
1640995201979000000,45051.84842797,104.70464938,SELL,1979
1640995201980000000,45058.62529521,33.90459432,BUY,1980
1640995201981000000,45061.90653023,31.64598057,SELL,1981
1640995201982000000,45064.57883998,41.37019652,SELL,1982
1640995201983000000,45064.41600301,39.48537636,SELL,1983
1640995201984000000,45058.23430265,75.10122634,BUY,1984
1640995201985000000,45060.52228717,64.43271376,SELL,1985
1640995201986000000,45060.82375945,36.74198290,BUY,1986
1640995201987000000,45053.20802347,26.64986744,SELL,1987
1640995201988000000,45053.62320185,13.23412777,SELL,1988
1640995201989000000,45061.75880236,77.97100079,SELL,1989
1640995201990000000,45063.04496094,18.78316018,BUY,1990
1640995201991000000,45068.55702571,75.02630417,BUY,1991
1640995201992000000,45073.91577536,90.92328615,BUY,1992
1640995201993000000,45066.99912984,60.62279580,BUY,1993
1640995201994000000,45067.04805428,11.84584730,SELL,1994
1640995201995000000,45059.47021498,33.09942298,SELL,1995
1640995201996000000,45050.88044527,103.45297695,SELL,1996
1640995201997000000,45050.55007520,77.87350872,BUY,1997
1640995201998000000,45058.08201208,29.58796922,SELL,1998
1640995201999000000,45052.97263481,96.62672326,SELL,1999
1640995202000000000,45043.44184912,33.61728742,BUY,2000
1640995202001000000,45049.36341177,67.78641971,BUY,2001
1640995202002000000,45055.80812331,89.56597451,SELL,2002
1640995202003000000,45052.91609802,91.14947336,BUY,2003
1640995202004000000,45048.89883323,37.21931582,SELL,2004
1640995202005000000,45046.70856349,52.56961236,SELL,2005
1640995202006000000,45047.21057919,24.67750842,SELL,2006
1640995202007000000,45053.58338910,86.20942037,SELL,2007
1640995202008000000,45054.13104929,107.42323319,SELL,2008
1640995202009000000,45951.42541667,99.26420103,SELL,2009
1640995202010000000,45943.28474231,89.22134066,BUY,2010
1640995202011000000,45943.54240254,99.77639908,BUY,2011
1640995202012000000,45946.63969542,62.43092804,BUY,2012
1640995202013000000,45940.64520463,26.52123175,SELL,2013
1640995202014000000,45941.92086572,97.53376799,BUY,2014
1640995202015000000,45945.24647345,47.50625001,SELL,2015
1640995202016000000,45948.96063348,98.92639942,SELL,2016
1640995202017000000,45950.47982836,100.39717238,SELL,2017
1640995202018000000,45956.59311347,16.09672976,BUY,2018
1640995202019000000,45955.86433725,39.33254415,SELL,2019
1640995202020000000,45955.19864005,85.66758057,BUY,2020
1640995202021000000,45957.21530970,109.03401177,BUY,2021
1640995202022000000,45960.81170039,15.61006696,SELL,2022
1640995202023000000,45960.52381281,103.58324266,BUY,2023
1640995202024000000,45965.00925250,57.80024117,BUY,2024
1640995202025000000,45968.96297655,31.17736222,SELL,2025
1640995202026000000,45977.49012710,15.24792138,SELL,2026
1640995202027000000,45985.16635053,105.65464957,BUY,2027
1640995202028000000,45987.68048126,21.86268514,BUY,2028
1640995202029000000,45985.00496474,58.70549505,BUY,2029
1640995202030000000,45986.66988506,99.68011961,BUY,2030
1640995202031000000,45979.57816797,65.79538454,BUY,2031
1640995202032000000,45976.09702673,36.62981161,BUY,2032
1640995202033000000,45972.53328841,89.78564838,BUY,2033
1640995202034000000,45967.25645932,93.63641032,BUY,2034
1640995202035000000,45970.51902970,108.68463502,SELL,2035
1640995202036000000,45974.57070375,90.41690161,SELL,2036
1640995202037000000,45976.37511610,31.53814030,SELL,2037
1640995202038000000,45971.20112768,31.14381679,SELL,2038
1640995202039000000,45968.85530343,17.03063103,BUY,2039
1640995202040000000,45969.28821121,109.78583285,BUY,2040
1640995202041000000,45968.65105686,73.63112707,SELL,2041
1640995202042000000,45966.24282787,37.91172524,SELL,2042
1640995202043000000,45968.84561250,21.64524737,SELL,2043
1640995202044000000,45967.45587411,14.02874969,BUY,2044
1640995202045000000,45972.00411086,70.49064424,SELL,2045
1640995202046000000,45975.88577009,67.19665256,SELL,2046
1640995202047000000,45972.48263388,102.97677827,SELL,2047
1640995202048000000,45972.79289822,40.99418299,SELL,2048
1640995202049000000,45970.68778070,28.78753751,SELL,2049
1640995202050000000,45960.33107774,63.57279234,BUY,2050
1640995202051000000,45949.02468939,91.96681781,BUY,2051
1640995202052000000,45947.89314059,20.90399979,BUY,2052
1640995202053000000,45023.99656723,51.33264156,SELL,2053
1640995202054000000,45025.49173781,81.42503286,BUY,2054
1640995202055000000,45019.76993302,17.52678042,BUY,2055
1640995202056000000,45016.22921130,102.75744853,BUY,2056
1640995202057000000,45024.30964409,65.08981750,BUY,2057
1640995202058000000,45020.86869852,46.74182171,BUY,2058
1640995202059000000,45022.93244768,59.63240294,SELL,2059
1640995202060000000,45024.59773671,21.72645551,SELL,2060
1640995202061000000,45024.65036213,11.72975247,BUY,2061
1640995202062000000,45016.53071257,53.80713568,SELL,2062
1640995202063000000,45015.09464819,59.64512171,BUY,2063
1640995202064000000,45006.17570199,35.79545362,BUY,2064
1640995202065000000,45004.28242945,99.08001498,BUY,2065
1640995202066000000,44998.43299360,52.16036209,BUY,2066
1640995202067000000,44999.96566027,104.70504981,BUY,2067
1640995202068000000,45002.32792465,60.81811016,BUY,2068
1640995202069000000,45007.48813677,95.54356906,BUY,2069
1640995202070000000,45009.19037054,65.55069406,SELL,2070
1640995202071000000,45017.53322522,100.56473718,SELL,2071
1640995202072000000,45020.97664624,68.04309994,SELL,2072
1640995202073000000,45013.32065569,26.17289902,SELL,2073
1640995202074000000,45016.25128875,26.96679559,BUY,2074
1640995202075000000,45013.77586889,100.18157181,BUY,2075
1640995202076000000,45023.03703290,48.69685928,SELL,2076
1640995202077000000,45016.90067407,107.73158438,SELL,2077
1640995202078000000,45021.52752561,32.55243513,SELL,2078
1640995202079000000,45026.14902604,52.63968492,SELL,2079
1640995202080000000,45030.82175421,56.57473930,SELL,2080
1640995202081000000,45034.18979542,55.31987090,SELL,2081
1640995202082000000,45033.56476949,36.42494965,SELL,2082
1640995202083000000,45034.42403433,71.65797581,SELL,2083
1640995202084000000,45033.98436662,109.08265289,SELL,2084
1640995202085000000,45027.90116140,102.34079003,BUY,2085
1640995202086000000,45025.27453860,14.56207323,SELL,2086
1640995202087000000,45025.42261869,82.06873571,BUY,2087
1640995202088000000,45028.21203588,26.98381689,SELL,2088
1640995202089000000,45023.51356035,10.66006262,SELL,2089
1640995202090000000,45018.86421637,99.05347672,BUY,2090
1640995202091000000,45019.27307048,19.15992920,BUY,2091
1640995202092000000,45026.89441262,56.32874195,SELL,2092
1640995202093000000,45028.01962907,77.57770192,SELL,2093
1640995202094000000,45028.52255980,14.37802466,SELL,2094
1640995202095000000,45030.45060186,94.91422199,BUY,2095
1640995202096000000,45029.56439808,101.97559743,BUY,2096
1640995202097000000,45031.62331677,60.76101258,SELL,2097
1640995202098000000,45030.58376780,58.90928226,BUY,2098
1640995202099000000,45034.06765648,92.31049592,BUY,2099
1640995202100000000,45032.11926871,48.52236383,BUY,2100
1640995202101000000,45027.76920839,97.82916811,SELL,2101
1640995202102000000,45026.23595195,28.03797250,SELL,2102
1640995202103000000,45016.27825396,73.83526972,BUY,2103
1640995202104000000,45021.81828615,90.89763142,BUY,2104
1640995202105000000,45024.34052234,100.52598747,SELL,2105
1640995202106000000,45024.15352633,74.79215010,BUY,2106
1640995202107000000,45022.56644741,75.58121480,SELL,2107
1640995202108000000,45020.40087638,32.52314562,BUY,2108
1640995202109000000,45029.72662936,100.90159689,SELL,2109
1640995202110000000,45029.89471436,23.58605585,BUY,2110
1640995202111000000,45032.92894844,107.72433130,SELL,2111
1640995202112000000,45038.71441074,55.92363810,SELL,2112
1640995202113000000,45042.04584515,51.49880424,SELL,2113
1640995202114000000,45045.57475883,12.41532043,SELL,2114
1640995202115000000,45049.23064532,89.01208752,BUY,2115
1640995202116000000,45050.78205075,40.58480981,SELL,2116
1640995202117000000,45043.50408160,78.25210900,SELL,2117
1640995202118000000,45038.38405551,92.13932443,SELL,2118
1640995202119000000,45034.66331370,103.38446052,BUY,2119
1640995202120000000,45030.99954223,52.02208507,SELL,2120
1640995202121000000,45033.61841009,27.02042475,SELL,2121
1640995202122000000,45032.91905856,15.00238969,SELL,2122
1640995202123000000,45026.50985749,24.07351041,SELL,2123
1640995202124000000,45031.79539812,17.24293540,SELL,2124
1640995202125000000,45036.13988659,63.98916648,SELL,2125
1640995202126000000,45040.26141617,22.50845186,BUY,2126
1640995202127000000,45040.79153569,37.57691681,BUY,2127
1640995202128000000,45042.09541381,63.68998569,SELL,2128
1640995202129000000,45043.12205056,12.42112845,BUY,2129
1640995202130000000,45044.55652583,88.66032211,SELL,2130
1640995202131000000,45045.34565516,33.37060086,SELL,2131
1640995202132000000,45046.01580820,55.72078428,BUY,2132
1640995202133000000,45039.40651820,70.95018883,SELL,2133
1640995202134000000,45038.35006676,79.31175386,SELL,2134
1640995202135000000,45032.26710800,17.98160326,BUY,2135
1640995202136000000,45029.50720293,88.45108114,BUY,2136
1640995202137000000,45021.75374506,19.12668285,BUY,2137
1640995202138000000,45025.00341460,59.22929008,SELL,2138
1640995202139000000,45022.76544145,18.15939237,BUY,2139
1640995202140000000,45027.73522239,98.61675822,SELL,2140
1640995202141000000,45029.62357397,89.84265859,BUY,2141
1640995202142000000,45032.49563902,71.20984839,SELL,2142
1640995202143000000,45028.72681051,35.08279868,BUY,2143
1640995202144000000,45033.67015351,101.63022716,SELL,2144
1640995202145000000,45035.92563475,25.19546363,SELL,2145
1640995202146000000,45035.23220334,20.29677070,BUY,2146
1640995202147000000,45026.67365005,15.85740075,BUY,2147
1640995202148000000,45022.69800870,82.89522092,SELL,2148
1640995202149000000,45023.14787819,13.77558253,BUY,2149
1640995202150000000,45028.40400135,16.00204541,BUY,2150
1640995202151000000,45031.53985350,73.24212626,BUY,2151
1640995202152000000,45028.26401782,25.68493822,SELL,2152
1640995202153000000,45027.50724048,108.80006282,SELL,2153
1640995202154000000,45023.78175210,21.45524357,SELL,2154
1640995202155000000,45017.79800610,73.05272785,BUY,2155
1640995202156000000,45016.00211610,37.41445378,BUY,2156
1640995202157000000,45020.10827100,92.86565922,BUY,2157
1640995202158000000,45030.66471373,86.11449103,SELL,2158
1640995202159000000,45035.68023950,73.11857385,SELL,2159
1640995202160000000,45032.30015910,72.68984376,SELL,2160
1640995202161000000,45030.34107219,109.00228712,SELL,2161
1640995202162000000,45037.16546920,97.61113224,SELL,2162
1640995202163000000,45035.97062216,37.91602538,SELL,2163
1640995202164000000,45026.53514728,79.41692386,BUY,2164
1640995202165000000,45021.78916362,45.22326861,SELL,2165
1640995202166000000,45018.70323182,101.80051510,SELL,2166
1640995202167000000,45019.23671310,107.44093282,BUY,2167
1640995202168000000,45020.70852205,105.03093911,BUY,2168
1640995202169000000,45020.34648767,83.21200943,SELL,2169
1640995202170000000,45020.00806879,104.42613356,SELL,2170
1640995202171000000,45020.59552319,25.10519317,BUY,2171
1640995202172000000,45023.21465270,25.31980854,BUY,2172
1640995202173000000,45018.56767589,67.70064711,BUY,2173
1640995202174000000,45016.01535659,101.21457994,BUY,2174
1640995202175000000,45008.97425690,12.07244843,SELL,2175
1640995202176000000,45009.82163812,80.17340292,BUY,2176
1640995202177000000,45016.42311745,99.58671377,BUY,2177
1640995202178000000,45018.70051011,55.62774455,BUY,2178
1640995202179000000,45014.32808295,79.77760000,BUY,2179
1640995202180000000,45013.87513446,46.47866675,BUY,2180
1640995202181000000,45010.00796407,25.03671311,BUY,2181
1640995202182000000,45007.86202032,101.52239091,BUY,2182
1640995202183000000,45003.84645846,75.80047192,SELL,2183
1640995202184000000,45004.43673409,61.95353027,BUY,2184
1640995202185000000,45008.42625955,61.17551071,SELL,2185
1640995202186000000,45010.70714150,10.19690596,SELL,2186
1640995202187000000,45012.75961674,27.68391549,SELL,2187
1640995202188000000,45012.43124525,24.68242289,SELL,2188
1640995202189000000,45010.13830551,78.26264695,SELL,2189
1640995202190000000,45010.57744053,77.48933928,BUY,2190
1640995202191000000,45006.90789409,24.64750565,BUY,2191
1640995202192000000,45016.47099451,40.83296114,SELL,2192
1640995202193000000,45027.00611219,87.24277451,SELL,2193
1640995202194000000,45024.56009623,15.31763211,BUY,2194
1640995202195000000,45023.65654886,46.41650373,BUY,2195
1640995202196000000,45029.16795583,12.09218813,SELL,2196
1640995202197000000,45026.20335654,45.49801396,SELL,2197
1640995202198000000,45027.80585652,64.04999171,SELL,2198
1640995202199000000,45018.06380879,92.72300409,BUY,2199
1640995202200000000,45015.44448358,73.07774619,SELL,2200
1640995202201000000,45012.91380628,39.22431009,SELL,2201
1640995202202000000,45017.65056073,26.04143765,BUY,2202
1640995202203000000,45021.70790993,42.92166214,SELL,2203
1640995202204000000,45022.53379536,61.16750762,BUY,2204
1640995202205000000,45024.81512095,104.16574601,BUY,2205
1640995202206000000,45022.04984871,98.64801955,SELL,2206
1640995202207000000,45027.74848793,31.38390818,BUY,2207
1640995202208000000,45024.14769847,57.53297644,SELL,2208
1640995202209000000,45029.97676850,42.63485621,SELL,2209
1640995202210000000,44131.10766701,90.04501707,SELL,2210
1640995202211000000,44135.56090227,79.82350362,SELL,2211
1640995202212000000,44144.19131256,66.13553102,BUY,2212
1640995202213000000,44146.63965623,55.44208716,BUY,2213
1640995202214000000,44145.54596570,63.06717140,BUY,2214
1640995202215000000,44139.48067010,104.81018565,BUY,2215
1640995202216000000,44145.84570242,35.19102966,SELL,2216
1640995202217000000,44150.11386335,15.19199631,BUY,2217
1640995202218000000,44136.34599903,85.42186099,SELL,2218
1640995202219000000,44131.86916329,43.41933378,BUY,2219
1640995202220000000,44134.69800837,41.35206055,BUY,2220
1640995202221000000,44138.22790272,71.15611380,SELL,2221
1640995202222000000,44134.19949110,95.46953406,BUY,2222
1640995202223000000,44130.31617903,33.98757554,SELL,2223
1640995202224000000,44121.29136859,29.59559220,SELL,2224
1640995202225000000,44121.53252582,27.08107705,SELL,2225
1640995202226000000,44126.71653641,36.22642951,BUY,2226
1640995202227000000,44133.62365856,39.33879330,BUY,2227
1640995202228000000,44133.58931896,87.58068600,SELL,2228
1640995202229000000,44135.12607873,75.71597769,BUY,2229
1640995202230000000,44139.37647960,83.03924912,SELL,2230
1640995202231000000,44142.20694812,88.08350723,SELL,2231
1640995202232000000,44145.89452916,35.17673523,SELL,2232
1640995202233000000,44152.88318722,108.60375477,SELL,2233
1640995202234000000,44156.75773488,40.13873651,BUY,2234
1640995202235000000,44158.00351804,64.03008496,BUY,2235
1640995202236000000,44157.96745509,62.51089388,SELL,2236
1640995202237000000,44163.00106976,85.39632871,BUY,2237
1640995202238000000,44162.10849671,10.49614980,SELL,2238
1640995202239000000,44157.63070371,15.22733200,SELL,2239
1640995202240000000,44155.22092206,78.96004858,SELL,2240
1640995202241000000,44152.88525198,85.11535812,SELL,2241
1640995202242000000,44140.47744627,22.12553799,SELL,2242
1640995202243000000,44138.16729685,27.19975529,SELL,2243
1640995202244000000,44137.36577335,35.33687166,BUY,2244
1640995202245000000,44132.95703169,74.82936574,BUY,2245
1640995202246000000,44140.37981870,46.69675308,BUY,2246
1640995202247000000,44144.62895339,108.92912723,BUY,2247
1640995202248000000,44142.99328339,11.23926178,BUY,2248
1640995202249000000,44138.91128954,55.52254649,BUY,2249
1640995202250000000,44131.59703140,75.59334942,BUY,2250
1640995202251000000,44130.17429518,23.32991746,BUY,2251
1640995202252000000,44132.67885845,84.96875757,BUY,2252
1640995202253000000,44132.71985453,17.10434337,BUY,2253
1640995202254000000,44132.78494828,19.27608764,BUY,2254
1640995202255000000,44135.58807755,102.31259010,BUY,2255
1640995202256000000,44137.28805879,13.96128367,BUY,2256
1640995202257000000,44142.08335159,45.50962309,SELL,2257
1640995202258000000,44138.74758953,57.55894424,SELL,2258
1640995202259000000,44138.35623026,50.34361221,SELL,2259
1640995202260000000,44148.80287706,89.60356403,BUY,2260
1640995202261000000,44146.03432079,85.58003888,BUY,2261
1640995202262000000,44146.37997580,109.86994162,BUY,2262
1640995202263000000,44140.34917376,24.10802654,SELL,2263
1640995202264000000,44131.72381261,81.69845420,SELL,2264
1640995202265000000,44126.30620690,92.35347243,SELL,2265
1640995202266000000,44130.58632734,57.10982905,BUY,2266
1640995202267000000,44135.09956866,31.13673672,SELL,2267
1640995202268000000,44141.79322232,73.82337964,SELL,2268
1640995202269000000,44146.06643233,59.55112962,SELL,2269
1640995202270000000,44144.59185881,31.31189128,BUY,2270
1640995202271000000,44155.84171316,73.16061995,SELL,2271
1640995202272000000,44158.49955186,48.33148786,SELL,2272
1640995202273000000,44157.33050609,86.52151327,BUY,2273
1640995202274000000,44161.38874032,109.13832990,SELL,2274
1640995202275000000,44157.97123128,40.65195656,SELL,2275
1640995202276000000,44158.36671859,58.03064908,BUY,2276
1640995202277000000,44160.42913107,96.39483187,BUY,2277
1640995202278000000,44161.54735744,93.35201667,SELL,2278
1640995202279000000,44156.97421568,104.62650886,SELL,2279
1640995202280000000,44158.39708306,33.54145379,SELL,2280
1640995202281000000,44158.97665415,100.13675721,BUY,2281
1640995202282000000,44164.92323808,36.17414330,BUY,2282
1640995202283000000,44159.62967770,30.64882081,BUY,2283
1640995202284000000,44155.37569112,64.15807224,BUY,2284
1640995202285000000,44151.54768665,14.80799475,BUY,2285
1640995202286000000,44151.70265112,29.01550360,SELL,2286
1640995202287000000,44154.22755781,23.21169185,SELL,2287
1640995202288000000,44152.37197100,60.44984092,BUY,2288
1640995202289000000,44162.52829767,101.29193264,BUY,2289
1640995202290000000,44163.81593018,58.76292547,BUY,2290
1640995202291000000,44172.42197360,50.00500873,SELL,2291
1640995202292000000,44170.56837192,34.06827079,BUY,2292
1640995202293000000,44168.85129332,96.65811745,SELL,2293
1640995202294000000,44169.69982652,66.09118110,BUY,2294
1640995202295000000,44170.06086008,59.46513199,SELL,2295
1640995202296000000,44171.67853697,84.19095333,BUY,2296
1640995202297000000,44178.76029245,86.59717647,SELL,2297
1640995202298000000,44177.04157532,51.07951352,SELL,2298
1640995202299000000,44178.43850890,11.35127435,SELL,2299
1640995202300000000,44174.95437261,68.56916954,BUY,2300
1640995202301000000,44171.78652174,67.03622693,SELL,2301
1640995202302000000,44172.66253297,90.42358845,SELL,2302
1640995202303000000,44175.22766012,78.08860558,BUY,2303
1640995202304000000,44169.84084785,88.44293912,SELL,2304
1640995202305000000,44165.79053752,86.04808695,SELL,2305
1640995202306000000,44167.43304495,67.84271197,BUY,2306
1640995202307000000,44167.95907628,81.50795531,SELL,2307
1640995202308000000,44169.76748371,27.46644535,SELL,2308
1640995202309000000,44168.66660641,18.54402974,SELL,2309
1640995202310000000,44169.33471418,70.77130085,SELL,2310
1640995202311000000,44170.36985509,103.71313423,BUY,2311
1640995202312000000,44168.50481648,50.66610005,BUY,2312
1640995202313000000,44168.94534112,42.00623306,BUY,2313
1640995202314000000,44168.35742713,69.12594174,BUY,2314
1640995202315000000,44169.23020092,84.90319485,SELL,2315
1640995202316000000,44165.99532295,57.50927349,BUY,2316
1640995202317000000,44164.52597942,91.35705582,SELL,2317
1640995202318000000,44162.36893513,43.60394516,SELL,2318
1640995202319000000,44160.58629556,85.14531027,BUY,2319
1640995202320000000,44158.80563869,75.20826940,BUY,2320
1640995202321000000,44154.16056713,54.53907836,BUY,2321
1640995202322000000,44156.70252492,102.82258327,SELL,2322
1640995202323000000,44152.23919555,27.49216297,SELL,2323
1640995202324000000,44149.21140434,84.42338435,BUY,2324
1640995202325000000,44148.88192723,68.67373495,SELL,2325
1640995202326000000,44146.46308107,84.28419580,BUY,2326
1640995202327000000,44145.28064072,36.63325909,SELL,2327
1640995202328000000,44141.31600852,74.24983786,BUY,2328
1640995202329000000,44147.27268135,21.92764322,SELL,2329
1640995202330000000,44141.92490216,28.26912204,SELL,2330
1640995202331000000,44140.80302344,85.77795175,SELL,2331
1640995202332000000,44147.70149459,44.92577883,SELL,2332
1640995202333000000,44148.46647291,33.76454761,SELL,2333
1640995202334000000,44154.31863828,93.10797752,SELL,2334
1640995202335000000,44156.17874168,48.01929770,BUY,2335
1640995202336000000,44160.41407931,17.09849162,SELL,2336
1640995202337000000,44158.02523382,19.32976792,BUY,2337
1640995202338000000,44165.53036516,63.13156710,BUY,2338
1640995202339000000,44173.10233844,108.11048659,SELL,2339
1640995202340000000,44173.82000242,15.92717207,BUY,2340
1640995202341000000,44167.23139161,92.31235704,SELL,2341
1640995202342000000,44163.96182209,92.81779479,BUY,2342
1640995202343000000,44163.75214892,87.28551995,SELL,2343
1640995202344000000,44158.33233606,37.52831625,BUY,2344
1640995202345000000,44163.03248164,85.03707172,SELL,2345
1640995202346000000,44160.60589831,87.97117917,SELL,2346
1640995202347000000,44166.09791044,11.37515687,BUY,2347
1640995202348000000,44164.97465358,13.48238051,BUY,2348
1640995202349000000,44166.32529879,29.86082928,SELL,2349
1640995202350000000,44163.24082502,98.19884642,BUY,2350
1640995202351000000,44163.26959951,68.08135519,BUY,2351
1640995202352000000,44162.79589315,80.10862599,SELL,2352
1640995202353000000,44165.91120465,32.23223637,BUY,2353
1640995202354000000,44165.46440737,20.70229564,SELL,2354
1640995202355000000,44170.03700940,71.49687894,SELL,2355
1640995202356000000,44170.47580368,49.83694149,SELL,2356
1640995202357000000,44171.21911406,59.62744163,BUY,2357
1640995202358000000,44177.43948589,48.28254750,SELL,2358
1640995202359000000,44183.02708751,12.60473310,BUY,2359
1640995202360000000,44188.01922447,38.09443208,SELL,2360
1640995202361000000,44185.26663962,100.26514782,BUY,2361
1640995202362000000,44189.16848382,36.19896509,SELL,2362
1640995202363000000,44188.73503898,57.10235307,SELL,2363
1640995202364000000,44195.58783241,108.77514221,BUY,2364
1640995202365000000,44196.54430269,18.61808885,SELL,2365
1640995202366000000,44203.96229785,59.12331008,BUY,2366
1640995202367000000,44201.70281439,70.23514221,SELL,2367
1640995202368000000,44199.19489595,27.18906043,SELL,2368
1640995202369000000,44198.19901376,44.31813488,BUY,2369
1640995202370000000,44210.30730562,18.52223326,SELL,2370
1640995202371000000,44215.04598926,74.44549430,BUY,2371
1640995202372000000,44218.17599484,81.30775340,BUY,2372
1640995202373000000,44212.64568682,19.30207818,SELL,2373
1640995202374000000,44214.03905656,37.81413805,BUY,2374
1640995202375000000,44212.38449934,94.52920009,BUY,2375
1640995202376000000,44209.14031192,12.14397685,BUY,2376
1640995202377000000,44201.43816111,83.04140689,BUY,2377
1640995202378000000,44195.02255496,92.81907471,SELL,2378
1640995202379000000,44196.03797426,28.25061699,BUY,2379
1640995202380000000,44194.04648031,68.70370624,BUY,2380
1640995202381000000,44196.11088039,27.96006602,BUY,2381
1640995202382000000,44199.42444853,64.73020332,SELL,2382
1640995202383000000,44203.97799751,34.96493746,SELL,2383
1640995202384000000,44195.41249853,45.81632041,BUY,2384
1640995202385000000,44197.36566231,47.21460351,BUY,2385
1640995202386000000,44196.27176176,92.98057990,SELL,2386
1640995202387000000,44201.03898674,84.43571703,SELL,2387
1640995202388000000,44205.16099676,37.57334685,BUY,2388
1640995202389000000,44197.36847983,18.08626937,BUY,2389
1640995202390000000,44205.85882673,49.78766617,SELL,2390
1640995202391000000,44206.63410388,13.68587388,BUY,2391
1640995202392000000,44213.02229036,33.49137320,SELL,2392
1640995202393000000,44208.85194872,18.39760542,SELL,2393
1640995202394000000,44210.49369937,67.47712802,SELL,2394
1640995202395000000,44212.26199193,39.44588607,SELL,2395
1640995202396000000,44208.88423097,26.18818691,SELL,2396
1640995202397000000,44215.19565860,52.14632706,BUY,2397
1640995202398000000,44209.91863728,21.28335721,SELL,2398
1640995202399000000,44210.47100554,96.29176596,BUY,2399
1640995202400000000,44211.80668920,80.27850994,BUY,2400
1640995202401000000,43324.75839917,65.16152081,BUY,2401
1640995202402000000,43325.63706850,41.87788002,BUY,2402
1640995202403000000,43332.22565037,98.88270833,BUY,2403
1640995202404000000,43327.17324209,69.30055683,SELL,2404
1640995202405000000,43320.67747008,92.44666024,BUY,2405
1640995202406000000,43325.22111790,59.56235478,BUY,2406
1640995202407000000,43323.06141615,30.97468404,BUY,2407
1640995202408000000,43325.66346376,52.26796535,BUY,2408
1640995202409000000,43327.89267162,26.82547683,SELL,2409
1640995202410000000,43323.95677466,57.78522395,SELL,2410
1640995202411000000,43324.03642248,107.19578650,SELL,2411
1640995202412000000,43318.53363507,81.46973190,SELL,2412
1640995202413000000,43320.12829101,47.75222815,SELL,2413
1640995202414000000,43320.02691835,109.31579119,BUY,2414
1640995202415000000,43319.43678225,26.24853794,SELL,2415
1640995202416000000,43318.93286687,75.89842797,SELL,2416
1640995202417000000,43323.22185626,88.24552961,BUY,2417
1640995202418000000,43323.89855919,52.40858650,SELL,2418
1640995202419000000,43323.69098191,46.03797752,SELL,2419
1640995202420000000,43324.10410420,18.56885718,SELL,2420
1640995202421000000,43321.80602325,40.06706697,BUY,2421
1640995202422000000,43321.64113103,85.48440047,BUY,2422
1640995202423000000,43317.82745672,64.75238871,SELL,2423
1640995202424000000,43318.20956580,88.86600795,SELL,2424
1640995202425000000,43322.03091639,72.27695076,SELL,2425
1640995202426000000,43325.02695670,41.29097738,BUY,2426
1640995202427000000,43324.74148054,107.21519285,BUY,2427
1640995202428000000,43321.42567405,34.14371767,BUY,2428
1640995202429000000,43316.50099230,89.42441962,SELL,2429
1640995202430000000,43312.95086017,31.32259744,SELL,2430
1640995202431000000,43315.97479776,22.97056610,BUY,2431
1640995202432000000,43311.39187089,58.10818093,BUY,2432
1640995202433000000,43314.75576583,62.72019859,BUY,2433
1640995202434000000,43314.79034183,102.59634903,SELL,2434
1640995202435000000,43313.05213010,95.55938748,SELL,2435
1640995202436000000,43314.27371673,57.81121288,SELL,2436
1640995202437000000,43319.18118328,77.78987014,BUY,2437
1640995202438000000,43316.48688959,82.92414644,SELL,2438
1640995202439000000,43324.46044159,101.18976057,SELL,2439
1640995202440000000,43326.31029830,42.61585373,BUY,2440
1640995202441000000,43332.85725843,108.51808852,SELL,2441
1640995202442000000,43339.38952293,43.20068014,BUY,2442
1640995202443000000,43337.00702885,39.04980264,SELL,2443
1640995202444000000,43339.78502875,84.15410010,BUY,2444
1640995202445000000,43337.48923898,108.53691111,SELL,2445
1640995202446000000,43340.40883552,93.28528178,SELL,2446
1640995202447000000,43340.35963544,73.15393705,SELL,2447
1640995202448000000,43333.27324936,78.51651104,BUY,2448
1640995202449000000,43324.73466636,30.86350730,BUY,2449
1640995202450000000,43314.37920677,37.72640806,SELL,2450
1640995202451000000,43313.88246063,95.89077171,BUY,2451
1640995202452000000,43308.78125264,96.82196616,BUY,2452
1640995202453000000,43303.76726635,57.61305996,SELL,2453
1640995202454000000,43296.34446376,64.80534167,SELL,2454
1640995202455000000,43301.20218425,93.23213146,BUY,2455
1640995202456000000,43298.49316788,53.29570632,SELL,2456
1640995202457000000,43303.84402716,91.46803400,SELL,2457
1640995202458000000,43299.06065318,85.47919718,BUY,2458
1640995202459000000,43302.79353761,51.89004718,SELL,2459
1640995202460000000,43310.59026888,16.50589705,SELL,2460
1640995202461000000,43302.33766228,63.05258458,BUY,2461
1640995202462000000,43305.15703336,14.97343971,BUY,2462
1640995202463000000,43303.69740421,93.87861030,SELL,2463
1640995202464000000,43307.13621886,25.06271860,BUY,2464
1640995202465000000,43309.33083680,21.36149822,SELL,2465
1640995202466000000,43308.21744269,85.14080402,SELL,2466
1640995202467000000,43305.96136749,99.94892923,BUY,2467
1640995202468000000,43302.58990536,22.08789346,BUY,2468
1640995202469000000,43296.61639637,88.54517842,SELL,2469
1640995202470000000,43297.13219207,72.81767422,BUY,2470
1640995202471000000,43297.22892861,44.07616788,SELL,2471
1640995202472000000,43295.93207096,66.34515405,SELL,2472
1640995202473000000,43296.21463382,14.42723585,BUY,2473
1640995202474000000,43296.18504352,11.86586498,SELL,2474
1640995202475000000,43292.98567376,43.14570555,BUY,2475
1640995202476000000,43296.03969797,81.21240857,SELL,2476
1640995202477000000,43290.28987483,51.22982899,BUY,2477
1640995202478000000,43293.56061223,31.66203440,BUY,2478
1640995202479000000,43293.19151182,27.04354526,SELL,2479
1640995202480000000,43285.55986430,85.98489900,BUY,2480
1640995202481000000,43286.47883303,18.44425872,BUY,2481
1640995202482000000,43288.88530719,52.30683242,BUY,2482
1640995202483000000,43289.24186460,100.62653219,BUY,2483
1640995202484000000,43288.08933066,57.28669941,SELL,2484
1640995202485000000,43288.42894940,92.34849302,SELL,2485
1640995202486000000,43285.98933597,35.32997890,BUY,2486
1640995202487000000,43284.73001881,59.04266903,BUY,2487
1640995202488000000,43283.27879833,28.08781956,BUY,2488
1640995202489000000,43278.02363262,69.03066654,BUY,2489
1640995202490000000,43278.08514697,14.06588990,BUY,2490
1640995202491000000,43279.89374652,107.18059588,BUY,2491
1640995202492000000,43273.95383578,79.63256184,SELL,2492
1640995202493000000,43276.06230646,64.85651765,SELL,2493
1640995202494000000,44136.12840378,90.78010762,BUY,2494
1640995202495000000,44129.73116916,99.28422618,SELL,2495
1640995202496000000,44143.90931418,87.33129376,SELL,2496
1640995202497000000,44139.64195847,102.60270314,SELL,2497
1640995202498000000,44137.17898009,75.15106167,BUY,2498
1640995202499000000,44133.17263146,38.18915945,BUY,2499
1640995202500000000,44133.40101108,56.94429840,SELL,2500
1640995202501000000,44127.28004977,10.31465541,SELL,2501
1640995202502000000,44128.26612945,48.96451893,SELL,2502
1640995202503000000,44128.72156272,53.35026683,SELL,2503
1640995202504000000,44121.95230693,104.82219326,BUY,2504
1640995202505000000,44127.94725853,48.46531641,BUY,2505
1640995202506000000,44135.16600303,107.95430549,SELL,2506
1640995202507000000,44137.26899691,63.94404824,SELL,2507
1640995202508000000,44132.91424760,82.10311229,BUY,2508
1640995202509000000,44130.77652053,51.42419848,BUY,2509
1640995202510000000,44128.54612121,78.38068391,BUY,2510
1640995202511000000,44125.74582937,86.13973427,SELL,2511
1640995202512000000,44124.19065956,98.87874778,SELL,2512
1640995202513000000,44124.08360828,50.67414616,BUY,2513
1640995202514000000,44127.88304834,60.89120113,SELL,2514
1640995202515000000,44127.00576175,78.11398810,SELL,2515
1640995202516000000,44128.97248786,43.41932723,BUY,2516
1640995202517000000,44132.57012046,82.07612257,SELL,2517
1640995202518000000,44133.80426582,61.49834100,SELL,2518
1640995202519000000,44129.13041837,41.10383801,BUY,2519
1640995202520000000,44129.84644406,57.27679177,BUY,2520
1640995202521000000,44130.03822984,95.09520781,SELL,2521
1640995202522000000,44128.32618934,23.75144830,SELL,2522
1640995202523000000,44127.82278739,93.22116426,SELL,2523
1640995202524000000,44126.32962556,15.61267894,BUY,2524
1640995202525000000,44130.71313144,17.07871124,BUY,2525
1640995202526000000,44140.95835811,53.72006192,SELL,2526
1640995202527000000,44151.81898070,21.38046107,BUY,2527
1640995202528000000,44148.34129722,18.41357163,BUY,2528
1640995202529000000,44147.74688807,106.78185272,SELL,2529
1640995202530000000,44143.45492394,82.31644674,SELL,2530
1640995202531000000,44140.21279057,22.10184606,BUY,2531
1640995202532000000,44145.49465634,99.47209762,SELL,2532
1640995202533000000,44140.10849814,60.57734013,BUY,2533
1640995202534000000,44136.20524382,71.44138679,BUY,2534
1640995202535000000,44140.93569161,17.63880879,SELL,2535
1640995202536000000,44132.57733976,15.06498732,BUY,2536
1640995202537000000,44118.66011549,14.34560888,BUY,2537
1640995202538000000,44125.15440887,10.21844073,BUY,2538
1640995202539000000,44130.70487764,62.13994892,BUY,2539
1640995202540000000,44129.73989325,81.34177978,SELL,2540
1640995202541000000,44124.38024763,17.32785481,SELL,2541
1640995202542000000,44123.57836244,49.63829976,SELL,2542
1640995202543000000,44123.89250685,45.53557775,SELL,2543
1640995202544000000,44121.36472624,90.56385100,SELL,2544
1640995202545000000,44117.14818868,23.99263385,SELL,2545
1640995202546000000,44120.92742595,91.93124809,SELL,2546
1640995202547000000,44123.80193188,32.75614595,BUY,2547
1640995202548000000,44118.88060541,98.35587406,BUY,2548
1640995202549000000,44114.19378793,43.76207024,SELL,2549
1640995202550000000,44110.80850672,13.10508861,SELL,2550
1640995202551000000,44110.34647292,73.82028891,SELL,2551
1640995202552000000,44115.01823334,40.11006204,SELL,2552
1640995202553000000,44113.57620787,102.16316198,SELL,2553
1640995202554000000,44109.44852882,41.92732673,SELL,2554
1640995202555000000,44112.12156864,53.39107505,BUY,2555
1640995202556000000,44117.42476335,34.25253508,SELL,2556
1640995202557000000,44112.78939088,69.88928937,SELL,2557
1640995202558000000,44117.35927296,97.22405822,SELL,2558
1640995202559000000,44126.84230534,69.91658188,BUY,2559
1640995202560000000,44123.64064394,55.40442777,BUY,2560
1640995202561000000,44121.83525460,13.77067563,BUY,2561
1640995202562000000,44118.22914133,70.16886043,SELL,2562
1640995202563000000,44116.53651759,39.98608555,SELL,2563
1640995202564000000,44121.70870181,96.68400881,SELL,2564
1640995202565000000,44124.42232305,65.15355411,BUY,2565
1640995202566000000,44114.51054956,96.73765112,BUY,2566
1640995202567000000,44114.13327645,63.06461622,SELL,2567
1640995202568000000,44108.66873175,35.09775327,BUY,2568
1640995202569000000,44110.42340862,44.71227450,SELL,2569
1640995202570000000,44109.30378296,26.40175966,BUY,2570
1640995202571000000,44107.62093215,25.09254051,BUY,2571
1640995202572000000,44106.09563318,56.36651412,SELL,2572
1640995202573000000,44116.80017962,83.68182101,BUY,2573
1640995202574000000,44115.99350101,84.12582480,BUY,2574
1640995202575000000,44114.06494717,102.68969048,BUY,2575
1640995202576000000,44112.82728842,60.09215639,BUY,2576
1640995202577000000,44113.67303848,67.71544868,BUY,2577
1640995202578000000,44114.45660555,10.36132087,SELL,2578
1640995202579000000,44110.76773066,55.47463812,SELL,2579
1640995202580000000,44105.81285579,19.90714241,BUY,2580
1640995202581000000,44109.16817290,45.94262100,BUY,2581
1640995202582000000,44103.02377105,103.10601832,BUY,2582
1640995202583000000,44096.27635197,44.10989472,SELL,2583
1640995202584000000,44103.34118322,88.19885250,SELL,2584
1640995202585000000,44106.99433076,64.47778836,SELL,2585
1640995202586000000,44106.91656965,43.78374684,BUY,2586
1640995202587000000,44108.87200711,49.32676852,SELL,2587
1640995202588000000,44111.25390808,47.30614773,SELL,2588
1640995202589000000,44108.31656197,67.52826176,SELL,2589
1640995202590000000,44112.42393046,82.19521251,SELL,2590
1640995202591000000,44113.31164570,84.00895217,SELL,2591
1640995202592000000,44116.49798574,11.15190245,SELL,2592
1640995202593000000,44116.05260357,109.01702796,SELL,2593
1640995202594000000,44110.36863561,64.36253830,BUY,2594
1640995202595000000,44114.03227399,63.66403505,BUY,2595
1640995202596000000,44111.14430757,74.18104162,SELL,2596
1640995202597000000,44115.73566220,43.32357053,BUY,2597
1640995202598000000,44120.57523090,86.85657782,SELL,2598
1640995202599000000,44126.67983653,15.21204099,BUY,2599
1640995202600000000,44122.34444624,51.63176927,BUY,2600
1640995202601000000,44110.36191809,107.96983919,BUY,2601
1640995202602000000,44115.03605763,24.89451426,BUY,2602
1640995202603000000,44115.19758466,53.83040123,SELL,2603
1640995202604000000,44114.26095352,21.80363756,BUY,2604
1640995202605000000,44117.89840488,36.26280173,BUY,2605
1640995202606000000,44114.91884341,15.81811825,BUY,2606
1640995202607000000,44112.38204396,40.81546860,SELL,2607
1640995202608000000,44112.84526484,34.84694996,BUY,2608
1640995202609000000,44114.11924175,30.06414739,BUY,2609
1640995202610000000,44123.99361909,15.08823105,BUY,2610
1640995202611000000,44123.70445946,76.24298668,BUY,2611
1640995202612000000,44132.35958545,16.06290082,SELL,2612
1640995202613000000,44123.17091507,68.58868419,SELL,2613
1640995202614000000,44121.87134340,42.77278036,SELL,2614
1640995202615000000,44124.71541739,15.73381582,SELL,2615
1640995202616000000,44120.79306185,83.52551130,SELL,2616
1640995202617000000,44117.23523015,80.14429351,BUY,2617
1640995202618000000,44112.04336627,35.82713996,SELL,2618
1640995202619000000,44116.59849300,94.39421830,BUY,2619
1640995202620000000,44115.28560723,25.13047527,BUY,2620
1640995202621000000,44112.86747548,82.72734188,BUY,2621
1640995202622000000,44116.68424277,32.83348838,BUY,2622
1640995202623000000,44116.27415446,66.78700142,SELL,2623
1640995202624000000,44109.95978554,13.60452902,BUY,2624
1640995202625000000,44101.93758737,18.63327196,SELL,2625
1640995202626000000,44101.49456472,80.40246502,SELL,2626
1640995202627000000,44099.02437934,96.46024843,SELL,2627
1640995202628000000,44092.36223643,44.76238777,BUY,2628
1640995202629000000,44088.47522326,62.04265631,BUY,2629
1640995202630000000,44096.72144748,78.88820428,BUY,2630
1640995202631000000,44975.08031945,48.20441859,SELL,2631
1640995202632000000,44972.68650321,20.37765556,SELL,2632
1640995202633000000,44972.15677377,46.86113691,SELL,2633
1640995202634000000,44970.47932276,18.35967224,SELL,2634
1640995202635000000,44968.71763797,77.26145407,BUY,2635
1640995202636000000,44962.85971356,14.05212084,BUY,2636
1640995202637000000,44965.98260861,17.36539086,SELL,2637
1640995202638000000,44960.66028163,21.81234146,SELL,2638
1640995202639000000,44959.87119574,74.19482370,BUY,2639
1640995202640000000,44958.53942276,57.72612456,SELL,2640
1640995202641000000,44958.76938200,10.39012838,SELL,2641
1640995202642000000,44956.87532604,50.80559853,SELL,2642
1640995202643000000,44961.35036442,81.11979231,BUY,2643
1640995202644000000,44958.33164021,13.88340541,BUY,2644
1640995202645000000,44958.46345637,57.63251109,BUY,2645
1640995202646000000,44961.85675870,91.83035052,BUY,2646
1640995202647000000,44962.82591258,62.93276457,SELL,2647
1640995202648000000,44966.48321842,38.11805313,BUY,2648
1640995202649000000,44966.21065376,52.47057737,BUY,2649
1640995202650000000,44963.35086795,21.80057492,BUY,2650
1640995202651000000,44964.31703524,39.63797374,SELL,2651
1640995202652000000,44962.73375967,48.35968663,SELL,2652
1640995202653000000,44965.90923338,20.79464677,SELL,2653
1640995202654000000,44968.13878534,99.65295637,SELL,2654
1640995202655000000,44964.39707972,71.35328368,SELL,2655
1640995202656000000,44963.89183150,32.18495816,BUY,2656
1640995202657000000,44958.33170621,32.13030451,SELL,2657
1640995202658000000,44954.64045210,23.50534590,BUY,2658
1640995202659000000,44965.08823256,36.47550534,BUY,2659
1640995202660000000,44961.27574929,22.50745719,BUY,2660
1640995202661000000,44958.14850030,59.36545008,SELL,2661
1640995202662000000,44961.68730333,10.48724869,BUY,2662
1640995202663000000,44963.73565928,13.45928918,BUY,2663
1640995202664000000,44963.84358933,18.21123264,SELL,2664
1640995202665000000,44964.37294162,67.17816531,SELL,2665
1640995202666000000,44962.17116008,102.48421059,BUY,2666
1640995202667000000,44971.01271241,22.97977111,SELL,2667
1640995202668000000,44970.13850347,10.04215075,SELL,2668
1640995202669000000,44964.97588050,59.66627042,SELL,2669
1640995202670000000,44964.29721084,23.07159417,SELL,2670
1640995202671000000,44958.42553334,73.89368233,SELL,2671
1640995202672000000,44966.22181898,46.79138580,BUY,2672
1640995202673000000,44963.87228924,31.40655982,BUY,2673
1640995202674000000,44959.57927622,53.78171877,SELL,2674
1640995202675000000,44949.89833648,54.65821964,BUY,2675
1640995202676000000,44948.11954230,11.87616387,BUY,2676
1640995202677000000,44942.99131875,66.75441444,BUY,2677
1640995202678000000,44938.61249094,91.02673715,BUY,2678
1640995202679000000,44939.14518195,69.03656357,SELL,2679
1640995202680000000,44947.70143254,35.70531195,SELL,2680
1640995202681000000,44941.52960435,64.41463249,BUY,2681
1640995202682000000,44949.03590071,26.95003021,SELL,2682
1640995202683000000,44949.94432204,46.14162455,SELL,2683
1640995202684000000,44959.14073509,79.48103156,BUY,2684
1640995202685000000,44958.12045391,47.97713844,BUY,2685
1640995202686000000,44958.51893349,24.14907683,SELL,2686
1640995202687000000,44960.25504999,82.58796143,BUY,2687
1640995202688000000,44959.27393004,17.83344049,SELL,2688
1640995202689000000,44951.51328827,98.70406361,SELL,2689
1640995202690000000,44945.50553707,33.28279956,SELL,2690
1640995202691000000,44946.92296840,56.46085422,SELL,2691
1640995202692000000,44941.11904355,40.97332669,BUY,2692
1640995202693000000,44935.80834696,89.85050926,SELL,2693
1640995202694000000,44932.16311047,96.50295096,BUY,2694
1640995202695000000,44936.17473054,19.35669696,BUY,2695
1640995202696000000,44938.23239824,59.00477994,BUY,2696
1640995202697000000,44935.03998490,29.45758658,BUY,2697
1640995202698000000,44933.54071562,14.90043993,SELL,2698
1640995202699000000,44927.55123592,32.33083008,BUY,2699
1640995202700000000,44933.03138252,38.54799629,BUY,2700
1640995202701000000,44938.86361025,97.27772285,BUY,2701
1640995202702000000,44937.19373694,73.77150282,SELL,2702
1640995202703000000,44942.52116662,50.35324800,BUY,2703
1640995202704000000,44942.55423756,85.83849311,BUY,2704
1640995202705000000,44943.42169667,12.28930661,SELL,2705
1640995202706000000,44941.08951672,81.54188393,SELL,2706
1640995202707000000,44939.41096794,16.76034487,SELL,2707
1640995202708000000,44943.17176598,81.94450834,SELL,2708
1640995202709000000,44938.58967324,96.29847931,SELL,2709
1640995202710000000,44931.49514960,46.84888060,BUY,2710
1640995202711000000,44927.26759822,29.13752953,SELL,2711
1640995202712000000,44935.58838415,63.12319535,BUY,2712
1640995202713000000,44938.83032512,97.10778182,BUY,2713
1640995202714000000,44931.61783019,31.36266937,BUY,2714
1640995202715000000,44928.93883587,15.80055939,SELL,2715
1640995202716000000,44929.17805259,84.86013647,BUY,2716
1640995202717000000,44924.00506458,99.14329881,BUY,2717
1640995202718000000,44930.43188790,39.41800885,BUY,2718
1640995202719000000,44932.21355956,105.86712569,SELL,2719
1640995202720000000,44927.15628711,87.81375635,BUY,2720
1640995202721000000,44927.47655476,17.65465837,BUY,2721
1640995202722000000,44929.39004440,54.68048726,SELL,2722
1640995202723000000,44928.12329539,57.26624975,SELL,2723
1640995202724000000,44927.27771695,55.03707812,SELL,2724
1640995202725000000,44928.68152999,84.75053638,SELL,2725
1640995202726000000,44920.71132690,80.58640663,SELL,2726
1640995202727000000,44921.33852690,108.69057439,SELL,2727
1640995202728000000,44923.08538659,86.19377694,BUY,2728
1640995202729000000,44915.78898676,87.46313878,SELL,2729
1640995202730000000,44918.56967312,56.56433338,SELL,2730
1640995202731000000,44928.45910628,13.38770676,BUY,2731
1640995202732000000,44937.35258069,99.40212662,BUY,2732
1640995202733000000,44937.65369402,12.41749159,SELL,2733
1640995202734000000,44937.64205635,103.74008169,SELL,2734
1640995202735000000,44940.44377786,100.79777939,BUY,2735
1640995202736000000,44938.45404638,40.31728810,SELL,2736
1640995202737000000,44937.24435116,48.95457673,BUY,2737
1640995202738000000,44937.82174574,34.28297320,BUY,2738
1640995202739000000,44936.14822264,67.61280260,SELL,2739
1640995202740000000,44932.56380749,59.62841475,BUY,2740
1640995202741000000,44928.31861939,72.23399895,SELL,2741
1640995202742000000,44927.32408712,22.76402395,BUY,2742
1640995202743000000,44930.31697846,105.25713812,SELL,2743
1640995202744000000,44933.38477341,70.87830405,SELL,2744
1640995202745000000,44926.82375626,18.52551706,BUY,2745
1640995202746000000,44924.96879614,62.54449660,SELL,2746
1640995202747000000,44923.92791519,63.10022754,SELL,2747
1640995202748000000,44923.29980004,89.39397794,BUY,2748
1640995202749000000,44925.11941151,45.80029022,SELL,2749
1640995202750000000,44923.52257663,49.17368200,BUY,2750
1640995202751000000,44927.58991802,38.48092908,SELL,2751
1640995202752000000,44930.43446965,105.71508867,SELL,2752
1640995202753000000,44925.35485252,85.55343558,BUY,2753
1640995202754000000,44926.42698021,52.46403580,SELL,2754
1640995202755000000,44926.47869676,10.33943005,SELL,2755
1640995202756000000,44925.51258074,36.46695068,BUY,2756
1640995202757000000,44922.92002286,66.02696404,BUY,2757
1640995202758000000,44917.29392245,20.92012723,SELL,2758
1640995202759000000,44921.36462621,26.26489504,SELL,2759
1640995202760000000,44922.56804840,78.77304856,SELL,2760
1640995202761000000,44920.77163764,26.04779002,SELL,2761
1640995202762000000,44920.33275896,100.03292576,SELL,2762
1640995202763000000,44920.56790046,105.12670252,SELL,2763
1640995202764000000,44920.15931421,26.88363234,SELL,2764
1640995202765000000,44921.08474570,71.76121263,SELL,2765
1640995202766000000,44919.35545982,77.02721921,BUY,2766
1640995202767000000,44923.14307529,109.35846534,SELL,2767
1640995202768000000,44918.16767923,13.23036166,BUY,2768
1640995202769000000,44917.75155114,43.80791232,SELL,2769
1640995202770000000,44912.84026821,48.32182808,BUY,2770
1640995202771000000,44916.37377536,10.19356754,BUY,2771
1640995202772000000,44911.63719268,100.55262580,SELL,2772
1640995202773000000,44919.45927549,19.57071057,SELL,2773
1640995202774000000,44919.24700942,78.48490904,SELL,2774
1640995202775000000,44911.74354280,50.04101570,BUY,2775
1640995202776000000,44911.59763858,108.98914744,BUY,2776
1640995202777000000,44915.36976054,42.71665369,BUY,2777
1640995202778000000,44915.80186363,35.17970989,SELL,2778
1640995202779000000,44913.33588665,89.82074813,SELL,2779
1640995202780000000,44910.41451296,50.61340583,SELL,2780
1640995202781000000,44912.09872039,108.56734247,SELL,2781
1640995202782000000,44907.61194414,32.55336172,BUY,2782
1640995202783000000,44908.62516017,30.03317981,BUY,2783
1640995202784000000,44912.69623328,59.88945316,SELL,2784
1640995202785000000,44909.57476723,24.77152468,SELL,2785
1640995202786000000,44903.81939546,96.00010916,SELL,2786
1640995202787000000,44899.81969571,66.40867149,BUY,2787
1640995202788000000,44912.28022559,58.69722913,BUY,2788
1640995202789000000,44912.97710113,90.67692664,SELL,2789
1640995202790000000,44909.32390307,26.70531147,BUY,2790
1640995202791000000,44906.57545231,92.09303821,SELL,2791
1640995202792000000,44899.90624311,59.89852881,BUY,2792
1640995202793000000,44893.24303061,70.77314950,SELL,2793
1640995202794000000,44894.41111714,56.08223722,BUY,2794
1640995202795000000,44891.78663890,16.62346655,BUY,2795
1640995202796000000,44886.11824476,36.26826896,BUY,2796
1640995202797000000,44886.31524620,13.57305693,BUY,2797
1640995202798000000,44881.72934834,47.96545155,SELL,2798
1640995202799000000,44876.92449762,30.79773362,SELL,2799
1640995202800000000,44877.01097820,101.33597939,SELL,2800
1640995202801000000,44880.11820906,17.77792599,BUY,2801
1640995202802000000,44876.65566094,47.52240608,SELL,2802
1640995202803000000,44877.64914751,56.93407050,SELL,2803
1640995202804000000,44873.91741659,40.59464362,BUY,2804
1640995202805000000,44876.14734589,91.53135545,SELL,2805
1640995202806000000,44867.71704179,30.62186718,BUY,2806
1640995202807000000,44872.40257119,55.58191918,SELL,2807
1640995202808000000,44871.83981266,61.75118356,SELL,2808
1640995202809000000,44868.27253140,63.02686580,BUY,2809
1640995202810000000,44876.53943500,102.75935824,SELL,2810
1640995202811000000,44876.82072777,15.98426415,BUY,2811
1640995202812000000,44873.58109297,43.40049022,BUY,2812
1640995202813000000,44862.95682706,85.51794067,SELL,2813
1640995202814000000,44866.82835464,85.78122078,BUY,2814
1640995202815000000,44868.40400458,33.46390721,SELL,2815
1640995202816000000,44863.06502571,17.61255938,SELL,2816
1640995202817000000,44856.66678692,34.17259437,SELL,2817
1640995202818000000,44858.73876245,107.71796807,SELL,2818
1640995202819000000,44859.15490639,61.74322210,SELL,2819
1640995202820000000,44862.47968611,86.20703487,BUY,2820
1640995202821000000,44856.78645689,92.15562626,SELL,2821
1640995202822000000,44856.06931693,88.04395002,SELL,2822
1640995202823000000,44862.70119641,78.95916008,SELL,2823
1640995202824000000,44853.80661616,41.57391754,BUY,2824
1640995202825000000,44854.78501490,108.55529799,BUY,2825
1640995202826000000,44855.68375753,35.58121293,SELL,2826
1640995202827000000,44857.25190972,21.79607343,BUY,2827
1640995202828000000,44861.00375704,59.21657568,BUY,2828
1640995202829000000,44865.90444302,61.26563934,SELL,2829
1640995202830000000,44865.35197228,54.36867625,SELL,2830
1640995202831000000,44862.15521222,62.54682696,BUY,2831
1640995202832000000,44854.23016628,100.20304265,BUY,2832
1640995202833000000,44851.89478201,89.62898284,BUY,2833
1640995202834000000,44857.21144898,25.60517479,SELL,2834
1640995202835000000,44853.65188070,45.16372365,BUY,2835
1640995202836000000,44856.87174284,90.18306712,BUY,2836
1640995202837000000,44856.08623578,32.68210842,BUY,2837
1640995202838000000,44847.10406277,47.20649813,BUY,2838
1640995202839000000,44847.77297857,102.26030220,SELL,2839
1640995202840000000,44845.74326221,37.43550438,BUY,2840
1640995202841000000,44847.09329546,72.88963376,BUY,2841
1640995202842000000,44849.90171375,86.12321820,SELL,2842
1640995202843000000,44861.78415902,61.82238431,SELL,2843
1640995202844000000,44859.53952784,62.89007777,BUY,2844
1640995202845000000,44863.27411524,47.61023272,SELL,2845
1640995202846000000,44873.91800130,19.08127427,BUY,2846
1640995202847000000,44875.94532414,42.66844822,BUY,2847
1640995202848000000,44877.42813476,11.53004237,BUY,2848
1640995202849000000,44878.31191571,71.68423723,BUY,2849
1640995202850000000,44878.39419206,67.36174274,BUY,2850
1640995202851000000,44873.62859485,95.71171869,SELL,2851
1640995202852000000,44869.54104699,85.35489632,SELL,2852
1640995202853000000,44864.11437967,98.18033519,SELL,2853
1640995202854000000,44867.75531396,19.47065386,BUY,2854
1640995202855000000,44866.25452709,59.87732907,SELL,2855
1640995202856000000,44863.98614872,16.22819487,BUY,2856
1640995202857000000,44862.07845972,94.26459365,BUY,2857
1640995202858000000,44862.87350814,50.26955695,BUY,2858
1640995202859000000,44859.47319896,38.80556792,SELL,2859
1640995202860000000,44856.44121027,11.84913030,SELL,2860
1640995202861000000,44858.33327813,88.61846935,SELL,2861
1640995202862000000,44863.94552062,45.24357859,BUY,2862
1640995202863000000,44865.36417959,85.34313072,BUY,2863
1640995202864000000,44866.43639147,52.23902121,SELL,2864
1640995202865000000,44863.64145129,77.70472538,BUY,2865
1640995202866000000,44863.60705138,96.18494033,SELL,2866
1640995202867000000,44861.31850907,16.00549514,SELL,2867
1640995202868000000,44864.63066863,108.80200680,BUY,2868
1640995202869000000,44864.72652251,26.53061804,BUY,2869
1640995202870000000,44867.98851074,19.54715457,SELL,2870
1640995202871000000,44875.05362536,24.26997190,BUY,2871
1640995202872000000,44873.52010650,91.76362973,SELL,2872
1640995202873000000,44873.75443505,80.73592005,SELL,2873
1640995202874000000,44874.83903069,71.80933327,SELL,2874
1640995202875000000,44878.00355324,16.55940796,BUY,2875
1640995202876000000,44882.41727845,44.83455467,SELL,2876
1640995202877000000,44878.92095418,109.51253596,BUY,2877
1640995202878000000,44882.57321903,97.18134141,BUY,2878
1640995202879000000,44878.69268202,36.54165375,BUY,2879
1640995202880000000,44875.49775571,62.45608634,BUY,2880
1640995202881000000,44879.99880514,44.99002576,BUY,2881
1640995202882000000,44884.27984701,76.80297441,BUY,2882
1640995202883000000,44883.39004444,93.73799363,SELL,2883
1640995202884000000,44883.92307338,107.78618420,SELL,2884
1640995202885000000,44886.79670419,42.58505980,BUY,2885
1640995202886000000,44896.39505643,102.99679192,BUY,2886
1640995202887000000,44892.38519713,86.20289421,SELL,2887
1640995202888000000,44892.85308677,69.92185688,BUY,2888
1640995202889000000,44891.58239105,107.96552719,SELL,2889
1640995202890000000,44895.23567347,95.21487166,BUY,2890
1640995202891000000,44903.66466295,54.96036976,BUY,2891
1640995202892000000,44909.95063745,49.80847918,SELL,2892
1640995202893000000,44900.44326248,44.39869632,SELL,2893
1640995202894000000,44901.84182391,35.27148173,BUY,2894
1640995202895000000,44910.10679995,52.61985851,BUY,2895
1640995202896000000,44913.89786262,41.58235289,SELL,2896
1640995202897000000,44914.00463627,16.38379333,BUY,2897
1640995202898000000,44912.01638538,91.01710127,SELL,2898
1640995202899000000,44910.68856926,71.16869457,BUY,2899
1640995202900000000,44915.93408352,74.40874038,BUY,2900
1640995202901000000,44920.59243800,40.48591133,BUY,2901
1640995202902000000,44918.08539946,63.62670841,SELL,2902
1640995202903000000,44912.61380921,69.13327419,BUY,2903
1640995202904000000,44914.51651784,72.13183867,SELL,2904
1640995202905000000,44917.59022951,108.73559754,BUY,2905
1640995202906000000,44917.94232526,28.44014434,BUY,2906
1640995202907000000,44914.41418816,68.24992087,BUY,2907
1640995202908000000,44912.25367113,84.16871901,SELL,2908
1640995202909000000,44914.32671355,108.34905782,SELL,2909
1640995202910000000,44915.40059656,79.33894528,BUY,2910
1640995202911000000,44912.98017713,61.81175310,SELL,2911
1640995202912000000,44912.50732016,82.18090626,SELL,2912
1640995202913000000,44912.15737679,38.68325447,BUY,2913
1640995202914000000,44911.80212839,91.80839715,SELL,2914
1640995202915000000,44912.75179099,67.32820015,SELL,2915
1640995202916000000,44914.47634586,28.38803141,SELL,2916
1640995202917000000,44903.27929021,82.47404743,BUY,2917
1640995202918000000,44902.92005419,90.16927431,SELL,2918
1640995202919000000,44904.57588753,60.70675708,SELL,2919
1640995202920000000,44902.98412209,11.41641825,SELL,2920
1640995202921000000,44905.30695336,106.04947615,BUY,2921
1640995202922000000,44913.99643645,35.34848157,SELL,2922
1640995202923000000,44915.53071203,95.70002141,BUY,2923
1640995202924000000,44914.83962690,19.57887542,SELL,2924
1640995202925000000,44910.20616475,57.07775586,BUY,2925
1640995202926000000,44915.67414517,94.19740872,SELL,2926
1640995202927000000,44915.21469476,82.19962623,BUY,2927
1640995202928000000,44905.16716193,50.75874786,BUY,2928
1640995202929000000,44894.45268912,15.75381054,SELL,2929
1640995202930000000,44895.06702185,78.23865384,SELL,2930
1640995202931000000,44894.70678953,50.03093190,SELL,2931
1640995202932000000,44898.89333509,89.09493844,SELL,2932
1640995202933000000,44888.45101195,37.58825603,SELL,2933
1640995202934000000,44889.53821042,94.82263020,BUY,2934
1640995202935000000,44892.36140191,65.06093067,BUY,2935
1640995202936000000,44891.28308279,10.61637813,BUY,2936
1640995202937000000,44893.24338118,67.17022731,BUY,2937
1640995202938000000,44886.25811601,95.04098470,BUY,2938
1640995202939000000,44887.54193987,102.66554785,BUY,2939
1640995202940000000,44888.66750856,49.98700621,SELL,2940
1640995202941000000,44885.40840810,32.70682447,BUY,2941
1640995202942000000,44888.38663855,79.63790152,BUY,2942
1640995202943000000,44883.38380655,107.53415861,BUY,2943
1640995202944000000,44874.70060691,59.40873803,BUY,2944
1640995202945000000,44871.63101153,77.45744291,SELL,2945
1640995202946000000,44873.29041491,17.26640214,SELL,2946
1640995202947000000,44875.27854512,47.84693883,SELL,2947
1640995202948000000,44878.20215744,85.32014236,BUY,2948
1640995202949000000,44883.24375355,46.49737546,BUY,2949
1640995202950000000,44884.50782230,62.80573199,SELL,2950
1640995202951000000,44880.07467344,108.52976184,BUY,2951
1640995202952000000,44872.55979053,103.35859144,BUY,2952
1640995202953000000,44873.69537987,46.68211548,SELL,2953
1640995202954000000,44879.02061894,27.63415729,BUY,2954
1640995202955000000,44877.38439663,22.94367569,BUY,2955
1640995202956000000,44872.12677027,40.41364348,SELL,2956
1640995202957000000,44868.74282257,57.06790323,SELL,2957
1640995202958000000,44867.65270043,39.97544702,SELL,2958
1640995202959000000,44865.04137474,95.92206230,BUY,2959
1640995202960000000,44871.01686047,75.16618515,BUY,2960
1640995202961000000,44870.50905423,64.90158058,BUY,2961
1640995202962000000,44869.49148362,31.14746103,SELL,2962
1640995202963000000,44869.47632532,49.74450089,SELL,2963
1640995202964000000,44858.53441991,52.92772159,BUY,2964
1640995202965000000,44865.11343388,47.18539804,SELL,2965
1640995202966000000,44866.34018944,12.11364167,BUY,2966
1640995202967000000,44855.21005894,59.78597743,BUY,2967
1640995202968000000,44853.16967060,45.96641442,SELL,2968
1640995202969000000,44849.28960837,74.98286197,BUY,2969
1640995202970000000,44848.82905063,17.20313700,BUY,2970
1640995202971000000,44843.54603191,33.58632378,BUY,2971
1640995202972000000,44845.47602840,74.27448395,SELL,2972
1640995202973000000,44847.15201940,89.34578775,BUY,2973
1640995202974000000,44843.34407000,26.18668041,SELL,2974
1640995202975000000,44845.77981149,70.73436355,BUY,2975
1640995202976000000,44844.93653883,54.63640338,SELL,2976
1640995202977000000,44839.46563114,29.77020172,BUY,2977
1640995202978000000,44836.82833746,108.03404871,BUY,2978
1640995202979000000,44841.61516638,101.81512483,BUY,2979
1640995202980000000,44838.01393745,17.39662657,SELL,2980
1640995202981000000,43944.74178364,109.83988763,SELL,2981
1640995202982000000,43952.06278800,95.62872010,SELL,2982
1640995202983000000,44832.57539773,39.01319860,BUY,2983
1640995202984000000,44828.47201708,41.54528601,BUY,2984
1640995202985000000,44830.74655201,89.53573086,BUY,2985
1640995202986000000,44838.46867693,108.29332743,BUY,2986
1640995202987000000,44834.62312535,70.74077076,BUY,2987
1640995202988000000,44827.53998347,18.00011468,SELL,2988
1640995202989000000,44822.32022358,33.56132772,BUY,2989
1640995202990000000,44821.50438390,57.97554651,BUY,2990
1640995202991000000,44820.36336388,14.59320086,SELL,2991
1640995202992000000,44818.29806348,28.73806537,BUY,2992
1640995202993000000,44818.33657028,47.71755135,SELL,2993
1640995202994000000,44823.02640284,106.76820236,BUY,2994
1640995202995000000,44817.18387395,25.52132555,BUY,2995
1640995202996000000,44825.55322921,57.99635822,BUY,2996
1640995202997000000,44827.22351019,22.50526215,BUY,2997
1640995202998000000,44830.17477735,18.23063061,BUY,2998
1640995202999000000,44833.58177973,19.96800172,SELL,2999
1640995203000000000,44829.39955645,45.69959730,BUY,3000
1640995203001000000,44826.95858529,78.95524924,BUY,3001
1640995203002000000,44817.78773942,11.63388477,BUY,3002
1640995203003000000,44817.45669660,47.15846728,SELL,3003
1640995203004000000,44814.95268404,81.58157139,SELL,3004
1640995203005000000,44810.20086523,108.36981111,SELL,3005
1640995203006000000,44815.91494147,83.96897435,BUY,3006
1640995203007000000,44814.94366499,78.71423119,BUY,3007
1640995203008000000,44817.17120493,88.51768841,BUY,3008
1640995203009000000,44818.02601543,52.49857823,BUY,3009
1640995203010000000,44818.93139350,11.49329040,SELL,3010
1640995203011000000,44815.78012116,109.37970929,SELL,3011
1640995203012000000,44813.00156506,88.93487586,BUY,3012
1640995203013000000,44811.14150075,41.75588425,SELL,3013
1640995203014000000,44813.65526111,16.04396622,BUY,3014
1640995203015000000,44807.71086843,87.75580409,BUY,3015
1640995203016000000,44815.41356408,76.86809893,SELL,3016
1640995203017000000,44813.27675671,32.22213113,SELL,3017
1640995203018000000,44819.28757067,39.06301349,BUY,3018
1640995203019000000,44820.22608103,95.75955229,SELL,3019
1640995203020000000,44822.56781160,85.39257813,SELL,3020
1640995203021000000,44827.15801052,10.29875577,SELL,3021
1640995203022000000,44825.51425058,58.75305986,BUY,3022
1640995203023000000,44823.73574283,66.89887115,BUY,3023
1640995203024000000,44826.96473345,75.87212582,BUY,3024
1640995203025000000,44831.00908247,19.41441050,BUY,3025
1640995203026000000,44834.17479022,93.05099708,BUY,3026
1640995203027000000,44837.68724533,53.43582844,BUY,3027
1640995203028000000,44843.22031012,87.27658614,BUY,3028
1640995203029000000,44839.65026305,50.44644170,SELL,3029
1640995203030000000,44834.63924335,29.49878064,SELL,3030
1640995203031000000,44834.75354150,48.14302795,BUY,3031
1640995203032000000,44831.73072698,23.52174140,SELL,3032
1640995203033000000,44833.80930674,13.64786105,BUY,3033
1640995203034000000,44833.16248448,84.07732991,SELL,3034
1640995203035000000,44826.77293724,42.33340214,SELL,3035
1640995203036000000,44826.33939962,66.75480930,SELL,3036
1640995203037000000,44827.99655853,38.61961671,SELL,3037
1640995203038000000,44830.41806646,60.24492257,SELL,3038
1640995203039000000,44833.14426365,96.80151745,BUY,3039
1640995203040000000,44824.60540981,26.11549949,BUY,3040
1640995203041000000,44825.67103573,24.50279011,BUY,3041
1640995203042000000,44825.92608576,88.70360713,BUY,3042
1640995203043000000,44824.38394577,71.84539117,BUY,3043
1640995203044000000,44826.05191430,70.36371124,SELL,3044
1640995203045000000,44831.48285364,92.14746687,BUY,3045
1640995203046000000,44833.10252156,57.05363155,SELL,3046
1640995203047000000,44832.58622204,47.18981704,BUY,3047
1640995203048000000,44827.41199294,59.85476057,SELL,3048
1640995203049000000,44820.95121901,58.41009672,BUY,3049
1640995203050000000,44815.33283392,74.28701927,SELL,3050
1640995203051000000,44813.35510368,73.12546479,SELL,3051
1640995203052000000,44819.58000967,35.64607749,BUY,3052
1640995203053000000,44822.23447034,71.92152087,BUY,3053
1640995203054000000,44820.13001678,72.12270781,BUY,3054
1640995203055000000,44815.86565085,18.25664798,BUY,3055
1640995203056000000,44810.34541690,32.12111151,SELL,3056
1640995203057000000,44805.66778480,61.79177805,SELL,3057
1640995203058000000,44801.83285589,56.68284082,BUY,3058
1640995203059000000,44797.14282152,55.78392416,BUY,3059
1640995203060000000,44796.03914928,41.24376482,BUY,3060
1640995203061000000,44798.18853703,65.32058958,SELL,3061
1640995203062000000,44798.40857348,105.62221755,BUY,3062
1640995203063000000,44802.25538127,107.14893473,BUY,3063
1640995203064000000,44798.27792169,109.31559830,BUY,3064
1640995203065000000,43898.20698738,79.77497863,SELL,3065
1640995203066000000,43898.64638878,78.77366167,BUY,3066
1640995203067000000,43898.81049956,30.05911437,BUY,3067
1640995203068000000,43897.77354145,103.39794419,SELL,3068
1640995203069000000,43900.74832565,92.35272552,BUY,3069
1640995203070000000,43896.47370792,37.02754804,BUY,3070
1640995203071000000,43903.16140815,86.07476351,SELL,3071
1640995203072000000,43900.32462355,99.33923919,BUY,3072
1640995203073000000,43895.77169787,85.17078720,BUY,3073
1640995203074000000,43894.57468104,95.46545666,SELL,3074
1640995203075000000,43899.23435600,31.88413467,BUY,3075
1640995203076000000,43905.70241691,60.06455153,SELL,3076
1640995203077000000,43904.43272583,79.98018494,BUY,3077
1640995203078000000,43898.72220226,107.71675927,SELL,3078
1640995203079000000,43901.22388466,65.39794784,BUY,3079
1640995203080000000,43898.64405946,64.97222538,SELL,3080
1640995203081000000,43894.32200174,45.98656698,BUY,3081
1640995203082000000,43894.96850089,82.17483895,SELL,3082
1640995203083000000,43887.36245630,41.16629116,BUY,3083
1640995203084000000,43884.22725858,41.05358858,SELL,3084
1640995203085000000,43881.41711463,50.53623555,SELL,3085
1640995203086000000,43884.22448597,54.94899459,SELL,3086
1640995203087000000,43881.80951342,29.17315417,BUY,3087
1640995203088000000,43894.33891951,86.23169135,SELL,3088
1640995203089000000,43902.01201373,84.24616648,BUY,3089
1640995203090000000,43905.80828919,36.87059251,SELL,3090
1640995203091000000,43914.10325240,100.59917415,SELL,3091
1640995203092000000,43909.79515534,42.01111968,SELL,3092
1640995203093000000,43907.58827011,72.97331287,BUY,3093
1640995203094000000,43912.88799906,27.53281705,SELL,3094
1640995203095000000,43916.49547684,19.91500370,BUY,3095
1640995203096000000,43913.54257612,107.13608019,BUY,3096
1640995203097000000,43911.33877527,52.48774825,SELL,3097
1640995203098000000,43916.26347790,100.46535860,SELL,3098
1640995203099000000,43915.29942237,86.58882810,SELL,3099
1640995203100000000,43915.95549608,87.72783999,SELL,3100
1640995203101000000,43916.91296237,27.99751969,BUY,3101
1640995203102000000,43921.78198560,81.19050981,BUY,3102
1640995203103000000,43916.12948158,20.84343832,SELL,3103
1640995203104000000,43910.85458606,87.94832911,BUY,3104
1640995203105000000,43908.27807018,83.01047717,BUY,3105
1640995203106000000,43906.84127902,22.31858854,SELL,3106
1640995203107000000,43909.74726563,37.03545300,SELL,3107
1640995203108000000,43919.35380931,65.36417271,SELL,3108
1640995203109000000,43919.58111040,92.18393648,BUY,3109
1640995203110000000,43922.08937277,26.45398457,SELL,3110
1640995203111000000,43926.31198798,57.01815702,SELL,3111
1640995203112000000,43929.87122513,25.08558062,SELL,3112
1640995203113000000,43928.81741321,84.35914319,BUY,3113
1640995203114000000,43924.93855489,95.97923129,SELL,3114
1640995203115000000,43924.62103611,35.09046442,BUY,3115
1640995203116000000,43924.04424989,60.94340370,BUY,3116
1640995203117000000,43928.95761047,14.69346888,SELL,3117
1640995203118000000,43935.08803426,54.61873888,SELL,3118
1640995203119000000,43933.45280463,62.01585383,SELL,3119
1640995203120000000,43932.46963190,106.21650894,SELL,3120
1640995203121000000,43933.93472608,93.60643653,SELL,3121
1640995203122000000,43927.56581473,95.30457767,BUY,3122
1640995203123000000,43927.02035507,66.27665725,BUY,3123
1640995203124000000,43932.83604682,59.55159072,BUY,3124
1640995203125000000,43927.64075225,72.82251871,BUY,3125
1640995203126000000,43927.73180204,74.57619929,BUY,3126
1640995203127000000,43927.89314053,99.08896871,BUY,3127
1640995203128000000,43922.70566431,54.19561728,SELL,3128
1640995203129000000,43922.96097669,58.24180234,SELL,3129
1640995203130000000,43918.19021832,97.44273792,BUY,3130
1640995203131000000,43915.52410435,69.74302839,SELL,3131
1640995203132000000,43914.78603275,91.67150498,SELL,3132
1640995203133000000,43040.78513524,79.39907590,BUY,3133
1640995203134000000,43041.88929679,18.12398785,SELL,3134
1640995203135000000,43038.29959722,13.74555500,BUY,3135
1640995203136000000,43038.78440418,71.10621808,SELL,3136
1640995203137000000,43035.90322143,42.46693289,SELL,3137
1640995203138000000,43036.43873276,103.99726179,BUY,3138
1640995203139000000,43037.92467073,82.96058948,BUY,3139
1640995203140000000,43041.08390057,35.30843936,BUY,3140
1640995203141000000,43043.30452151,107.45773431,SELL,3141
1640995203142000000,43049.33770806,51.27601594,SELL,3142
1640995203143000000,43042.54580306,103.35101107,SELL,3143
1640995203144000000,43043.62945069,13.99599079,BUY,3144
1640995203145000000,43048.02872977,57.91739379,BUY,3145
1640995203146000000,43050.72369816,15.71345940,BUY,3146
1640995203147000000,43049.41440244,23.25190048,BUY,3147
1640995203148000000,43055.67925575,96.76526825,SELL,3148
1640995203149000000,43066.07444908,103.86911358,SELL,3149
1640995203150000000,43069.24501325,40.88678977,SELL,3150
1640995203151000000,43068.54886519,34.98951084,BUY,3151
1640995203152000000,43067.36012007,12.15410623,SELL,3152
1640995203153000000,43070.79462280,37.86002814,BUY,3153
1640995203154000000,43072.17097608,36.20428967,BUY,3154
1640995203155000000,43078.14818466,74.83273347,SELL,3155
1640995203156000000,43081.12757057,20.46724255,BUY,3156
1640995203157000000,43078.87422730,81.98027549,BUY,3157
1640995203158000000,43070.93810658,27.92515369,BUY,3158
1640995203159000000,43069.27686215,87.42528722,SELL,3159
1640995203160000000,43073.32317971,96.80509573,BUY,3160
1640995203161000000,43069.80573110,84.77634248,SELL,3161
1640995203162000000,43065.37751791,98.19778022,BUY,3162
1640995203163000000,43066.84463735,15.60904067,BUY,3163
1640995203164000000,43073.32454192,86.47396089,BUY,3164
1640995203165000000,43071.65018909,99.95732218,BUY,3165
1640995203166000000,43077.17496943,41.31041161,BUY,3166
1640995203167000000,43080.54246838,65.68376101,SELL,3167
1640995203168000000,43086.27053857,85.13664268,BUY,3168
1640995203169000000,43083.01588787,103.54080706,BUY,3169
1640995203170000000,43081.72571895,19.05683905,SELL,3170
1640995203171000000,43082.86523961,85.31653916,SELL,3171
1640995203172000000,43080.26468589,32.71280217,BUY,3172
1640995203173000000,43081.88246335,92.25043675,BUY,3173
1640995203174000000,43082.03891384,21.00649216,BUY,3174
1640995203175000000,43080.99351102,44.91371797,SELL,3175
1640995203176000000,43085.96519689,12.33422636,SELL,3176
1640995203177000000,43086.13406199,44.74558147,BUY,3177
1640995203178000000,43091.40332384,86.56972861,SELL,3178
1640995203179000000,43083.62157155,84.49975242,BUY,3179
1640995203180000000,43073.51374047,64.98269254,BUY,3180
1640995203181000000,43074.11531242,27.11025210,BUY,3181
1640995203182000000,43079.14083896,85.08639639,SELL,3182
1640995203183000000,43077.04148000,48.36953575,SELL,3183
1640995203184000000,43070.69130899,20.88567548,SELL,3184
1640995203185000000,43067.72880771,72.71757342,BUY,3185
1640995203186000000,43071.01480074,59.17582700,BUY,3186
1640995203187000000,43077.49256404,109.33095385,SELL,3187
1640995203188000000,43078.68356081,25.14879223,BUY,3188
1640995203189000000,43081.80946189,12.97187518,SELL,3189
1640995203190000000,43079.48863052,29.88396857,SELL,3190
1640995203191000000,43085.26494424,62.47445175,SELL,3191
1640995203192000000,43088.80544496,33.90736032,BUY,3192
1640995203193000000,43086.13148986,33.86388987,BUY,3193
1640995203194000000,43081.52432418,28.58819276,BUY,3194
1640995203195000000,43083.99648653,39.84533633,BUY,3195
1640995203196000000,43091.73892662,105.63093144,BUY,3196
1640995203197000000,43087.93126448,72.09562336,BUY,3197
1640995203198000000,43089.04225696,41.68480026,BUY,3198
1640995203199000000,43096.45825957,10.97315915,BUY,3199
1640995203200000000,43091.54891301,31.85344033,BUY,3200
1640995203201000000,43090.66357131,93.06763945,SELL,3201
1640995203202000000,43095.18881731,90.56690900,BUY,3202
1640995203203000000,43096.59051642,99.97996140,BUY,3203
1640995203204000000,43098.66368090,99.63788558,BUY,3204
1640995203205000000,43093.56167499,28.41787953,SELL,3205
1640995203206000000,43100.93636001,16.91340642,SELL,3206
1640995203207000000,43097.08966107,74.14439298,BUY,3207
1640995203208000000,43101.98476987,32.96588134,BUY,3208
1640995203209000000,43097.95325182,53.34168204,SELL,3209
1640995203210000000,43101.74297293,17.89273784,BUY,3210
1640995203211000000,43100.05700004,22.85457213,SELL,3211
1640995203212000000,43106.39623378,55.07086205,BUY,3212
1640995203213000000,43102.01539311,78.40264320,SELL,3213
1640995203214000000,43091.08613183,106.85091591,BUY,3214
1640995203215000000,43091.05169448,68.16817516,BUY,3215
1640995203216000000,43091.90569921,98.09935545,SELL,3216
1640995203217000000,43087.43316461,21.88284682,SELL,3217
1640995203218000000,43086.36725824,12.34244002,SELL,3218
1640995203219000000,43086.63277992,95.71826190,BUY,3219
1640995203220000000,43086.53118677,41.98415869,BUY,3220
1640995203221000000,43088.18895297,38.70032740,BUY,3221
1640995203222000000,43084.65284506,16.65989059,BUY,3222
1640995203223000000,43081.01244380,74.13997464,BUY,3223
1640995203224000000,43081.69187902,102.82073822,SELL,3224
1640995203225000000,43080.09595822,106.71890944,SELL,3225
1640995203226000000,43073.11820874,109.60126321,BUY,3226
1640995203227000000,43074.63546352,80.31260896,BUY,3227
1640995203228000000,43079.17523046,47.15907238,BUY,3228
1640995203229000000,43073.85054646,108.72314012,SELL,3229
1640995203230000000,43077.28542969,101.36037349,BUY,3230
1640995203231000000,43076.28759352,92.16081704,BUY,3231
1640995203232000000,43076.56103821,17.73149459,BUY,3232
1640995203233000000,43079.83551918,102.34254741,SELL,3233
1640995203234000000,43077.58014877,107.47694672,BUY,3234
1640995203235000000,43072.42248356,97.69149322,BUY,3235
1640995203236000000,43079.34626470,89.62881767,SELL,3236
1640995203237000000,43077.02279135,91.62947114,BUY,3237
1640995203238000000,43079.21300835,65.25255401,BUY,3238
1640995203239000000,43081.61371675,56.44488931,BUY,3239
1640995203240000000,43085.00838681,98.93353831,BUY,3240
1640995203241000000,43082.36947549,97.42495058,BUY,3241
1640995203242000000,43082.53046592,35.09336853,BUY,3242
1640995203243000000,43078.40971321,18.80318211,SELL,3243
1640995203244000000,43071.08425885,75.17632954,SELL,3244
1640995203245000000,43064.66517518,82.72020760,BUY,3245
1640995203246000000,43072.21254298,37.83214901,BUY,3246
1640995203247000000,43069.85264222,89.64197789,SELL,3247
1640995203248000000,43072.60275207,19.04997509,BUY,3248
1640995203249000000,43068.36909362,65.94572064,BUY,3249
1640995203250000000,43068.77001541,33.43180668,BUY,3250
1640995203251000000,43070.40944610,100.40182610,BUY,3251
1640995203252000000,43071.17377733,55.11582441,BUY,3252
1640995203253000000,43073.75367925,15.65818052,BUY,3253
1640995203254000000,43074.85015325,85.05136604,SELL,3254
1640995203255000000,43073.38204249,71.60626562,BUY,3255
1640995203256000000,43084.69681960,71.73999834,SELL,3256
1640995203257000000,43084.56433609,73.70311960,SELL,3257
1640995203258000000,43090.90582061,41.67907425,BUY,3258
1640995203259000000,43090.95150862,19.22773170,SELL,3259
1640995203260000000,43092.76898528,86.70618133,SELL,3260
1640995203261000000,43091.85574070,59.26540547,BUY,3261
1640995203262000000,43095.24350007,30.63017316,BUY,3262
1640995203263000000,43096.05235460,49.61594966,BUY,3263
1640995203264000000,43096.96088899,76.11487935,SELL,3264
1640995203265000000,43095.51165271,108.55714293,BUY,3265
1640995203266000000,43098.54830393,96.68280585,SELL,3266
1640995203267000000,43099.34821968,93.60959606,SELL,3267
1640995203268000000,43093.23399825,59.40304136,SELL,3268
1640995203269000000,43096.66453765,31.22281816,SELL,3269
1640995203270000000,43104.11805480,101.80632835,BUY,3270
1640995203271000000,43100.08265778,86.16397365,SELL,3271
1640995203272000000,43099.22732166,85.45738307,SELL,3272
1640995203273000000,43099.84074413,42.41126892,BUY,3273
1640995203274000000,43096.33455179,48.68009648,BUY,3274
1640995203275000000,43093.66990206,31.37294836,SELL,3275
1640995203276000000,43090.86684187,95.22518374,BUY,3276
1640995203277000000,43098.94122506,57.59443300,SELL,3277
1640995203278000000,43107.44663843,50.05231356,SELL,3278
1640995203279000000,43110.32645737,21.51978690,BUY,3279
1640995203280000000,43111.94505222,68.13418999,SELL,3280
1640995203281000000,43115.33659061,92.74570084,BUY,3281
1640995203282000000,43121.71416890,62.00901765,BUY,3282
1640995203283000000,43122.13996974,21.20214881,SELL,3283
1640995203284000000,43125.65506668,65.51219566,SELL,3284
1640995203285000000,43124.00826223,59.43225533,SELL,3285
1640995203286000000,43126.42293900,56.44716446,SELL,3286
1640995203287000000,43133.12801989,29.95741507,BUY,3287
1640995203288000000,43131.97806133,36.26912103,BUY,3288
1640995203289000000,43128.44773560,89.97576612,BUY,3289
1640995203290000000,43125.65978713,89.48817937,BUY,3290
1640995203291000000,43121.54091144,64.86259534,SELL,3291
1640995203292000000,43121.41728201,32.94637076,SELL,3292
1640995203293000000,43119.50251262,90.88044928,BUY,3293
1640995203294000000,43119.28744057,65.94816654,BUY,3294
1640995203295000000,43119.37935286,58.82398897,SELL,3295
1640995203296000000,43115.49718522,69.53451452,SELL,3296
1640995203297000000,43117.41361238,96.63022255,SELL,3297
1640995203298000000,43115.48954163,19.06507472,SELL,3298
1640995203299000000,43112.22347773,101.78460365,SELL,3299
1640995203300000000,43111.52058834,62.95929070,SELL,3300
1640995203301000000,43110.28115519,94.84476871,BUY,3301
1640995203302000000,43109.40396163,109.60998305,SELL,3302
1640995203303000000,43101.47293114,80.13252212,SELL,3303
1640995203304000000,43106.24308579,82.19663796,BUY,3304
1640995203305000000,43099.64742054,106.01464111,SELL,3305
1640995203306000000,43104.05123674,32.44320695,SELL,3306
1640995203307000000,43104.38869914,12.27288483,BUY,3307
1640995203308000000,43096.10056747,50.43087214,BUY,3308
1640995203309000000,43090.85411283,33.93613162,BUY,3309
1640995203310000000,43092.62410102,33.68355180,BUY,3310
1640995203311000000,43094.83456040,73.25350650,BUY,3311
1640995203312000000,43094.57711173,81.49434724,BUY,3312
1640995203313000000,43087.01634886,85.70766086,BUY,3313
1640995203314000000,43085.43613629,17.04314421,SELL,3314
1640995203315000000,43088.94923801,100.46222901,SELL,3315
1640995203316000000,43090.98806635,19.59727077,SELL,3316
1640995203317000000,43090.66913403,15.51209621,SELL,3317
1640995203318000000,43093.46981820,56.68237118,BUY,3318
1640995203319000000,43092.49279424,12.63779515,SELL,3319
1640995203320000000,42229.50369987,86.50595811,BUY,3320
1640995203321000000,42234.75944232,97.53273128,SELL,3321
1640995203322000000,42231.28342201,108.33620745,BUY,3322
1640995203323000000,42228.15080802,14.76997225,BUY,3323
1640995203324000000,42231.79821417,21.65490375,BUY,3324
1640995203325000000,42236.23001917,97.86358356,BUY,3325
1640995203326000000,42241.90228551,96.66726583,BUY,3326
1640995203327000000,42239.42923440,61.80144832,SELL,3327
1640995203328000000,42233.92159720,62.05123472,SELL,3328
1640995203329000000,42236.99760513,38.95311994,SELL,3329
1640995203330000000,42237.59018781,70.26981639,BUY,3330
1640995203331000000,42235.13193748,97.98155154,BUY,3331
1640995203332000000,42237.33904413,22.55604989,BUY,3332
1640995203333000000,42232.84695438,75.12813948,SELL,3333
1640995203334000000,42238.59753151,33.05348398,SELL,3334
1640995203335000000,42232.81221307,35.99905275,SELL,3335
1640995203336000000,42235.45174298,52.44209609,BUY,3336
1640995203337000000,42227.88738895,35.08179483,BUY,3337
1640995203338000000,42232.19647859,75.30470318,BUY,3338
1640995203339000000,42236.95300750,63.90036047,BUY,3339
1640995203340000000,42237.54965081,97.79025254,BUY,3340
1640995203341000000,42240.22646604,36.65841728,BUY,3341
1640995203342000000,42237.71810685,62.69847003,BUY,3342
1640995203343000000,42230.07899945,35.76634153,BUY,3343
1640995203344000000,42232.47375943,31.45320279,SELL,3344
1640995203345000000,42230.97930032,92.52051097,BUY,3345
1640995203346000000,42228.57087243,28.23147885,SELL,3346
1640995203347000000,42230.20882305,72.42582242,SELL,3347
1640995203348000000,42234.36691553,37.66572549,SELL,3348
1640995203349000000,42228.43144363,71.29017697,SELL,3349
1640995203350000000,42227.95493016,47.03032371,SELL,3350
1640995203351000000,42230.15318943,44.73752580,SELL,3351
1640995203352000000,42228.12730293,58.08979585,SELL,3352
1640995203353000000,42236.31921741,88.41966550,BUY,3353
1640995203354000000,42237.08680552,47.56147165,BUY,3354
1640995203355000000,42242.81677200,82.82682934,SELL,3355
1640995203356000000,42237.73650057,98.87551297,SELL,3356
1640995203357000000,42227.59558988,41.62094449,BUY,3357
1640995203358000000,42228.85732588,22.16641877,SELL,3358
1640995203359000000,42229.01607788,47.13700522,BUY,3359
1640995203360000000,42225.85396007,63.66286033,SELL,3360
1640995203361000000,41381.78812902,86.55694109,SELL,3361
1640995203362000000,41388.17059850,71.52390180,SELL,3362
1640995203363000000,41389.52711976,100.64936693,BUY,3363
1640995203364000000,41390.04642273,40.80632393,SELL,3364
1640995203365000000,41389.92561455,89.85608304,BUY,3365
1640995203366000000,41384.36604453,22.96063546,BUY,3366
1640995203367000000,41387.82552187,44.69258629,SELL,3367
1640995203368000000,41392.56224021,11.32510093,SELL,3368
1640995203369000000,41392.32484504,77.25783954,SELL,3369
1640995203370000000,41393.33500263,61.96559944,BUY,3370
1640995203371000000,41391.15017490,91.96514646,BUY,3371
1640995203372000000,41394.27511809,96.35892866,SELL,3372
1640995203373000000,41398.61155655,24.05218820,SELL,3373
1640995203374000000,41397.59748018,71.95411753,BUY,3374
1640995203375000000,41402.44897767,41.24686736,BUY,3375
1640995203376000000,41399.66381408,67.12533694,BUY,3376
1640995203377000000,41399.72730474,109.22287924,SELL,3377
1640995203378000000,41397.72373583,88.66882560,BUY,3378
1640995203379000000,41396.66821930,45.81473349,SELL,3379
1640995203380000000,41392.20288390,77.93611745,SELL,3380
1640995203381000000,41399.63988758,108.68504190,BUY,3381
1640995203382000000,41402.00833514,89.98777540,SELL,3382
1640995203383000000,41406.75458516,54.07554068,SELL,3383
1640995203384000000,41408.76117895,47.70267161,SELL,3384
1640995203385000000,41414.82464759,10.68019629,SELL,3385
1640995203386000000,41412.25428872,63.15806240,SELL,3386
1640995203387000000,41412.12077278,57.57745209,BUY,3387
1640995203388000000,41414.63540002,76.93603677,SELL,3388
1640995203389000000,41416.42631818,56.56854990,SELL,3389
1640995203390000000,41420.67038153,82.75978361,SELL,3390
1640995203391000000,41419.58054218,93.62325517,BUY,3391
1640995203392000000,41416.49572564,55.45568794,SELL,3392
1640995203393000000,41415.61288696,29.03285610,SELL,3393
1640995203394000000,41410.46032458,103.19228068,SELL,3394
1640995203395000000,41402.63867450,84.71583339,BUY,3395
1640995203396000000,41403.31416886,48.54182087,BUY,3396
1640995203397000000,41408.39760171,41.11758332,SELL,3397
1640995203398000000,41409.43214989,45.65472194,BUY,3398
1640995203399000000,41414.65822589,83.35645797,BUY,3399
1640995203400000000,41416.15223407,12.81379643,BUY,3400
1640995203401000000,41421.89311929,96.48389216,SELL,3401
1640995203402000000,41429.25413056,103.84039045,SELL,3402
1640995203403000000,41427.49437048,47.99524571,SELL,3403
1640995203404000000,41423.89776394,11.55685418,BUY,3404
1640995203405000000,41424.48689410,72.81061782,SELL,3405
1640995203406000000,41424.74124929,49.96563275,BUY,3406
1640995203407000000,41418.95904960,104.96173020,SELL,3407
1640995203408000000,41417.90460278,44.22477001,SELL,3408
1640995203409000000,41417.28213071,49.36460207,BUY,3409
1640995203410000000,41419.98749350,91.10987843,BUY,3410
1640995203411000000,41419.49819870,74.64615633,BUY,3411
1640995203412000000,41416.57979650,77.43697504,SELL,3412
1640995203413000000,41411.16988575,55.58894133,BUY,3413
1640995203414000000,41411.37901047,38.47054914,BUY,3414
1640995203415000000,41414.95504542,70.74822959,BUY,3415
1640995203416000000,41422.41892859,81.22272565,SELL,3416
1640995203417000000,41419.61555392,54.30253991,SELL,3417
1640995203418000000,41419.36028611,104.84461378,BUY,3418
1640995203419000000,41421.86820526,42.74351961,SELL,3419
1640995203420000000,41421.65707998,41.43020150,SELL,3420
1640995203421000000,41420.76119081,58.28071407,BUY,3421
1640995203422000000,41421.25643331,107.24466186,SELL,3422
1640995203423000000,41419.84929442,85.50424761,SELL,3423
1640995203424000000,41415.38284354,108.09854064,BUY,3424
1640995203425000000,41411.82909701,21.43987527,SELL,3425
1640995203426000000,41407.92489858,70.32590423,BUY,3426
1640995203427000000,41407.31173621,100.82184713,BUY,3427
1640995203428000000,41407.54437440,33.95524650,SELL,3428
1640995203429000000,41403.19012863,50.33268939,SELL,3429
1640995203430000000,41407.92905446,71.65681221,BUY,3430
1640995203431000000,41412.83402806,55.61765597,BUY,3431
1640995203432000000,41408.60699246,48.92478973,SELL,3432
1640995203433000000,41406.09395461,62.54052897,BUY,3433
1640995203434000000,41407.38908790,42.60848894,SELL,3434
1640995203435000000,41409.33451006,95.54264742,SELL,3435
1640995203436000000,41407.08495193,81.70645629,SELL,3436
1640995203437000000,41403.31678931,47.15872257,SELL,3437
1640995203438000000,41398.69769857,36.89795740,SELL,3438
1640995203439000000,41391.18572253,27.09791104,SELL,3439
1640995203440000000,41394.28637325,16.84277744,SELL,3440
1640995203441000000,41401.50470494,18.34830050,BUY,3441
1640995203442000000,41403.03510506,35.09563969,BUY,3442
1640995203443000000,41397.75215400,52.09366178,BUY,3443
1640995203444000000,41396.72186625,22.06084118,SELL,3444
1640995203445000000,41403.17301622,48.55379473,BUY,3445
1640995203446000000,41409.01332167,38.42543708,BUY,3446
1640995203447000000,41400.33906370,104.62543448,BUY,3447
1640995203448000000,41399.24705570,41.24798374,SELL,3448
1640995203449000000,41402.64254014,79.38929191,BUY,3449
1640995203450000000,41400.07379060,81.39163811,BUY,3450
1640995203451000000,41393.56378625,59.28472807,SELL,3451
1640995203452000000,41389.69454243,54.89999329,BUY,3452
1640995203453000000,41395.28368031,53.41630821,SELL,3453
1640995203454000000,41396.36027992,32.86049979,SELL,3454
1640995203455000000,41403.79564168,10.61935991,SELL,3455
1640995203456000000,41402.06901121,87.54033979,SELL,3456
1640995203457000000,41397.95452681,28.16309707,BUY,3457
1640995203458000000,41403.83444769,82.35569414,BUY,3458
1640995203459000000,41404.99074211,16.95322359,SELL,3459
1640995203460000000,41406.57901445,72.40718665,BUY,3460
1640995203461000000,41405.98849658,88.80551955,SELL,3461
1640995203462000000,41400.05616472,22.32624466,BUY,3462
1640995203463000000,41400.46626036,43.22590295,BUY,3463
1640995203464000000,41408.50330823,106.99665339,SELL,3464
1640995203465000000,41397.86980030,58.62078008,SELL,3465
1640995203466000000,41397.90426244,99.47893716,SELL,3466
1640995203467000000,41388.32167783,103.80003236,SELL,3467
1640995203468000000,41390.15414695,29.95072382,SELL,3468
1640995203469000000,41389.63947671,57.93347423,SELL,3469
1640995203470000000,41392.83437568,83.81972769,BUY,3470
1640995203471000000,41393.45020786,97.62592642,SELL,3471
1640995203472000000,41381.60639422,103.09638231,BUY,3472
1640995203473000000,41379.34156659,22.60023172,SELL,3473
1640995203474000000,41379.77204528,82.70818452,BUY,3474
1640995203475000000,41378.05595435,56.01986567,SELL,3475
1640995203476000000,41375.58401412,39.49974653,SELL,3476
1640995203477000000,41375.26317181,14.58668678,BUY,3477
1640995203478000000,41377.41265955,42.08420050,SELL,3478
1640995203479000000,41379.56928670,94.57880704,BUY,3479
1640995203480000000,41385.95627782,36.77306047,BUY,3480
1640995203481000000,41386.82825738,98.48534055,SELL,3481
1640995203482000000,41384.59518006,63.75843757,BUY,3482
1640995203483000000,41383.43769588,39.90275807,SELL,3483
1640995203484000000,41385.23423166,79.75711019,SELL,3484
1640995203485000000,41388.99372794,90.11232109,BUY,3485
1640995203486000000,41385.01661234,19.91806120,SELL,3486
1640995203487000000,41384.81049683,18.05771710,SELL,3487
1640995203488000000,41392.55782886,80.80821988,SELL,3488
1640995203489000000,41387.41761056,83.75752650,SELL,3489
1640995203490000000,41393.89121848,37.84142212,SELL,3490
1640995203491000000,41395.66761112,18.84641976,BUY,3491
1640995203492000000,41391.22315436,28.80495468,BUY,3492
1640995203493000000,41397.92791692,93.37641036,BUY,3493
1640995203494000000,41400.32075186,87.87980680,BUY,3494
1640995203495000000,41389.55656711,74.77709100,SELL,3495
1640995203496000000,41389.96890207,109.82414618,BUY,3496
1640995203497000000,41394.24460903,104.01774839,BUY,3497
1640995203498000000,41394.23108948,30.08109189,BUY,3498
1640995203499000000,41395.62041202,49.15367141,SELL,3499
1640995203500000000,41394.83305061,56.60884412,SELL,3500
1640995203501000000,41397.34387021,74.79903891,BUY,3501
1640995203502000000,41397.75736543,61.28977538,SELL,3502
1640995203503000000,41397.25337488,76.36843242,SELL,3503
1640995203504000000,41395.19241462,79.38829451,SELL,3504
1640995203505000000,41397.37286812,84.37785260,BUY,3505
1640995203506000000,41397.89676032,109.87763548,BUY,3506
1640995203507000000,41395.04402456,21.87671004,SELL,3507
1640995203508000000,41400.49953145,61.40743079,BUY,3508
1640995203509000000,41397.19778439,63.78900933,SELL,3509
1640995203510000000,41406.67728818,62.56916520,BUY,3510
1640995203511000000,41403.42702394,78.84573776,BUY,3511
1640995203512000000,41406.09650488,50.32393524,BUY,3512
1640995203513000000,42235.71466747,44.59785733,BUY,3513
1640995203514000000,42235.58625101,70.80661798,SELL,3514
1640995203515000000,42235.72698316,109.35742448,SELL,3515
1640995203516000000,42232.38961919,80.74891448,SELL,3516
1640995203517000000,42235.74438195,93.82484773,BUY,3517
1640995203518000000,42234.81982798,74.13860007,BUY,3518
1640995203519000000,42224.24197009,75.08766350,BUY,3519
1640995203520000000,42218.60787461,44.67922977,BUY,3520
1640995203521000000,42220.86601033,15.94834092,BUY,3521
1640995203522000000,42217.85523665,52.19872695,BUY,3522
1640995203523000000,42218.68483413,82.97594016,SELL,3523
1640995203524000000,42216.01945800,57.87911451,BUY,3524
1640995203525000000,42219.02528637,66.68992167,SELL,3525
1640995203526000000,42218.97177612,50.94748067,SELL,3526
1640995203527000000,42213.91104021,77.92579935,BUY,3527
1640995203528000000,42218.71589439,17.85979371,BUY,3528
1640995203529000000,42216.69399339,48.22665506,BUY,3529
1640995203530000000,42202.83332635,42.10924341,SELL,3530
1640995203531000000,42201.32254694,83.61372076,BUY,3531
1640995203532000000,42198.78472304,77.14705668,BUY,3532
1640995203533000000,42196.39425200,47.86253031,BUY,3533
1640995203534000000,42202.43281956,100.18858739,SELL,3534
1640995203535000000,42199.27408209,57.12883285,SELL,3535
1640995203536000000,42192.75006128,99.02885211,SELL,3536
1640995203537000000,42192.75734888,107.68436313,SELL,3537
1640995203538000000,42192.54828879,59.29044631,SELL,3538
1640995203539000000,42204.37317474,88.57184441,BUY,3539
1640995203540000000,42210.40202065,83.67396113,SELL,3540
1640995203541000000,42217.99070347,14.74709013,SELL,3541
1640995203542000000,42224.06545101,102.42343634,BUY,3542
1640995203543000000,42229.15593478,31.68586014,BUY,3543
1640995203544000000,42233.15590869,66.68399087,SELL,3544
1640995203545000000,42224.80283929,85.38650352,SELL,3545
1640995203546000000,42218.55163614,66.98394576,BUY,3546
1640995203547000000,42216.20033055,53.03683691,SELL,3547
1640995203548000000,42223.97900208,76.12630363,BUY,3548
1640995203549000000,42214.79442715,96.68667769,BUY,3549
1640995203550000000,42211.42072659,94.61293152,SELL,3550
1640995203551000000,42217.38338779,68.20797793,SELL,3551
1640995203552000000,42214.61452399,28.78057534,BUY,3552
1640995203553000000,42212.05729548,16.87922829,SELL,3553
1640995203554000000,42209.70415856,18.47567750,SELL,3554
1640995203555000000,42214.86559901,12.31099703,BUY,3555
1640995203556000000,42210.79450745,19.41088495,BUY,3556
1640995203557000000,42213.26280952,89.51520748,BUY,3557
1640995203558000000,42213.77219774,52.19644046,BUY,3558
1640995203559000000,42208.69396047,12.83378502,BUY,3559
1640995203560000000,42210.85392843,99.26716748,BUY,3560
1640995203561000000,42212.90976573,61.30271404,SELL,3561
1640995203562000000,42211.33217261,51.79644825,SELL,3562
1640995203563000000,42209.76280379,101.79231927,BUY,3563
1640995203564000000,42214.63026083,21.70488386,BUY,3564
1640995203565000000,42225.18199724,40.88023631,SELL,3565
1640995203566000000,42228.94425161,102.64446531,SELL,3566
1640995203567000000,42233.81429623,62.39052825,BUY,3567
1640995203568000000,42234.50747094,36.74881115,BUY,3568
1640995203569000000,42229.90163830,13.02697515,BUY,3569
1640995203570000000,42228.57321472,45.78337424,BUY,3570
1640995203571000000,42228.98660198,57.59145367,SELL,3571
1640995203572000000,42231.00027374,58.81421351,BUY,3572
1640995203573000000,42235.77650230,58.95096925,SELL,3573
1640995203574000000,42223.44533036,14.68978039,SELL,3574
1640995203575000000,42224.14186398,54.32932163,BUY,3575
1640995203576000000,42218.71900396,34.97355224,BUY,3576
1640995203577000000,42221.08847737,13.05000762,SELL,3577
1640995203578000000,42222.55346138,59.19990348,BUY,3578
1640995203579000000,42222.19962741,46.53343085,SELL,3579
1640995203580000000,42222.01851692,67.43316467,SELL,3580
1640995203581000000,42223.57136806,85.05177867,SELL,3581
1640995203582000000,43073.99596020,98.13310467,SELL,3582
1640995203583000000,43071.02454553,28.75294427,SELL,3583
1640995203584000000,43070.17211551,93.10443777,BUY,3584
1640995203585000000,43072.53890794,73.30504433,BUY,3585
1640995203586000000,43062.94068128,48.85833178,BUY,3586
1640995203587000000,43058.15652162,43.62436134,SELL,3587
1640995203588000000,43059.25576812,26.57347201,SELL,3588
1640995203589000000,43060.04349464,53.74061697,BUY,3589
1640995203590000000,43060.41810557,81.66940907,SELL,3590
1640995203591000000,43052.11524099,21.77432278,SELL,3591
1640995203592000000,43049.74602091,40.07253005,BUY,3592
1640995203593000000,43047.13621888,73.02328408,SELL,3593
1640995203594000000,43043.39909972,102.32929071,SELL,3594
1640995203595000000,43042.62597015,23.87140664,SELL,3595
1640995203596000000,43043.16019784,45.02945166,SELL,3596
1640995203597000000,43034.62935292,57.38478643,BUY,3597
1640995203598000000,43043.65384145,18.46948418,BUY,3598
1640995203599000000,43043.30255853,85.11728213,SELL,3599
1640995203600000000,43038.64584784,15.50732133,SELL,3600
1640995203601000000,43040.98131519,24.60662531,BUY,3601
1640995203602000000,43034.44054058,109.66523930,SELL,3602
1640995203603000000,43037.38063818,15.29919780,SELL,3603
1640995203604000000,43037.59774296,51.02474776,BUY,3604
1640995203605000000,43034.86999607,80.10323730,BUY,3605
1640995203606000000,43037.58618744,25.60124075,BUY,3606
1640995203607000000,43037.34627264,33.04974601,BUY,3607
1640995203608000000,43042.26301609,27.94244045,BUY,3608
1640995203609000000,43035.79561469,60.17976024,SELL,3609
1640995203610000000,43028.53548435,107.72547946,BUY,3610
1640995203611000000,43028.14157806,97.03313133,SELL,3611
1640995203612000000,43036.32899148,101.94212626,SELL,3612
1640995203613000000,43042.56945873,76.61430944,BUY,3613
1640995203614000000,43048.03670765,23.44672759,SELL,3614
1640995203615000000,43049.41267077,97.75742890,BUY,3615
1640995203616000000,43055.87282009,41.87455520,BUY,3616
1640995203617000000,43044.26908753,94.17830831,BUY,3617
1640995203618000000,43045.25593742,53.96136342,SELL,3618
1640995203619000000,42187.39051729,47.47090830,SELL,3619
1640995203620000000,42185.49663413,95.08728307,SELL,3620
1640995203621000000,42187.78643898,91.42413984,SELL,3621
1640995203622000000,42189.71557554,23.27256387,SELL,3622
1640995203623000000,42190.38495435,12.37759269,SELL,3623
1640995203624000000,42189.35797136,64.75412630,SELL,3624
1640995203625000000,42190.80530692,77.96543579,BUY,3625
1640995203626000000,42191.99278444,29.72857979,SELL,3626
1640995203627000000,42195.37630189,86.25430484,BUY,3627
1640995203628000000,42195.88091782,62.45058892,SELL,3628
1640995203629000000,42202.29126628,67.81157437,SELL,3629
1640995203630000000,42193.76099861,78.03439803,SELL,3630
1640995203631000000,42190.58779471,85.39020163,SELL,3631
1640995203632000000,42187.41073494,79.36854134,BUY,3632
1640995203633000000,42193.02764858,101.62772536,BUY,3633
1640995203634000000,42184.45116576,104.23696944,BUY,3634
1640995203635000000,42183.84797926,41.91276644,BUY,3635
1640995203636000000,42188.12993013,74.51811520,BUY,3636
1640995203637000000,42187.01856951,20.11575401,BUY,3637
1640995203638000000,42180.79367107,75.18188273,BUY,3638
1640995203639000000,42173.20114453,14.41466296,SELL,3639
1640995203640000000,42180.87258948,101.98831546,SELL,3640
1640995203641000000,42184.71034969,48.69559858,BUY,3641
1640995203642000000,42187.99094749,44.80700611,SELL,3642
1640995203643000000,42192.14510865,36.45342145,BUY,3643
1640995203644000000,42198.68728778,105.38531071,SELL,3644
1640995203645000000,42201.17670247,22.08106526,SELL,3645
1640995203646000000,42202.36140964,88.56847230,BUY,3646
1640995203647000000,42196.05199493,47.28341072,BUY,3647
1640995203648000000,42200.93824771,103.03906873,BUY,3648
1640995203649000000,42198.95066101,60.59629833,BUY,3649
1640995203650000000,42209.62564093,18.58728959,SELL,3650
1640995203651000000,42208.99913092,99.18237860,SELL,3651
1640995203652000000,42209.38552406,75.02870736,BUY,3652
1640995203653000000,42213.79388101,99.16197985,SELL,3653
1640995203654000000,42207.37444953,59.08553654,SELL,3654
1640995203655000000,42214.75874421,64.82364784,BUY,3655
1640995203656000000,42221.97728513,34.50629773,SELL,3656
1640995203657000000,42225.83228994,14.25827159,SELL,3657
1640995203658000000,42223.65703803,66.51463503,BUY,3658
1640995203659000000,42226.94034452,43.62812932,BUY,3659
1640995203660000000,42223.55676377,62.29778552,BUY,3660
1640995203661000000,42218.07878527,44.45421106,BUY,3661
1640995203662000000,42213.92595214,31.14923523,BUY,3662
1640995203663000000,42209.86950586,13.19678211,BUY,3663
1640995203664000000,42205.27408743,80.22971850,BUY,3664
1640995203665000000,42207.28047796,30.99010636,BUY,3665
1640995203666000000,42209.07955071,91.13456458,SELL,3666
1640995203667000000,42207.36748719,52.72620683,SELL,3667
1640995203668000000,42202.29011538,38.58461782,BUY,3668
1640995203669000000,42204.06986598,43.76282842,SELL,3669
1640995203670000000,42211.68462905,63.96967193,SELL,3670
1640995203671000000,42218.73270220,13.17923790,BUY,3671
1640995203672000000,42215.39742629,53.55824492,SELL,3672
1640995203673000000,42214.25574642,56.71091259,BUY,3673
1640995203674000000,42214.67074647,54.55352910,SELL,3674
1640995203675000000,42211.94558060,62.08509145,BUY,3675
1640995203676000000,42212.22425629,15.84874246,SELL,3676
1640995203677000000,42217.42150711,79.53339511,BUY,3677
1640995203678000000,42221.59976448,77.16936981,SELL,3678
1640995203679000000,42219.98891905,106.78820101,BUY,3679
1640995203680000000,42225.08428921,94.59376342,BUY,3680
1640995203681000000,42228.43481666,70.41184883,SELL,3681
1640995203682000000,42230.50536474,44.03218522,BUY,3682
1640995203683000000,42232.74199089,101.68761957,BUY,3683
1640995203684000000,42226.58768100,104.35907771,BUY,3684
1640995203685000000,42234.23735771,72.38329552,SELL,3685
1640995203686000000,42232.38477109,34.70350865,BUY,3686
1640995203687000000,42233.15619734,97.52310759,BUY,3687
1640995203688000000,42231.80534595,43.35179165,BUY,3688
1640995203689000000,42220.48533016,32.65810341,SELL,3689
1640995203690000000,42222.08298687,47.31346595,SELL,3690
1640995203691000000,42214.76060066,97.23471445,SELL,3691
1640995203692000000,42215.00105104,90.29935268,BUY,3692
1640995203693000000,42218.95984363,66.34553174,BUY,3693
1640995203694000000,42220.04229167,33.02790120,BUY,3694
1640995203695000000,42220.22450451,27.28567684,SELL,3695
1640995203696000000,42220.57405647,106.91039866,BUY,3696
1640995203697000000,42226.70169847,108.70113493,SELL,3697
1640995203698000000,42224.16639361,34.97794142,SELL,3698
1640995203699000000,42223.16683430,85.90503106,SELL,3699
1640995203700000000,42226.53906015,66.23706916,SELL,3700
1640995203701000000,42226.13902734,70.58087747,BUY,3701
1640995203702000000,42228.30270350,59.79095643,BUY,3702
1640995203703000000,42226.13121548,70.36030954,SELL,3703
1640995203704000000,42226.58851360,69.96170640,BUY,3704
1640995203705000000,42229.03915775,38.17022706,SELL,3705
1640995203706000000,42229.05686273,66.20412617,BUY,3706
1640995203707000000,42227.72345957,82.04661816,BUY,3707
1640995203708000000,42229.96009804,26.26130380,SELL,3708
1640995203709000000,42218.34011666,51.70201523,BUY,3709
1640995203710000000,42222.44300971,107.99156009,BUY,3710
1640995203711000000,42227.31514580,16.86055100,BUY,3711
1640995203712000000,42222.75307617,58.50251765,BUY,3712
1640995203713000000,42225.00700302,81.14941044,SELL,3713
1640995203714000000,42217.03143758,20.35710861,SELL,3714
1640995203715000000,42219.18830755,70.89630114,BUY,3715
1640995203716000000,42218.43619558,65.68469356,SELL,3716
1640995203717000000,42221.95740211,55.09689787,SELL,3717
1640995203718000000,42224.14288461,80.19112913,SELL,3718
1640995203719000000,42223.35159406,68.93444851,SELL,3719
1640995203720000000,42225.58939378,91.02221994,SELL,3720
1640995203721000000,42226.94567760,32.02825934,BUY,3721
1640995203722000000,42220.09626172,93.52793793,SELL,3722
1640995203723000000,42223.49821333,43.00916963,BUY,3723
1640995203724000000,42228.40028089,96.27783832,SELL,3724
1640995203725000000,42223.62348545,73.59160454,SELL,3725
1640995203726000000,42227.10701165,42.55993595,BUY,3726
1640995203727000000,42225.76998142,105.04355645,BUY,3727
1640995203728000000,42233.98836103,45.42369658,SELL,3728
1640995203729000000,42234.94304374,83.75643960,SELL,3729
1640995203730000000,42230.78692511,42.25849471,SELL,3730
1640995203731000000,42233.00499461,59.39098418,BUY,3731
1640995203732000000,42235.76517254,35.93499595,BUY,3732
1640995203733000000,42231.30062909,18.95944954,BUY,3733
1640995203734000000,42232.50596830,18.87354929,BUY,3734
1640995203735000000,42229.57177026,63.71083818,SELL,3735
1640995203736000000,42233.40912912,97.92337904,SELL,3736
1640995203737000000,42236.57175679,95.10825592,BUY,3737
1640995203738000000,42240.77933419,46.02394179,SELL,3738
1640995203739000000,42245.54256880,61.91281628,BUY,3739
1640995203740000000,42249.73621225,74.24006637,SELL,3740
1640995203741000000,42244.82690508,81.28768812,BUY,3741
1640995203742000000,42247.08899403,63.87137612,SELL,3742
1640995203743000000,42247.36618376,63.62688172,BUY,3743
1640995203744000000,42242.09093613,19.97603565,BUY,3744
1640995203745000000,42243.04749117,52.68819392,SELL,3745
1640995203746000000,42250.88578209,49.93918396,SELL,3746
1640995203747000000,42242.64369031,80.30615278,SELL,3747
1640995203748000000,42245.03223112,64.00496769,BUY,3748
1640995203749000000,42246.35580171,70.67434694,BUY,3749
1640995203750000000,42243.86888896,109.55807846,SELL,3750
1640995203751000000,42244.29541327,82.29383206,SELL,3751
1640995203752000000,42240.44256551,14.47860517,SELL,3752
1640995203753000000,42247.51188194,103.81925339,BUY,3753
1640995203754000000,42246.97926487,48.47415920,BUY,3754
1640995203755000000,42246.60272850,54.60810445,SELL,3755
1640995203756000000,42248.97582603,71.60182507,SELL,3756
1640995203757000000,42247.76962517,30.12138318,BUY,3757
1640995203758000000,42249.46490539,84.09596662,BUY,3758
1640995203759000000,42248.74606928,38.75327245,SELL,3759
1640995203760000000,42255.22754771,57.74747325,SELL,3760
1640995203761000000,42263.73153672,53.13728555,BUY,3761
1640995203762000000,42270.11332066,12.63633582,BUY,3762
1640995203763000000,42272.00914014,22.99430322,BUY,3763
1640995203764000000,42264.86427539,37.85905291,SELL,3764
1640995203765000000,42258.63663628,93.67678159,SELL,3765
1640995203766000000,42252.08742781,32.53799936,BUY,3766
1640995203767000000,42254.22844724,26.51735624,SELL,3767
1640995203768000000,42252.31791231,86.11613100,BUY,3768
1640995203769000000,42251.48027292,29.96924983,SELL,3769
1640995203770000000,42244.96245174,90.79892744,SELL,3770
1640995203771000000,42237.54965903,103.61621633,SELL,3771
1640995203772000000,42230.04062857,34.39734403,BUY,3772
1640995203773000000,42231.49629956,21.49948267,BUY,3773
1640995203774000000,42229.72215397,42.62046335,SELL,3774
1640995203775000000,42222.09909754,66.43852149,BUY,3775
1640995203776000000,42227.40549246,46.42183579,SELL,3776
1640995203777000000,42227.23560968,102.54853693,BUY,3777
1640995203778000000,42225.30381675,54.59159576,SELL,3778
1640995203779000000,42223.50633989,92.39016341,BUY,3779
1640995203780000000,42228.26053109,38.00947447,SELL,3780
1640995203781000000,42226.89229519,24.38114667,SELL,3781
1640995203782000000,42220.86871608,12.07876181,BUY,3782
1640995203783000000,42218.66502719,89.20457796,SELL,3783
1640995203784000000,42225.66916252,87.33186363,SELL,3784
1640995203785000000,42228.45238261,105.97079805,SELL,3785
1640995203786000000,42230.35320645,34.40092659,BUY,3786
1640995203787000000,42230.76830617,75.41743750,BUY,3787
1640995203788000000,42226.07262855,75.30808223,SELL,3788
1640995203789000000,42228.84449671,40.38408254,SELL,3789
1640995203790000000,42228.08827554,57.57557431,SELL,3790
1640995203791000000,42227.67674084,13.52176029,SELL,3791
1640995203792000000,42222.29650610,70.17317839,BUY,3792
1640995203793000000,42223.01288124,65.38830735,SELL,3793
1640995203794000000,42225.45868601,50.57235111,BUY,3794
1640995203795000000,42218.09288908,39.85980842,SELL,3795
1640995203796000000,42217.66790563,48.13185256,SELL,3796
1640995203797000000,42213.59744641,63.23260852,SELL,3797
1640995203798000000,42208.30372737,68.01031014,SELL,3798
1640995203799000000,42209.68589996,90.86848339,SELL,3799
1640995203800000000,42197.35632699,93.84496992,BUY,3800
1640995203801000000,42196.41783609,33.56559713,BUY,3801
1640995203802000000,42202.27172231,65.89993962,BUY,3802
1640995203803000000,42199.41004420,40.20128430,SELL,3803
1640995203804000000,42189.95226293,31.02365461,SELL,3804
1640995203805000000,42184.97588870,63.39736316,BUY,3805
1640995203806000000,42191.54536122,47.28626699,SELL,3806
1640995203807000000,42192.11674935,24.39617851,SELL,3807
1640995203808000000,42192.96579831,107.30791565,SELL,3808
1640995203809000000,42195.00027189,96.85136700,BUY,3809
1640995203810000000,42191.01315000,63.84243072,BUY,3810
1640995203811000000,42190.05376929,30.52311384,SELL,3811
1640995203812000000,42192.13161134,33.97242909,BUY,3812
1640995203813000000,42192.95155098,16.71489594,BUY,3813
1640995203814000000,42191.82177455,81.96959688,BUY,3814
1640995203815000000,42191.02480564,94.68314702,BUY,3815
1640995203816000000,42193.22230744,50.29753907,BUY,3816
1640995203817000000,42196.80191241,104.28276832,BUY,3817
1640995203818000000,42198.65620921,104.87525709,BUY,3818
1640995203819000000,42198.91862094,67.70219884,SELL,3819
1640995203820000000,42195.92742711,90.15912568,BUY,3820
1640995203821000000,42198.00746811,20.12591504,SELL,3821
1640995203822000000,42205.39481010,86.47328433,BUY,3822
1640995203823000000,42204.96768705,68.23987495,SELL,3823
1640995203824000000,42210.76311717,18.57626242,BUY,3824
1640995203825000000,42205.53530790,62.49857372,BUY,3825
1640995203826000000,42208.64015924,71.53735715,BUY,3826
1640995203827000000,42205.63682671,79.69801289,SELL,3827
1640995203828000000,42205.43377729,48.35314198,BUY,3828
1640995203829000000,42202.01288340,25.61889353,BUY,3829
1640995203830000000,42202.93878840,103.05034292,SELL,3830
1640995203831000000,42208.80283130,101.58587614,BUY,3831
1640995203832000000,42210.77722252,29.93232722,SELL,3832
1640995203833000000,42215.30060819,25.31275253,SELL,3833
1640995203834000000,42212.35692825,68.21003129,BUY,3834
1640995203835000000,42213.54753431,100.80798649,BUY,3835
1640995203836000000,42211.74207933,16.50245247,BUY,3836
1640995203837000000,42209.38453434,89.80136082,SELL,3837
1640995203838000000,42204.03550076,93.63572079,BUY,3838
1640995203839000000,42205.40157726,45.49978241,BUY,3839
1640995203840000000,42208.08042046,85.57827066,SELL,3840
1640995203841000000,42205.16010751,56.92778386,BUY,3841
1640995203842000000,42202.45683341,27.40478207,BUY,3842
1640995203843000000,42203.75697636,96.17144518,BUY,3843
1640995203844000000,42205.09962766,39.16017568,SELL,3844
1640995203845000000,42206.99137450,42.36635120,SELL,3845
1640995203846000000,42211.31139837,102.44932017,BUY,3846
1640995203847000000,42213.56534246,64.92650708,SELL,3847
1640995203848000000,42215.27561215,61.86345198,SELL,3848
1640995203849000000,42215.90042212,70.03150935,BUY,3849
1640995203850000000,42215.77175940,87.42450247,SELL,3850
1640995203851000000,42218.48266429,59.57339152,SELL,3851
1640995203852000000,42221.33149320,20.52009857,BUY,3852
1640995203853000000,42224.57931188,101.50518141,SELL,3853
1640995203854000000,42215.48921061,14.08155582,BUY,3854
1640995203855000000,42217.58320968,71.00462180,BUY,3855
1640995203856000000,42215.06853344,22.34429270,BUY,3856
1640995203857000000,42213.61218160,47.01897383,BUY,3857
1640995203858000000,42213.78894898,16.78602892,BUY,3858
1640995203859000000,42222.07419055,91.19793164,SELL,3859
1640995203860000000,42226.15590129,47.67440642,BUY,3860
1640995203861000000,42225.53961528,43.40506789,SELL,3861
1640995203862000000,42227.44289284,54.34527347,BUY,3862
1640995203863000000,42220.88843598,105.59576380,SELL,3863
1640995203864000000,42219.88267744,42.33088870,BUY,3864
1640995203865000000,42220.49382092,29.15340390,SELL,3865
1640995203866000000,42219.76714073,87.69627539,BUY,3866
1640995203867000000,42221.03293675,67.66028246,SELL,3867
1640995203868000000,42215.53172695,90.77071564,SELL,3868
1640995203869000000,42215.33720665,91.31637759,BUY,3869
1640995203870000000,42217.35650180,74.38667243,BUY,3870
1640995203871000000,42221.30863815,59.18364186,BUY,3871
1640995203872000000,42208.39983054,28.97334008,BUY,3872
1640995203873000000,42207.89939939,104.87915216,SELL,3873
1640995203874000000,42214.17948570,81.38332305,SELL,3874
1640995203875000000,42212.94472003,14.06902457,BUY,3875
1640995203876000000,42216.89693561,30.59469327,BUY,3876
1640995203877000000,42216.73280665,47.63843823,BUY,3877
1640995203878000000,42209.53021323,42.90075507,BUY,3878
1640995203879000000,42208.06556077,102.00905905,BUY,3879
1640995203880000000,42203.69772671,68.88336048,SELL,3880
1640995203881000000,42208.42269735,75.23638525,SELL,3881
1640995203882000000,42213.21279951,56.80887022,BUY,3882
1640995203883000000,42210.29666026,25.41451584,BUY,3883
1640995203884000000,42204.19089051,22.57187595,SELL,3884
1640995203885000000,42202.80528356,58.00121179,BUY,3885
1640995203886000000,42195.41836917,74.30325734,SELL,3886
1640995203887000000,42197.04763341,15.28057799,BUY,3887
1640995203888000000,42201.18164967,34.48806280,BUY,3888
1640995203889000000,42205.52152925,62.27733714,SELL,3889
1640995203890000000,42199.37943476,21.42598243,SELL,3890
1640995203891000000,42197.44996308,29.39478377,SELL,3891
1640995203892000000,42193.93120717,23.98507296,BUY,3892
1640995203893000000,42198.13848905,19.74540331,BUY,3893
1640995203894000000,42198.53668344,30.77811689,SELL,3894
1640995203895000000,42201.12073554,73.20843192,SELL,3895
1640995203896000000,42205.09671006,104.49929971,SELL,3896
1640995203897000000,42207.26108367,68.85862068,SELL,3897
1640995203898000000,42207.22883850,44.47753437,BUY,3898
1640995203899000000,42206.92922875,22.70822575,SELL,3899
1640995203900000000,42209.70832270,70.58796114,SELL,3900
1640995203901000000,42206.21484836,65.58337624,SELL,3901
1640995203902000000,42203.78510897,63.98777977,SELL,3902
1640995203903000000,42202.65710382,90.99365779,BUY,3903
1640995203904000000,42196.26055330,31.54479752,BUY,3904
1640995203905000000,42190.22780816,103.81039327,BUY,3905
1640995203906000000,42186.78778123,26.94646156,BUY,3906
1640995203907000000,42188.28252074,32.52383322,BUY,3907
1640995203908000000,42189.10729326,79.86664205,SELL,3908
1640995203909000000,42184.12275445,52.48197450,SELL,3909
1640995203910000000,42189.90249854,98.15464143,SELL,3910
1640995203911000000,42185.47702514,36.85714568,SELL,3911
1640995203912000000,42192.73936303,79.43082071,BUY,3912
1640995203913000000,42188.99395146,22.89393547,SELL,3913
1640995203914000000,42189.54689755,27.07377272,SELL,3914
1640995203915000000,42192.61306394,104.31178827,SELL,3915
1640995203916000000,42190.57481882,106.59032946,SELL,3916
1640995203917000000,42184.72019563,44.91768667,BUY,3917
1640995203918000000,42180.04850096,93.08199046,SELL,3918
1640995203919000000,42176.76235177,44.30133210,BUY,3919
1640995203920000000,42177.12071197,80.12317333,BUY,3920
1640995203921000000,42181.09892187,92.95180059,SELL,3921
1640995203922000000,42173.11987011,11.80313312,BUY,3922
1640995203923000000,42168.70365073,61.73091583,SELL,3923
1640995203924000000,42175.39734038,46.32836249,BUY,3924
1640995203925000000,42170.67022203,15.17563212,SELL,3925
1640995203926000000,42168.80838493,98.73541136,BUY,3926
1640995203927000000,42172.88354398,23.69509030,BUY,3927
1640995203928000000,42169.09943179,29.41548427,BUY,3928
1640995203929000000,42170.39424754,17.21279169,SELL,3929
1640995203930000000,42172.43041397,59.71523043,BUY,3930
1640995203931000000,42173.01572383,48.28382433,BUY,3931
1640995203932000000,42174.36833929,25.91367565,SELL,3932
1640995203933000000,42176.20901124,56.88176220,BUY,3933
1640995203934000000,42179.26021827,73.87526412,SELL,3934
1640995203935000000,42173.81739950,87.12330208,SELL,3935
1640995203936000000,42172.96730103,64.88708202,BUY,3936
1640995203937000000,42178.06587914,19.00391446,SELL,3937
1640995203938000000,42181.89682010,13.47603021,SELL,3938
1640995203939000000,42186.20197435,69.85760668,BUY,3939
1640995203940000000,42191.48708537,89.18174479,SELL,3940
1640995203941000000,42194.71389566,42.79880871,SELL,3941
1640995203942000000,42191.92071074,98.03834000,BUY,3942
1640995203943000000,42192.03866095,72.78218407,SELL,3943
1640995203944000000,42195.24985135,14.64068973,BUY,3944
1640995203945000000,42195.69659359,97.40860342,SELL,3945
1640995203946000000,42198.09704394,104.61295028,SELL,3946
1640995203947000000,42191.33168853,70.66421593,BUY,3947
1640995203948000000,42190.62183403,12.37041634,SELL,3948
1640995203949000000,42194.15682346,21.75245799,SELL,3949
1640995203950000000,42191.60585216,80.91145903,SELL,3950
1640995203951000000,42194.06972847,99.27650838,BUY,3951
1640995203952000000,42195.24469107,83.73413423,BUY,3952
1640995203953000000,42195.80718527,17.45085312,SELL,3953
1640995203954000000,42199.31775648,109.13333729,SELL,3954
1640995203955000000,42208.05250547,69.51776521,SELL,3955
1640995203956000000,42210.42578691,40.06457079,SELL,3956
1640995203957000000,42206.62043015,67.61132885,SELL,3957
1640995203958000000,42213.66725113,97.83245507,SELL,3958
1640995203959000000,42216.85932660,97.16116995,SELL,3959
1640995203960000000,42215.07289458,13.24840335,SELL,3960
1640995203961000000,42216.20106874,21.15448140,SELL,3961
1640995203962000000,42215.03933768,48.24880431,BUY,3962
1640995203963000000,42221.47051502,100.59852781,BUY,3963
1640995203964000000,42223.27358519,74.77603142,SELL,3964
1640995203965000000,42223.45054748,62.19323695,SELL,3965
1640995203966000000,42223.52237929,72.80138740,BUY,3966
1640995203967000000,42218.93148357,57.53540525,BUY,3967
1640995203968000000,42223.65496876,43.18941765,BUY,3968
1640995203969000000,42219.46994734,20.07682062,SELL,3969
1640995203970000000,42217.44964616,100.89634437,SELL,3970
1640995203971000000,42220.54446255,83.24994605,SELL,3971
1640995203972000000,42216.46620070,98.33478121,SELL,3972
1640995203973000000,42220.24560409,67.17905150,BUY,3973
1640995203974000000,42225.27565361,41.09041395,BUY,3974
1640995203975000000,42215.47133993,23.32948686,BUY,3975
1640995203976000000,42220.51607518,92.43556021,SELL,3976
1640995203977000000,42223.32483022,53.38798045,SELL,3977
1640995203978000000,42223.97019790,34.37889932,SELL,3978
1640995203979000000,42222.98530742,79.88728492,BUY,3979
1640995203980000000,42229.50199634,107.37477158,BUY,3980
1640995203981000000,42223.39447981,109.86306323,BUY,3981
1640995203982000000,42219.67933052,28.77627488,BUY,3982
1640995203983000000,42222.65968899,48.60980056,SELL,3983
1640995203984000000,42215.82985490,81.26336294,SELL,3984
1640995203985000000,42221.29906671,11.26841227,SELL,3985
1640995203986000000,42219.79314002,31.98916895,SELL,3986
1640995203987000000,42224.31229587,20.31593181,BUY,3987
1640995203988000000,42219.63018452,73.70669302,BUY,3988
1640995203989000000,42220.05653191,107.52898495,SELL,3989
1640995203990000000,42223.41179099,29.00548294,SELL,3990
1640995203991000000,42226.10313574,15.62067338,SELL,3991
1640995203992000000,42232.81410535,93.81643030,BUY,3992
1640995203993000000,42227.23836578,32.74611144,BUY,3993
1640995203994000000,42225.54049944,93.22394590,SELL,3994
1640995203995000000,42231.19798235,72.01555547,SELL,3995
1640995203996000000,42229.49324292,68.95863335,SELL,3996
1640995203997000000,42233.41050063,77.66951112,BUY,3997
1640995203998000000,42232.57684942,10.92539282,BUY,3998
1640995203999000000,42231.41782166,86.26860871,BUY,3999
1640995204000000000,42225.92099163,60.12315803,BUY,4000
1640995204001000000,42227.83786900,19.92836980,BUY,4001
1640995204002000000,42231.46937183,21.72944556,BUY,4002
1640995204003000000,42239.31973420,109.88621502,SELL,4003
1640995204004000000,42248.12947882,37.19690042,BUY,4004
1640995204005000000,42247.85446896,61.94829256,BUY,4005
1640995204006000000,42248.42626411,81.07516687,BUY,4006
1640995204007000000,42249.16201505,12.95694056,SELL,4007
1640995204008000000,42239.28796242,99.57250876,BUY,4008
1640995204009000000,42238.79683712,65.90795368,BUY,4009
1640995204010000000,42246.98954981,56.85712579,SELL,4010
1640995204011000000,42244.55865415,55.77301901,SELL,4011
1640995204012000000,42239.33791883,22.18366011,SELL,4012
1640995204013000000,42242.41726553,39.42945114,SELL,4013
1640995204014000000,42242.96131988,85.35971216,BUY,4014
1640995204015000000,42244.49386883,108.68539493,BUY,4015
1640995204016000000,42242.21856733,25.54350488,SELL,4016
1640995204017000000,42241.38014493,29.64809075,SELL,4017
1640995204018000000,42235.45930801,72.19901074,SELL,4018
1640995204019000000,42238.28449480,93.43180812,BUY,4019
1640995204020000000,42238.53311071,21.55480608,BUY,4020
1640995204021000000,42239.76738367,13.97530589,SELL,4021
1640995204022000000,42235.33652391,35.51377947,BUY,4022
1640995204023000000,42232.53362387,20.68009255,BUY,4023
1640995204024000000,42235.24141982,76.62713328,SELL,4024
1640995204025000000,42229.36324656,18.96345207,BUY,4025
1640995204026000000,42232.47493539,14.65033804,BUY,4026
1640995204027000000,42233.82879854,67.01938744,SELL,4027
1640995204028000000,42231.17638070,98.84365675,BUY,4028
1640995204029000000,42226.30612246,67.91485114,SELL,4029
1640995204030000000,42220.18110497,31.35000608,BUY,4030
1640995204031000000,42219.23877354,67.01671572,BUY,4031
1640995204032000000,42220.95089306,73.86260007,SELL,4032
1640995204033000000,42222.10210023,62.59069147,BUY,4033
1640995204034000000,42220.68395031,21.68393235,SELL,4034
1640995204035000000,42223.13999938,83.12663705,SELL,4035
1640995204036000000,42216.54535283,87.23232372,SELL,4036
1640995204037000000,42223.57367209,78.58493186,BUY,4037
1640995204038000000,42225.37490396,25.42196058,SELL,4038
1640995204039000000,42218.99032844,17.46731021,SELL,4039
1640995204040000000,42222.47102215,28.09212698,SELL,4040
1640995204041000000,42220.87437423,61.55472995,BUY,4041
1640995204042000000,42221.51211461,27.47227126,SELL,4042
1640995204043000000,42223.90667323,48.13293979,BUY,4043
1640995204044000000,42227.90123453,32.77698829,BUY,4044
1640995204045000000,42225.70451379,95.34666069,BUY,4045
1640995204046000000,42229.44290219,79.71764338,BUY,4046
1640995204047000000,42228.07387433,99.05835060,SELL,4047
1640995204048000000,42224.83413483,109.83462809,SELL,4048
1640995204049000000,42219.73586490,17.57423878,BUY,4049
1640995204050000000,42221.09857784,15.49623565,BUY,4050
1640995204051000000,42221.29108142,70.81750709,SELL,4051
1640995204052000000,42219.37495959,43.59680208,SELL,4052
1640995204053000000,42223.01355645,66.27912304,BUY,4053
1640995204054000000,42220.50691459,42.92805436,BUY,4054
1640995204055000000,42222.48023391,52.79548668,BUY,4055
1640995204056000000,42225.19786511,24.69537016,SELL,4056
1640995204057000000,42215.77094452,104.56946723,SELL,4057
1640995204058000000,42219.86858978,47.33018015,BUY,4058
1640995204059000000,42220.15797927,69.44461774,BUY,4059
1640995204060000000,42218.75088497,94.78867679,BUY,4060
1640995204061000000,42220.28320847,28.49093736,BUY,4061
1640995204062000000,42219.77614606,95.54928773,SELL,4062
1640995204063000000,42224.09048313,60.26851990,BUY,4063
1640995204064000000,42227.48086693,80.08844036,SELL,4064
1640995204065000000,42227.43263319,27.50668131,SELL,4065
1640995204066000000,42229.38919611,91.10712567,SELL,4066
1640995204067000000,42220.12405924,107.99040382,BUY,4067
1640995204068000000,42223.96155577,57.84448469,SELL,4068
1640995204069000000,42227.44831358,74.51880072,BUY,4069
1640995204070000000,42228.38118162,101.94330903,SELL,4070
1640995204071000000,42223.14347450,47.76630945,SELL,4071
1640995204072000000,42221.21421575,59.46345925,BUY,4072
1640995204073000000,42217.32599663,86.89074988,SELL,4073
1640995204074000000,42216.23415981,94.03134136,BUY,4074
1640995204075000000,42221.05192235,99.65538073,BUY,4075
1640995204076000000,42214.76094792,77.97853610,BUY,4076
1640995204077000000,42215.05821791,88.04269146,SELL,4077
1640995204078000000,42212.86552881,108.82746186,SELL,4078
1640995204079000000,42214.79850158,37.90774412,BUY,4079
1640995204080000000,42216.89749894,64.55391994,BUY,4080
1640995204081000000,42216.26778099,48.08801181,SELL,4081
1640995204082000000,42213.74746164,80.19184059,BUY,4082
1640995204083000000,42216.56980275,68.54226813,BUY,4083
1640995204084000000,42220.04139832,79.51261162,SELL,4084
1640995204085000000,42214.98050427,54.89983662,SELL,4085
1640995204086000000,42210.94529770,39.28486622,SELL,4086
1640995204087000000,42208.16696396,70.97460479,SELL,4087
1640995204088000000,42210.44592598,68.70888869,BUY,4088
1640995204089000000,42210.70437265,80.51631852,BUY,4089
1640995204090000000,42212.38657095,36.49761420,BUY,4090
1640995204091000000,42215.55473475,13.96850491,BUY,4091
1640995204092000000,42213.53652550,35.85747128,SELL,4092
1640995204093000000,42211.00090578,92.07927158,BUY,4093
1640995204094000000,42204.27615131,30.44169371,SELL,4094
1640995204095000000,42197.34890192,61.84314353,SELL,4095
1640995204096000000,42198.23266337,41.11585891,BUY,4096
1640995204097000000,42203.39873107,34.49570475,BUY,4097
1640995204098000000,42202.57846466,98.23736681,SELL,4098
1640995204099000000,42200.02126592,93.99010258,BUY,4099
1640995204100000000,42202.27681554,34.83324205,SELL,4100
1640995204101000000,42200.10408604,45.94457988,SELL,4101
1640995204102000000,42197.41104294,85.57219522,SELL,4102
1640995204103000000,42188.76397544,75.13684429,BUY,4103
1640995204104000000,42189.05150390,28.31461026,BUY,4104
1640995204105000000,42191.13618649,47.00413564,SELL,4105
1640995204106000000,42188.39307489,88.24465841,BUY,4106
1640995204107000000,42184.25548638,47.85676263,SELL,4107
1640995204108000000,42179.72299692,12.83682293,SELL,4108
1640995204109000000,42184.05643696,102.63607251,BUY,4109
1640995204110000000,42183.28211603,93.88922791,BUY,4110
1640995204111000000,42187.37843446,55.14632382,BUY,4111
1640995204112000000,42188.26706957,77.84866600,BUY,4112
1640995204113000000,42189.82909761,71.60799535,SELL,4113
1640995204114000000,42186.75738872,31.28311805,SELL,4114
1640995204115000000,42179.74602159,45.72974098,BUY,4115
1640995204116000000,42180.71863606,87.97000907,SELL,4116
1640995204117000000,42174.80038615,73.10199770,SELL,4117
1640995204118000000,42168.19114481,71.70824329,SELL,4118
1640995204119000000,42171.08009750,42.86173350,SELL,4119
1640995204120000000,42172.29758591,60.86025606,SELL,4120
1640995204121000000,42172.57153298,55.21963134,SELL,4121
1640995204122000000,42163.47230194,79.74617091,SELL,4122
1640995204123000000,42160.72112634,22.44967381,BUY,4123
1640995204124000000,42162.71079406,29.95156893,SELL,4124
1640995204125000000,42171.52719951,37.71165967,BUY,4125
1640995204126000000,42171.72343016,92.17653609,SELL,4126
1640995204127000000,42170.85848468,46.16846332,SELL,4127
1640995204128000000,42165.57687120,42.94628691,SELL,4128
1640995204129000000,42163.43321508,37.09961912,SELL,4129
1640995204130000000,42161.10286690,62.15329365,SELL,4130
1640995204131000000,42161.48198901,84.65320347,SELL,4131
1640995204132000000,42157.48576601,37.79103095,BUY,4132
1640995204133000000,42165.81487731,25.98476198,BUY,4133
1640995204134000000,42167.68471203,106.98247149,BUY,4134
1640995204135000000,42168.25118589,39.39321956,BUY,4135
1640995204136000000,42171.03260768,77.47444809,SELL,4136
1640995204137000000,42170.15522223,50.81410411,SELL,4137
1640995204138000000,42167.78445724,59.79806356,SELL,4138
1640995204139000000,42165.53281747,50.00494493,SELL,4139
1640995204140000000,42173.75455687,32.55164202,BUY,4140
1640995204141000000,42170.70477431,54.26505883,SELL,4141
1640995204142000000,42167.33137873,17.74135653,SELL,4142
1640995204143000000,42165.13503330,76.52264408,SELL,4143
1640995204144000000,42166.44022185,71.45348004,SELL,4144
1640995204145000000,42158.51523351,45.75268604,BUY,4145
1640995204146000000,42162.48203925,90.21308724,SELL,4146
1640995204147000000,42172.22547223,98.04957244,SELL,4147
1640995204148000000,42165.09568852,102.24533296,BUY,4148
1640995204149000000,42172.25517641,51.42392070,BUY,4149
1640995204150000000,42164.10251015,19.47139627,SELL,4150
1640995204151000000,42156.60316768,60.25344108,SELL,4151
1640995204152000000,42161.10810241,81.85381922,BUY,4152
1640995204153000000,42161.78437652,59.65851097,BUY,4153
1640995204154000000,42161.69313365,32.75791155,BUY,4154
1640995204155000000,42161.76118927,34.68647281,SELL,4155
1640995204156000000,42165.08413089,27.06903399,BUY,4156
1640995204157000000,42169.69193222,82.86674157,SELL,4157
1640995204158000000,42173.92539921,51.42582547,BUY,4158
1640995204159000000,42176.33205900,92.91240725,BUY,4159
1640995204160000000,42179.43021667,53.64698414,SELL,4160
1640995204161000000,42182.91636150,47.98727533,BUY,4161
1640995204162000000,42185.52617369,82.00548027,SELL,4162
1640995204163000000,42188.59136846,28.19509534,BUY,4163
1640995204164000000,42188.92301061,59.79757869,SELL,4164
1640995204165000000,42190.76760811,65.21076062,BUY,4165
1640995204166000000,42183.50561355,87.22085624,SELL,4166
1640995204167000000,42180.21825809,60.47427978,SELL,4167
1640995204168000000,42176.45181508,87.44105028,SELL,4168
1640995204169000000,42184.54660340,30.27183145,SELL,4169
1640995204170000000,42178.76147553,35.43671456,SELL,4170
1640995204171000000,42175.55655512,103.43313955,BUY,4171
1640995204172000000,42177.19839276,43.59707698,BUY,4172
1640995204173000000,42176.16630419,75.93284881,BUY,4173
1640995204174000000,42181.29060913,66.88453804,SELL,4174
1640995204175000000,42180.23514980,16.50315557,SELL,4175
1640995204176000000,42177.05878344,13.62757977,BUY,4176
1640995204177000000,42175.50795368,20.24455540,BUY,4177
1640995204178000000,42170.46653282,109.18305525,BUY,4178
1640995204179000000,42168.26487912,64.89204407,SELL,4179
1640995204180000000,42160.39198726,77.20303566,SELL,4180
1640995204181000000,42162.49754047,25.31334042,SELL,4181
1640995204182000000,42156.54763050,17.32344174,SELL,4182
1640995204183000000,42161.11362384,58.52638835,SELL,4183
1640995204184000000,42160.46996366,71.13360581,SELL,4184
1640995204185000000,42159.39821669,36.20175019,SELL,4185
1640995204186000000,42155.72206198,16.95511246,BUY,4186
1640995204187000000,42149.76571606,81.06454778,BUY,4187
1640995204188000000,42150.50254797,62.81776274,BUY,4188
1640995204189000000,42148.93503628,64.71178794,SELL,4189
1640995204190000000,42149.52428062,76.93552399,SELL,4190
1640995204191000000,42148.52034045,24.84807587,BUY,4191
1640995204192000000,42150.02176150,90.23742730,SELL,4192
1640995204193000000,42147.06841415,26.13294249,BUY,4193
1640995204194000000,42142.01895412,81.24794333,BUY,4194
1640995204195000000,42146.31553813,37.06366195,BUY,4195
1640995204196000000,42148.13505737,107.85296400,SELL,4196
1640995204197000000,42156.21488666,82.64902440,SELL,4197
1640995204198000000,42154.68357099,103.33041166,BUY,4198
1640995204199000000,42154.20034276,61.50083244,BUY,4199
1640995204200000000,42157.58888157,23.12021292,BUY,4200
1640995204201000000,42163.68200938,17.64354458,SELL,4201
1640995204202000000,42160.44764937,84.87218495,SELL,4202
1640995204203000000,42161.18610467,59.08848512,SELL,4203
1640995204204000000,42153.84130442,90.96624214,SELL,4204
1640995204205000000,42158.66135280,53.42216668,SELL,4205
1640995204206000000,42161.42461585,87.35192156,BUY,4206
1640995204207000000,42168.36301453,80.01831238,SELL,4207
1640995204208000000,42173.45035681,68.24653507,SELL,4208
1640995204209000000,42170.27429153,83.11778035,BUY,4209
1640995204210000000,42172.04512318,80.76171790,BUY,4210
1640995204211000000,42176.66873133,73.08062971,SELL,4211
1640995204212000000,42172.12462464,80.18164885,SELL,4212
1640995204213000000,42176.65964423,28.05194058,BUY,4213
1640995204214000000,42172.62747243,73.40779310,SELL,4214
1640995204215000000,42162.53397602,29.57202218,SELL,4215
1640995204216000000,42163.55607678,27.50490705,SELL,4216
1640995204217000000,42167.60861752,98.83371189,SELL,4217
1640995204218000000,42164.57596222,42.24002592,SELL,4218
1640995204219000000,42164.97766546,66.49407143,SELL,4219
1640995204220000000,42164.18980458,51.67758209,BUY,4220
1640995204221000000,42165.13929940,82.54292116,SELL,4221
1640995204222000000,42174.27434268,72.94871212,SELL,4222
1640995204223000000,42178.84042390,73.59343792,SELL,4223
1640995204224000000,42178.45709719,104.42170880,BUY,4224
1640995204225000000,42181.91563248,109.20931686,SELL,4225
1640995204226000000,42180.59098087,109.32410654,BUY,4226
1640995204227000000,42179.44958772,98.28130608,SELL,4227
1640995204228000000,42175.20723806,105.82854657,SELL,4228
1640995204229000000,42170.64948557,57.64891951,BUY,4229
1640995204230000000,42167.91774172,22.57756157,BUY,4230
1640995204231000000,42167.21854281,31.05767180,BUY,4231
1640995204232000000,42165.06501663,105.92169359,SELL,4232
1640995204233000000,42160.67288442,95.44392128,BUY,4233
1640995204234000000,42159.15866952,29.79956661,SELL,4234
1640995204235000000,42155.90553697,44.34783599,BUY,4235
1640995204236000000,42159.16260676,11.51568397,SELL,4236
1640995204237000000,42159.79994654,15.38043564,BUY,4237
1640995204238000000,42158.50747156,33.94626022,SELL,4238
1640995204239000000,42156.28721264,64.85831083,BUY,4239
1640995204240000000,42151.30592194,97.07297416,BUY,4240
1640995204241000000,42148.16306475,104.04522552,SELL,4241
1640995204242000000,42150.91273110,22.55614265,BUY,4242
1640995204243000000,42149.81046435,14.91011560,SELL,4243
1640995204244000000,42151.87770005,74.93607166,BUY,4244
1640995204245000000,42147.93448444,53.73328853,BUY,4245
1640995204246000000,42144.51099650,30.33598377,BUY,4246
1640995204247000000,42140.01479998,96.28728599,SELL,4247
1640995204248000000,42139.50291145,26.96679809,BUY,4248
1640995204249000000,42132.32668014,32.51370993,BUY,4249
1640995204250000000,42136.48191913,43.19526671,SELL,4250
1640995204251000000,42143.68970117,47.59764101,SELL,4251
1640995204252000000,42143.38918446,106.35606336,SELL,4252
1640995204253000000,42149.97985242,64.89873393,BUY,4253
1640995204254000000,42144.11402873,28.84802487,BUY,4254
1640995204255000000,42145.32955170,81.29216723,SELL,4255
1640995204256000000,42148.08275185,17.96426493,BUY,4256
1640995204257000000,42140.36085506,53.19909020,BUY,4257
1640995204258000000,42137.34769677,86.98589362,SELL,4258
1640995204259000000,42128.42342390,109.67630209,BUY,4259
1640995204260000000,42129.89605067,21.90923803,BUY,4260
1640995204261000000,42129.62702729,61.82877325,SELL,4261
1640995204262000000,42129.24115360,24.04293450,BUY,4262
1640995204263000000,42124.01232176,102.15735568,SELL,4263
1640995204264000000,42121.85829966,98.44323899,SELL,4264
1640995204265000000,42121.82447080,14.56085006,BUY,4265
1640995204266000000,42126.11843909,11.71592317,BUY,4266
1640995204267000000,42126.86375463,72.84450974,SELL,4267
1640995204268000000,42126.40069499,17.25034219,BUY,4268
1640995204269000000,42130.03042190,54.65766860,SELL,4269
1640995204270000000,42131.98742800,33.69243989,BUY,4270
1640995204271000000,42130.81315154,43.38874411,BUY,4271
1640995204272000000,42135.91571409,25.33490195,BUY,4272
1640995204273000000,42135.72203569,45.05177705,BUY,4273
1640995204274000000,42130.07244373,55.88758861,SELL,4274
1640995204275000000,42128.96404671,43.15684787,BUY,4275
1640995204276000000,42123.26018560,104.24216546,SELL,4276
1640995204277000000,42128.00893274,31.25536572,SELL,4277
1640995204278000000,42129.91880943,26.57685131,BUY,4278
1640995204279000000,42130.10246492,44.13348808,SELL,4279
1640995204280000000,42122.10662850,94.90315173,BUY,4280
1640995204281000000,42120.15657279,66.32680794,BUY,4281
1640995204282000000,42123.29224082,21.05346707,BUY,4282
1640995204283000000,42124.83587092,101.83932961,SELL,4283
1640995204284000000,42121.34189243,83.73309150,BUY,4284
1640995204285000000,42122.65292253,35.27715687,BUY,4285
1640995204286000000,42113.79644323,33.62289863,BUY,4286
1640995204287000000,42110.11301850,94.31980954,BUY,4287
1640995204288000000,42113.15262104,51.84032008,SELL,4288
1640995204289000000,42115.57710663,106.49162659,BUY,4289
1640995204290000000,42115.23745381,85.68557732,BUY,4290
1640995204291000000,42110.80903614,65.62300413,BUY,4291
1640995204292000000,42114.20553888,46.27414652,BUY,4292
1640995204293000000,42113.85786023,37.54000514,SELL,4293
1640995204294000000,42112.32852407,49.39915562,BUY,4294
1640995204295000000,42117.94714696,54.83804917,BUY,4295
1640995204296000000,42118.31620816,71.26325772,BUY,4296
1640995204297000000,42129.75220024,108.09528329,SELL,4297
1640995204298000000,42134.60278566,62.33682427,BUY,4298
1640995204299000000,42134.01865735,34.61227603,SELL,4299
1640995204300000000,42139.74612296,14.15143565,BUY,4300
1640995204301000000,42133.56093714,44.14998865,BUY,4301
1640995204302000000,42134.98460943,16.53671723,BUY,4302
1640995204303000000,42141.21114000,85.85280202,BUY,4303
1640995204304000000,42146.13605701,18.27907083,SELL,4304
1640995204305000000,42146.86909777,15.77422746,BUY,4305
1640995204306000000,42147.22277725,63.79154744,SELL,4306
1640995204307000000,42142.94666922,90.34595946,SELL,4307
1640995204308000000,42150.13870252,69.56897597,BUY,4308
1640995204309000000,42150.38544867,77.03997767,SELL,4309
1640995204310000000,42149.85061727,72.82962731,BUY,4310
1640995204311000000,42150.87528028,25.61080544,SELL,4311
1640995204312000000,42152.83570736,79.35891581,BUY,4312
1640995204313000000,42152.59831046,52.89434852,BUY,4313
1640995204314000000,42152.77904206,105.79993457,BUY,4314
1640995204315000000,42146.85675874,75.49063714,BUY,4315
1640995204316000000,42148.34237406,64.80731339,SELL,4316
1640995204317000000,42146.55441700,22.38032393,SELL,4317
1640995204318000000,42132.83507281,109.16798977,BUY,4318
1640995204319000000,42128.15388058,79.38065935,BUY,4319
1640995204320000000,42127.91566042,58.77324116,BUY,4320
1640995204321000000,42133.03913600,98.49620022,BUY,4321
1640995204322000000,42138.76815740,24.80292398,BUY,4322
1640995204323000000,42137.61903569,16.38987677,BUY,4323
1640995204324000000,42131.44883651,25.57347255,BUY,4324
1640995204325000000,42128.33393369,13.49173786,SELL,4325
1640995204326000000,41289.00417176,108.78922441,BUY,4326
1640995204327000000,41282.86794731,21.92351629,SELL,4327
1640995204328000000,41283.60099358,108.32698377,BUY,4328
1640995204329000000,41282.53301207,54.24260650,BUY,4329
1640995204330000000,41287.24736841,67.91899391,SELL,4330
1640995204331000000,41282.55392698,69.13288748,BUY,4331
1640995204332000000,41286.45331648,84.40661313,BUY,4332
1640995204333000000,41281.59300540,16.72957014,SELL,4333
1640995204334000000,41279.14844610,66.16282588,BUY,4334
1640995204335000000,41276.60265576,69.44708665,SELL,4335
1640995204336000000,41274.26607866,98.17755942,BUY,4336
1640995204337000000,41280.00935956,67.61237074,SELL,4337
1640995204338000000,41283.98615762,46.50728276,SELL,4338
1640995204339000000,41287.05166535,86.10069361,BUY,4339
1640995204340000000,41284.85852266,61.22704920,SELL,4340
1640995204341000000,41285.09512852,94.55564935,BUY,4341
1640995204342000000,41287.99342384,96.24110588,SELL,4342
1640995204343000000,41288.94809170,49.45699522,SELL,4343
1640995204344000000,41288.42235818,98.44891287,BUY,4344
1640995204345000000,41289.06803637,47.69279117,SELL,4345
1640995204346000000,41301.33265842,90.27946546,SELL,4346
1640995204347000000,41303.10059774,64.01827340,SELL,4347
1640995204348000000,41301.36919875,47.16395905,SELL,4348
1640995204349000000,41301.82618671,85.07009875,BUY,4349
1640995204350000000,41300.01997089,39.18048319,SELL,4350
1640995204351000000,41295.34794840,49.04331995,BUY,4351
1640995204352000000,41295.16012848,28.25705334,SELL,4352
1640995204353000000,41291.72241041,53.65464904,BUY,4353
1640995204354000000,41294.98668358,109.72505933,BUY,4354
1640995204355000000,41303.24734188,55.20107496,SELL,4355
1640995204356000000,41300.32636403,28.16402497,BUY,4356
1640995204357000000,41301.33761892,103.22864607,SELL,4357
1640995204358000000,41300.02131379,67.14807696,SELL,4358
1640995204359000000,41291.17473380,62.23804318,SELL,4359
1640995204360000000,41295.73364406,101.58670069,BUY,4360
1640995204361000000,41300.53794984,69.36427379,BUY,4361
1640995204362000000,41300.77437392,22.52638695,SELL,4362
1640995204363000000,41303.68878278,34.98767816,BUY,4363
1640995204364000000,41308.43658275,104.71898566,BUY,4364
1640995204365000000,41306.10522805,25.41596256,SELL,4365
1640995204366000000,41307.07041445,44.00247851,BUY,4366
1640995204367000000,41306.74849266,40.97605845,BUY,4367
1640995204368000000,41308.38053768,102.64660546,SELL,4368
1640995204369000000,41302.40767501,105.90476434,SELL,4369
1640995204370000000,41293.87609071,66.70720767,BUY,4370
1640995204371000000,41290.66547189,56.37173871,SELL,4371
1640995204372000000,41293.34088286,27.47810591,SELL,4372
1640995204373000000,41294.91669675,73.36853892,SELL,4373
1640995204374000000,41300.67018859,36.65871147,BUY,4374
1640995204375000000,41302.68808793,92.10557005,SELL,4375
1640995204376000000,41300.19561134,15.63509132,BUY,4376
1640995204377000000,41293.72357255,56.88956810,SELL,4377
1640995204378000000,41290.96867127,81.32926167,SELL,4378
1640995204379000000,41293.16445271,63.25025555,BUY,4379
1640995204380000000,41290.97929074,94.91194440,SELL,4380
1640995204381000000,41281.86331003,68.07611825,SELL,4381
1640995204382000000,41283.08299127,79.44779662,SELL,4382
1640995204383000000,41285.16344947,67.18184884,BUY,4383
1640995204384000000,41293.85884191,48.41719334,BUY,4384
1640995204385000000,41294.44683554,80.63533320,BUY,4385
1640995204386000000,41297.01543652,65.80171476,SELL,4386
1640995204387000000,41304.10444694,42.98678549,BUY,4387
1640995204388000000,41313.10944981,28.63462237,BUY,4388
1640995204389000000,41308.78731848,81.75966530,BUY,4389
1640995204390000000,41305.09668903,55.10224875,SELL,4390
1640995204391000000,41304.85958288,16.13287697,SELL,4391
1640995204392000000,41308.44648607,108.93937914,SELL,4392
1640995204393000000,41298.61226006,17.07704583,SELL,4393
1640995204394000000,41300.89101612,11.54914818,BUY,4394
1640995204395000000,41296.05715890,73.46503875,SELL,4395
1640995204396000000,41297.16691363,23.90213480,SELL,4396
1640995204397000000,41304.35278758,10.56797315,SELL,4397
1640995204398000000,41308.13277151,51.90733323,SELL,4398
1640995204399000000,41317.09210037,97.43854194,BUY,4399
1640995204400000000,41321.29534013,82.48421545,SELL,4400
1640995204401000000,41316.48771900,91.97240795,BUY,4401
1640995204402000000,41316.66257097,88.31379082,BUY,4402
1640995204403000000,41316.54556528,97.79848637,SELL,4403
1640995204404000000,41316.69052238,65.36217829,BUY,4404
1640995204405000000,41320.49705997,62.77959266,SELL,4405
1640995204406000000,41322.91915542,32.81441692,BUY,4406
1640995204407000000,41328.10988601,48.60901392,BUY,4407
1640995204408000000,41333.73435448,29.54074501,SELL,4408
1640995204409000000,41329.15196426,53.40901149,SELL,4409
1640995204410000000,41327.05181132,50.40781631,SELL,4410
1640995204411000000,41328.79387218,50.16002008,BUY,4411
1640995204412000000,41330.05415550,47.36649620,BUY,4412
1640995204413000000,41326.65313827,93.87622476,SELL,4413
1640995204414000000,41324.97113864,97.16009188,SELL,4414
1640995204415000000,41326.41455911,86.74022379,BUY,4415
1640995204416000000,41328.09446141,18.29300704,SELL,4416
1640995204417000000,41330.66739827,11.03779169,SELL,4417
1640995204418000000,41327.55449356,57.42457936,SELL,4418
1640995204419000000,41331.32412028,90.89948260,BUY,4419
1640995204420000000,41339.10331270,18.49813818,SELL,4420
1640995204421000000,41340.99513745,33.77903374,SELL,4421
1640995204422000000,41332.71479086,39.04398528,BUY,4422
1640995204423000000,41334.59049069,34.61616282,SELL,4423
1640995204424000000,41337.71604736,100.62793635,SELL,4424
1640995204425000000,41338.63492924,99.45188850,SELL,4425
1640995204426000000,41337.61676532,105.33666832,SELL,4426
1640995204427000000,41335.55724925,97.77528278,SELL,4427
1640995204428000000,41331.26261087,22.82511692,BUY,4428
1640995204429000000,41336.11606712,90.10218128,BUY,4429
1640995204430000000,41335.75937639,86.21822319,BUY,4430
1640995204431000000,41343.00320166,25.36038058,SELL,4431
1640995204432000000,41338.86706497,41.15411160,BUY,4432
1640995204433000000,41338.28973253,28.10581120,BUY,4433
1640995204434000000,41333.96778932,79.77773160,BUY,4434
1640995204435000000,41334.86492419,85.98298461,BUY,4435
1640995204436000000,41331.93903636,94.60072394,SELL,4436
1640995204437000000,41328.07898059,20.86318404,BUY,4437
1640995204438000000,41326.91564381,99.32743485,BUY,4438
1640995204439000000,41324.42591703,108.36900243,BUY,4439
1640995204440000000,41328.03746128,105.15705858,BUY,4440
1640995204441000000,41336.04636297,96.01523016,SELL,4441
1640995204442000000,41330.98672501,107.62135510,BUY,4442
1640995204443000000,41333.56781172,106.43762270,SELL,4443
1640995204444000000,41336.52996493,65.23484183,SELL,4444
1640995204445000000,41340.83420583,105.56345620,SELL,4445
1640995204446000000,41347.93308534,11.93916686,SELL,4446
1640995204447000000,41348.57996852,82.93080704,BUY,4447
1640995204448000000,41342.56998394,33.42424884,SELL,4448
1640995204449000000,41347.20976179,75.53872996,BUY,4449
1640995204450000000,41349.66411928,11.16147774,BUY,4450
1640995204451000000,41358.05186292,64.67813285,SELL,4451
1640995204452000000,41353.12412550,76.62783293,SELL,4452
1640995204453000000,41348.06261847,69.74110590,BUY,4453
1640995204454000000,41347.50752959,53.84276635,SELL,4454
1640995204455000000,41347.31472953,109.92885443,SELL,4455
1640995204456000000,41350.29729556,67.46777093,SELL,4456
1640995204457000000,41346.64560299,80.54368603,SELL,4457
1640995204458000000,41349.65825730,99.36651292,SELL,4458
1640995204459000000,41345.21084980,56.68950454,BUY,4459
1640995204460000000,41346.70826596,51.69696488,SELL,4460
1640995204461000000,41343.67383290,87.33841885,SELL,4461
1640995204462000000,41342.98826042,82.81927658,BUY,4462
1640995204463000000,41343.67846791,95.89050993,BUY,4463
1640995204464000000,41340.49568788,87.18404659,SELL,4464
1640995204465000000,41337.71312681,61.86449912,SELL,4465
1640995204466000000,41339.87096466,56.81557502,SELL,4466
1640995204467000000,41347.90904462,50.05880842,SELL,4467
1640995204468000000,41356.01013258,29.58629393,SELL,4468
1640995204469000000,41358.78426626,41.23867998,SELL,4469
1640995204470000000,41361.78914609,100.28964670,SELL,4470
1640995204471000000,41367.74404088,90.88049354,BUY,4471
1640995204472000000,41366.19874562,54.55471601,BUY,4472
1640995204473000000,41362.45004116,39.78998580,SELL,4473
1640995204474000000,41356.96069423,79.61852751,BUY,4474
1640995204475000000,41363.88411179,65.16525543,SELL,4475
1640995204476000000,41368.41990107,11.82997669,SELL,4476
1640995204477000000,41365.47963853,31.50301420,BUY,4477
1640995204478000000,41362.80383146,76.91139945,BUY,4478
1640995204479000000,41360.43165677,23.41822956,SELL,4479
1640995204480000000,41362.05094416,93.56322385,BUY,4480
1640995204481000000,41360.06864196,107.04102215,BUY,4481
1640995204482000000,41357.99019203,17.63794172,BUY,4482
1640995204483000000,41357.15332618,53.32005103,SELL,4483
1640995204484000000,41356.71568417,68.01011328,BUY,4484
1640995204485000000,41360.78344381,70.60510030,SELL,4485
1640995204486000000,41368.75546160,63.06318115,SELL,4486
1640995204487000000,41374.94657775,57.37295281,BUY,4487
1640995204488000000,41378.07600412,52.83659700,SELL,4488
1640995204489000000,41381.17647222,40.47868166,SELL,4489
1640995204490000000,41378.93205057,88.12712080,SELL,4490
1640995204491000000,41370.27017367,12.27796370,BUY,4491
1640995204492000000,41371.38969546,20.00536499,BUY,4492
1640995204493000000,41371.27758596,59.08650827,SELL,4493
1640995204494000000,41376.41466545,24.28916914,SELL,4494
1640995204495000000,41370.30506564,95.72402995,BUY,4495
1640995204496000000,41372.29826916,62.95163463,BUY,4496
1640995204497000000,41372.35207108,20.14118423,BUY,4497
1640995204498000000,41371.79021238,29.78538415,BUY,4498
1640995204499000000,41365.28212477,98.94920721,BUY,4499
1640995204500000000,41361.81767648,98.89333261,BUY,4500
1640995204501000000,41367.87668126,68.48569034,BUY,4501
1640995204502000000,41368.47442229,98.18826259,BUY,4502
1640995204503000000,41375.84083590,68.22060757,SELL,4503
1640995204504000000,41376.25756493,21.65383314,SELL,4504
1640995204505000000,41370.19757313,43.43488840,BUY,4505
1640995204506000000,41370.14556173,57.76920228,SELL,4506
1640995204507000000,41365.50838541,83.29741326,BUY,4507
1640995204508000000,41370.32300854,18.72895131,SELL,4508
1640995204509000000,41369.97941061,43.65745687,BUY,4509
1640995204510000000,41380.44956644,78.46833620,SELL,4510
1640995204511000000,41371.76116053,108.35222618,BUY,4511
1640995204512000000,41370.04531034,38.13360686,BUY,4512
1640995204513000000,41374.36740212,74.18925016,SELL,4513
1640995204514000000,41373.48934013,97.71870874,BUY,4514
1640995204515000000,41377.43558448,95.27067853,SELL,4515
1640995204516000000,41377.91854168,29.91370774,BUY,4516
1640995204517000000,41386.61395987,36.77218406,SELL,4517
1640995204518000000,41387.05054401,102.97126793,SELL,4518
1640995204519000000,41389.48985078,82.30010122,SELL,4519
1640995204520000000,41383.75391864,63.87715008,BUY,4520
1640995204521000000,41383.31460804,28.87807569,BUY,4521
1640995204522000000,41377.58633828,109.15863153,BUY,4522
1640995204523000000,41376.47983294,76.73080032,BUY,4523
1640995204524000000,41382.52476607,82.03216664,BUY,4524
1640995204525000000,41381.99137036,38.37580628,BUY,4525
1640995204526000000,41377.10808592,19.28155739,SELL,4526
1640995204527000000,41373.49107356,108.97942157,SELL,4527
1640995204528000000,41369.76511278,32.56677137,BUY,4528
1640995204529000000,41371.07226137,56.15422006,BUY,4529
1640995204530000000,41368.89821863,79.10326280,SELL,4530
1640995204531000000,40542.48467575,63.46077114,BUY,4531
1640995204532000000,40549.34731659,79.79740579,SELL,4532
1640995204533000000,40541.74036368,83.00887300,SELL,4533
1640995204534000000,40543.61878288,43.99599728,SELL,4534
1640995204535000000,40546.04838690,68.46362331,BUY,4535
1640995204536000000,40543.31646989,11.59427926,SELL,4536
1640995204537000000,40548.11088682,16.04041304,SELL,4537
1640995204538000000,40547.38474076,24.34506790,SELL,4538
1640995204539000000,40549.88491804,46.35797586,BUY,4539
1640995204540000000,40551.61010076,75.50250398,SELL,4540
1640995204541000000,40558.04983021,47.90420320,SELL,4541
1640995204542000000,40559.50361948,14.49964176,BUY,4542
1640995204543000000,40556.53573527,43.39366410,BUY,4543
1640995204544000000,40553.10543318,53.06987192,BUY,4544
1640995204545000000,40555.71825207,13.34668805,SELL,4545
1640995204546000000,40558.57776432,63.52473146,SELL,4546
1640995204547000000,40556.85839191,30.77275165,BUY,4547
1640995204548000000,40556.85835343,51.76878655,BUY,4548
1640995204549000000,40547.56426313,11.36073929,SELL,4549
1640995204550000000,40546.56651090,55.18764759,SELL,4550
1640995204551000000,40546.33397775,87.92593727,BUY,4551
1640995204552000000,40549.58235123,97.00073142,BUY,4552
1640995204553000000,40545.82026150,53.04798947,BUY,4553
1640995204554000000,40548.41208466,80.07445650,SELL,4554
1640995204555000000,40542.48821201,106.88398565,BUY,4555
1640995204556000000,40548.99869625,87.67698126,BUY,4556
1640995204557000000,40554.08420836,65.23583350,SELL,4557
1640995204558000000,40556.85469213,37.40078922,BUY,4558
1640995204559000000,40552.15532332,101.86802794,BUY,4559
1640995204560000000,40544.21034890,75.55723308,SELL,4560
1640995204561000000,40542.38815213,84.51506090,BUY,4561
1640995204562000000,40541.68757674,80.37072866,SELL,4562
1640995204563000000,40544.20137930,85.89835684,SELL,4563
1640995204564000000,40551.03704108,41.75713213,BUY,4564
1640995204565000000,40546.47455742,37.99393833,SELL,4565
1640995204566000000,40539.63865849,95.77189946,BUY,4566
1640995204567000000,40543.60834500,98.29200215,SELL,4567
1640995204568000000,40543.30941909,26.57288105,SELL,4568
1640995204569000000,40539.22038592,104.83785328,SELL,4569
1640995204570000000,41355.61158381,91.86871690,BUY,4570
1640995204571000000,41355.89284462,56.73255953,SELL,4571
1640995204572000000,41357.40537936,15.33953380,BUY,4572
1640995204573000000,41349.16943753,26.81971714,BUY,4573
1640995204574000000,41347.08350479,89.36318509,BUY,4574
1640995204575000000,41350.20502417,16.02811878,BUY,4575
1640995204576000000,41350.58055317,94.91166360,SELL,4576
1640995204577000000,41344.93143362,53.33568407,BUY,4577
1640995204578000000,41343.43127353,73.19180278,BUY,4578
1640995204579000000,41344.37457489,36.89009192,SELL,4579
1640995204580000000,41346.17011218,71.73326906,SELL,4580
1640995204581000000,41347.84012043,69.16664508,SELL,4581
1640995204582000000,41342.64517835,35.35434745,SELL,4582
1640995204583000000,41342.13461492,60.16344754,SELL,4583
1640995204584000000,41340.17752341,105.04060066,SELL,4584
1640995204585000000,41340.21827928,11.42252048,SELL,4585
1640995204586000000,41334.07144640,19.14030316,SELL,4586
1640995204587000000,41337.94335219,91.42016657,SELL,4587
1640995204588000000,41340.13720665,22.95339356,SELL,4588
1640995204589000000,41341.24223237,72.62824715,BUY,4589
1640995204590000000,41344.88129612,25.91705768,SELL,4590
1640995204591000000,41341.10691799,28.66277557,SELL,4591
1640995204592000000,41347.38207941,25.36817122,SELL,4592
1640995204593000000,41350.62111946,56.14101199,SELL,4593
1640995204594000000,41352.14224068,40.82713194,SELL,4594
1640995204595000000,41349.21549647,20.48015831,SELL,4595
1640995204596000000,41350.03879685,61.36077808,SELL,4596
1640995204597000000,41350.25909148,58.19330103,BUY,4597
1640995204598000000,41341.63146869,97.34914843,SELL,4598
1640995204599000000,41345.15319224,87.52437979,SELL,4599
1640995204600000000,41353.63426147,38.32177022,SELL,4600
1640995204601000000,41352.16500278,105.60592997,SELL,4601
1640995204602000000,41358.45727915,51.10354765,BUY,4602
1640995204603000000,41357.66024402,104.52425351,SELL,4603
1640995204604000000,41354.57542996,85.61083693,SELL,4604
1640995204605000000,41351.89438036,53.77276080,BUY,4605
1640995204606000000,41352.50419658,22.44441552,SELL,4606
1640995204607000000,41354.18009154,15.13751218,BUY,4607
1640995204608000000,41352.75045028,94.48412194,BUY,4608
1640995204609000000,41347.09335722,87.29079658,BUY,4609
1640995204610000000,41348.22191742,13.90082766,SELL,4610
1640995204611000000,41345.18866909,32.08287694,SELL,4611
1640995204612000000,41344.66187704,13.31801645,SELL,4612
1640995204613000000,41339.49348693,13.15400498,SELL,4613
1640995204614000000,41343.57236681,54.30177489,BUY,4614
1640995204615000000,41349.93794301,27.02944757,BUY,4615
1640995204616000000,41349.64255151,32.64085905,BUY,4616
1640995204617000000,41349.41833123,102.51083744,BUY,4617
1640995204618000000,41347.53310885,24.14373308,BUY,4618
1640995204619000000,41346.07917174,16.02758474,BUY,4619
1640995204620000000,41348.86065134,73.26486632,SELL,4620
1640995204621000000,41350.37951219,109.34686753,SELL,4621
1640995204622000000,41351.70330971,25.96985015,SELL,4622
1640995204623000000,41355.52149105,26.37183963,SELL,4623
1640995204624000000,41356.72475807,74.15923710,SELL,4624
1640995204625000000,41355.32704436,52.53468933,SELL,4625
1640995204626000000,41354.12895907,106.84128287,SELL,4626
1640995204627000000,41349.99155410,92.88146184,SELL,4627
1640995204628000000,41345.38357300,43.47256474,SELL,4628
1640995204629000000,41340.25470854,57.49636455,BUY,4629
1640995204630000000,41338.65829120,20.36996082,BUY,4630
1640995204631000000,41341.34742307,42.04730336,BUY,4631
1640995204632000000,41341.38265502,24.77382441,SELL,4632
1640995204633000000,41342.59006486,27.78932218,BUY,4633
1640995204634000000,42163.32933271,83.41239564,BUY,4634
1640995204635000000,42160.11089867,38.02971890,BUY,4635
1640995204636000000,42167.30234242,51.75580252,SELL,4636
1640995204637000000,42167.34651877,41.22304948,BUY,4637
1640995204638000000,42165.95191959,18.82704866,SELL,4638
1640995204639000000,42157.93711991,10.55414006,SELL,4639
1640995204640000000,42152.73845482,96.88909445,SELL,4640
1640995204641000000,42156.86415382,37.21200484,BUY,4641
1640995204642000000,42156.32688557,37.80034133,SELL,4642
1640995204643000000,42166.33373915,14.52326635,BUY,4643
1640995204644000000,42164.72671436,61.01052466,SELL,4644
1640995204645000000,42172.35288806,30.27991979,SELL,4645
1640995204646000000,42172.65982218,59.59082458,SELL,4646
1640995204647000000,42175.12915532,44.70662278,BUY,4647
1640995204648000000,42176.14535805,50.86778730,BUY,4648
1640995204649000000,42174.47013264,44.69692194,BUY,4649
1640995204650000000,42177.17223024,98.49236777,SELL,4650
1640995204651000000,42183.23442204,27.32823176,BUY,4651
1640995204652000000,42186.35501211,57.31026611,BUY,4652
1640995204653000000,42190.37119312,49.04138081,BUY,4653
1640995204654000000,42193.32512004,70.60770700,SELL,4654
1640995204655000000,42188.13926715,14.19707933,BUY,4655
1640995204656000000,42187.46482199,20.04720154,BUY,4656
1640995204657000000,42194.41485144,78.68168145,SELL,4657
1640995204658000000,42183.22402725,94.72085734,SELL,4658
1640995204659000000,42179.70097095,97.45582034,BUY,4659
1640995204660000000,42183.19533770,38.68461022,SELL,4660
1640995204661000000,42170.03572947,108.03257860,BUY,4661
1640995204662000000,42177.98635507,105.87871546,BUY,4662
1640995204663000000,42176.90573408,49.12294783,BUY,4663
1640995204664000000,42176.14766926,56.70542497,SELL,4664
1640995204665000000,42179.91629177,80.70118957,SELL,4665
1640995204666000000,42183.15832614,103.10322456,SELL,4666
1640995204667000000,42184.51171994,79.01020740,BUY,4667
1640995204668000000,42183.48063944,32.31322483,BUY,4668
1640995204669000000,42186.49566950,82.06733082,BUY,4669
1640995204670000000,42183.56574843,50.27980817,BUY,4670
1640995204671000000,42186.01401035,44.58576209,BUY,4671
1640995204672000000,42185.95950989,10.06476289,SELL,4672
1640995204673000000,42182.42556922,75.50314047,BUY,4673
1640995204674000000,42191.03674205,88.91010963,BUY,4674
1640995204675000000,42190.77271185,27.18564780,BUY,4675
1640995204676000000,42191.97374915,30.74821661,BUY,4676
1640995204677000000,42190.74258907,93.93084975,SELL,4677
1640995204678000000,42186.05648511,20.37902870,SELL,4678
1640995204679000000,42192.66943658,23.95363838,SELL,4679
1640995204680000000,42197.08250845,52.94822911,SELL,4680
1640995204681000000,42198.40478368,24.82952321,SELL,4681
1640995204682000000,42201.29726789,105.89188723,SELL,4682
1640995204683000000,42202.23078211,11.09118237,SELL,4683
1640995204684000000,42201.58473423,57.82109966,SELL,4684
1640995204685000000,42205.50002417,43.54017062,SELL,4685
1640995204686000000,42207.08570622,11.74463539,SELL,4686
1640995204687000000,42206.08272752,65.71902745,SELL,4687
1640995204688000000,42196.20341871,83.99382562,BUY,4688
1640995204689000000,42193.41915714,10.46845905,SELL,4689
1640995204690000000,42193.92119669,76.33642705,BUY,4690
1640995204691000000,42191.96664098,55.55634230,BUY,4691
1640995204692000000,42192.59468808,89.52831457,BUY,4692
1640995204693000000,42195.60107725,13.45311212,SELL,4693
1640995204694000000,42198.56656002,76.28866295,BUY,4694
1640995204695000000,42197.69486387,17.38449336,SELL,4695
1640995204696000000,42197.60691479,73.58095100,BUY,4696
1640995204697000000,42198.50614721,96.35396733,SELL,4697
1640995204698000000,42194.06819111,89.93756240,SELL,4698
1640995204699000000,42196.72000999,91.83611366,SELL,4699
1640995204700000000,42196.82111572,96.71759699,SELL,4700
1640995204701000000,42193.09352235,105.58434594,SELL,4701
1640995204702000000,42194.70379531,47.01411328,SELL,4702
1640995204703000000,42185.79730208,75.30256723,SELL,4703
1640995204704000000,42180.92756263,60.34441676,SELL,4704
1640995204705000000,42186.65314240,56.03397443,SELL,4705
1640995204706000000,42188.89668402,28.97642245,BUY,4706
1640995204707000000,42190.22538042,101.71259099,SELL,4707
1640995204708000000,42194.62553990,66.06128088,BUY,4708
1640995204709000000,42194.70733363,70.66213926,BUY,4709
1640995204710000000,42195.80228662,95.60652857,SELL,4710
1640995204711000000,42204.68688504,21.69465809,SELL,4711
1640995204712000000,42206.97507655,87.02033864,BUY,4712
1640995204713000000,42203.27296503,88.60819627,BUY,4713
1640995204714000000,42207.13708102,63.48116676,BUY,4714
1640995204715000000,42201.86644891,76.24581169,SELL,4715
1640995204716000000,42199.12565919,32.41465207,BUY,4716
1640995204717000000,42199.27084989,106.23171038,BUY,4717
1640995204718000000,42191.04439948,59.45382708,BUY,4718
1640995204719000000,42191.62183232,87.30248902,SELL,4719
1640995204720000000,42188.25409979,87.67146695,SELL,4720
1640995204721000000,42195.31617923,76.52938228,SELL,4721
1640995204722000000,42188.37207298,30.70038615,SELL,4722
1640995204723000000,42187.89737812,84.19274539,SELL,4723
1640995204724000000,42188.96626194,48.76474788,SELL,4724
1640995204725000000,42181.17925473,16.09495508,SELL,4725
1640995204726000000,42184.67792658,26.32072911,SELL,4726
1640995204727000000,42184.81603465,76.07582562,BUY,4727
1640995204728000000,42184.78694347,106.55053934,SELL,4728
1640995204729000000,42181.72348020,29.61052728,BUY,4729
1640995204730000000,42184.77757328,89.84180357,SELL,4730
1640995204731000000,42187.58587374,26.78703511,BUY,4731
1640995204732000000,42184.76454011,70.99980354,SELL,4732
1640995204733000000,42177.47355989,49.96085819,SELL,4733
1640995204734000000,42179.53913319,106.93506952,SELL,4734
1640995204735000000,42185.19050876,10.10058539,SELL,4735
1640995204736000000,42179.42964813,103.60785443,SELL,4736
1640995204737000000,42188.84372302,78.67948282,BUY,4737
1640995204738000000,42188.30669631,70.23862200,SELL,4738
1640995204739000000,42188.97306656,34.77545237,SELL,4739
1640995204740000000,42188.09775761,98.46366465,SELL,4740
1640995204741000000,42192.99040718,18.59133191,BUY,4741
1640995204742000000,42191.20732599,101.16634341,SELL,4742
1640995204743000000,42189.58433727,76.42413312,BUY,4743
1640995204744000000,42179.63134193,68.59189546,BUY,4744
1640995204745000000,42181.55556020,79.32576301,SELL,4745
1640995204746000000,42188.18303087,43.13650401,SELL,4746
1640995204747000000,42184.55462233,47.39355405,BUY,4747
1640995204748000000,42184.92755381,54.67857369,SELL,4748
1640995204749000000,42176.99022166,41.67498272,SELL,4749
1640995204750000000,42176.18675950,43.94035054,BUY,4750
1640995204751000000,42175.34185856,47.21203703,SELL,4751
1640995204752000000,42178.10474302,57.28244425,BUY,4752
1640995204753000000,42167.33257259,27.56298291,SELL,4753
1640995204754000000,42165.10386198,91.33061160,BUY,4754
1640995204755000000,42168.40430472,105.24094791,SELL,4755
1640995204756000000,42163.14689734,81.19628365,SELL,4756
1640995204757000000,42163.59299031,40.55350946,BUY,4757
1640995204758000000,42162.21118029,59.55788409,SELL,4758
1640995204759000000,42160.71961401,109.51795104,BUY,4759
1640995204760000000,42157.09242847,10.90228136,SELL,4760
1640995204761000000,42155.78894924,30.64802401,SELL,4761
1640995204762000000,42151.91828169,65.64221204,BUY,4762
1640995204763000000,42154.22529971,67.62813352,BUY,4763
1640995204764000000,42144.61674820,65.74912090,SELL,4764
1640995204765000000,42143.84271928,60.01763435,BUY,4765
1640995204766000000,42142.44953371,102.31721131,BUY,4766
1640995204767000000,42138.34074540,53.69525702,BUY,4767
1640995204768000000,42142.78615841,54.10729949,BUY,4768
1640995204769000000,42142.55041793,29.47600013,SELL,4769
1640995204770000000,42139.57330254,14.05215510,SELL,4770
1640995204771000000,42139.96107346,61.79066431,BUY,4771
1640995204772000000,42138.28808502,23.74683591,BUY,4772
1640995204773000000,42135.72459858,49.07342247,SELL,4773
1640995204774000000,42138.28876067,41.39111382,BUY,4774
1640995204775000000,42142.94537934,15.11634958,SELL,4775
1640995204776000000,42141.57974737,98.02080649,BUY,4776
1640995204777000000,42139.88631951,64.99997538,BUY,4777
1640995204778000000,42140.00856466,91.52244574,BUY,4778
1640995204779000000,42138.79913993,63.09564367,SELL,4779
1640995204780000000,42142.97944503,30.36577829,BUY,4780
1640995204781000000,42147.04130771,64.09657923,SELL,4781
1640995204782000000,42146.99561584,46.64144000,BUY,4782
1640995204783000000,42146.41797578,22.99324475,SELL,4783
1640995204784000000,42151.52917143,30.19365179,BUY,4784
1640995204785000000,42148.05866840,78.48585684,SELL,4785
1640995204786000000,42146.21196482,79.83090403,SELL,4786
1640995204787000000,42155.24246491,14.11508951,SELL,4787
1640995204788000000,42152.50451247,109.71822030,BUY,4788
1640995204789000000,42150.80277890,88.98864829,SELL,4789
1640995204790000000,42142.79765975,22.92215066,BUY,4790
1640995204791000000,42133.15601789,85.27642554,SELL,4791
1640995204792000000,42136.00525272,13.29920442,BUY,4792
1640995204793000000,42138.31750469,35.73119854,BUY,4793
1640995204794000000,42135.85329054,96.12546864,SELL,4794
1640995204795000000,42135.26651572,16.12268450,SELL,4795
1640995204796000000,42130.59115848,35.30267366,SELL,4796
1640995204797000000,42127.69450072,29.69159528,SELL,4797
1640995204798000000,42129.52948986,95.26576216,SELL,4798
1640995204799000000,42136.38172273,106.78262359,SELL,4799
1640995204800000000,42132.65589346,12.30959593,SELL,4800
1640995204801000000,42132.29229138,67.83015650,BUY,4801
1640995204802000000,42137.50925004,35.86415863,SELL,4802
1640995204803000000,42134.35181438,62.82281589,SELL,4803
1640995204804000000,42130.99466965,102.32710550,BUY,4804
1640995204805000000,42133.90461461,65.15798703,SELL,4805
1640995204806000000,42134.58503304,18.75923278,BUY,4806
1640995204807000000,42132.99413832,24.16509422,SELL,4807
1640995204808000000,42138.08158151,40.14296499,BUY,4808
1640995204809000000,42138.35110369,10.53347871,BUY,4809
1640995204810000000,42140.40624182,48.84715975,SELL,4810
1640995204811000000,42140.78259616,83.55584812,BUY,4811
1640995204812000000,42134.47139692,107.03538263,SELL,4812
1640995204813000000,42135.25279832,98.82533145,SELL,4813
1640995204814000000,42129.55193744,104.63144178,BUY,4814
1640995204815000000,42127.84878798,44.98298466,SELL,4815
1640995204816000000,42118.06614787,33.50267688,SELL,4816
1640995204817000000,42116.45335247,25.82908186,SELL,4817
1640995204818000000,42115.16005810,25.77977003,SELL,4818
1640995204819000000,42113.76001169,52.86283060,SELL,4819
1640995204820000000,42119.54398473,26.88716934,SELL,4820
1640995204821000000,42119.92771055,71.82885702,SELL,4821
1640995204822000000,42121.57523625,55.07745510,SELL,4822
1640995204823000000,42125.27306000,92.90425425,SELL,4823
1640995204824000000,42128.67025657,76.54053029,SELL,4824
1640995204825000000,42135.10257331,20.10546371,SELL,4825
1640995204826000000,42125.92698574,59.78319975,BUY,4826
1640995204827000000,42132.46938480,97.29034880,BUY,4827
1640995204828000000,42131.77840779,14.23691773,BUY,4828
1640995204829000000,42136.55309020,66.30883644,SELL,4829
1640995204830000000,42137.96432413,31.50584920,SELL,4830
1640995204831000000,42139.07142562,97.02611170,BUY,4831
1640995204832000000,42132.98334109,84.47539166,SELL,4832
1640995204833000000,42140.72929728,33.45417483,BUY,4833
1640995204834000000,42142.43897749,24.57540799,SELL,4834
1640995204835000000,42146.06836593,22.44593536,SELL,4835
1640995204836000000,42145.52220656,59.09573749,BUY,4836
1640995204837000000,42143.86215572,25.17608060,SELL,4837
1640995204838000000,42139.80055411,70.72284753,BUY,4838
1640995204839000000,42136.55064888,10.09066036,SELL,4839
1640995204840000000,42136.80841210,14.27561369,SELL,4840
1640995204841000000,42138.48735531,61.76972224,BUY,4841
1640995204842000000,42140.36521293,109.47888945,BUY,4842
1640995204843000000,42141.45135973,92.39754166,BUY,4843
1640995204844000000,42141.32563628,17.56511983,SELL,4844
1640995204845000000,42137.21543789,86.07309485,SELL,4845
1640995204846000000,42138.64867913,51.40620719,SELL,4846
1640995204847000000,42143.50806926,26.49501956,SELL,4847
1640995204848000000,42143.84101836,51.10484858,BUY,4848
1640995204849000000,42144.37172833,49.19466235,BUY,4849
1640995204850000000,42139.94902670,85.27438093,SELL,4850
1640995204851000000,42146.30877012,95.09996662,SELL,4851
1640995204852000000,42151.22225135,39.13436896,BUY,4852
1640995204853000000,42152.64325525,22.76755808,BUY,4853
1640995204854000000,42151.70202632,13.59118535,SELL,4854
1640995204855000000,42154.14744082,43.19046551,BUY,4855
1640995204856000000,42149.44236998,98.97470972,SELL,4856
1640995204857000000,42145.63686197,85.58662022,BUY,4857
1640995204858000000,42152.40427754,60.74307121,BUY,4858
1640995204859000000,42152.25759081,81.72918605,BUY,4859
1640995204860000000,42151.77728467,21.87838304,BUY,4860
1640995204861000000,42147.67537314,54.29771730,BUY,4861
1640995204862000000,42152.56649686,90.13229618,BUY,4862
1640995204863000000,42148.60044539,103.34238122,BUY,4863
1640995204864000000,42152.37907238,98.07901717,SELL,4864
1640995204865000000,42145.99119232,82.03114319,BUY,4865
1640995204866000000,42147.37135354,30.27705431,BUY,4866
1640995204867000000,42145.19069922,58.35643679,BUY,4867
1640995204868000000,42146.31013529,51.01918257,SELL,4868
1640995204869000000,42148.13592261,83.89407241,SELL,4869
1640995204870000000,42158.51641805,91.93818876,SELL,4870
1640995204871000000,42161.26793625,58.07133803,BUY,4871
1640995204872000000,42155.95594282,23.73640268,SELL,4872
1640995204873000000,42154.15480864,17.41420509,BUY,4873
1640995204874000000,42156.47511077,92.84450293,SELL,4874
1640995204875000000,42147.30260271,103.22091467,BUY,4875
1640995204876000000,42139.93964071,38.23279887,BUY,4876
1640995204877000000,42140.99452115,33.15322221,BUY,4877
1640995204878000000,42139.59118790,91.73000067,BUY,4878
1640995204879000000,42149.00640450,87.94902823,BUY,4879
1640995204880000000,42147.18637385,65.97613528,SELL,4880
1640995204881000000,42151.93087143,26.63151615,BUY,4881
1640995204882000000,42156.53792416,69.53728328,SELL,4882
1640995204883000000,42157.53619072,75.37734387,SELL,4883
1640995204884000000,42160.25212985,11.41633698,SELL,4884
1640995204885000000,42163.11563556,87.61583121,SELL,4885
1640995204886000000,42160.84205158,29.14811684,BUY,4886
1640995204887000000,42153.50023467,97.07123790,BUY,4887
1640995204888000000,42156.55763866,94.64783044,SELL,4888
1640995204889000000,42161.59631618,94.78968447,SELL,4889
1640995204890000000,42163.86350562,25.26556865,BUY,4890
1640995204891000000,42170.37706715,95.64509247,SELL,4891
1640995204892000000,42166.93715743,32.26817096,BUY,4892
1640995204893000000,42166.06533857,106.50268080,SELL,4893
1640995204894000000,42162.98750078,74.72714308,SELL,4894
1640995204895000000,42159.82170060,15.40155271,BUY,4895
1640995204896000000,42162.20967103,93.51035384,BUY,4896
1640995204897000000,42168.70471828,107.34387297,BUY,4897
1640995204898000000,42164.58579949,10.67648841,BUY,4898
1640995204899000000,42161.82353632,24.31326329,SELL,4899
1640995204900000000,42168.04460716,51.66462973,SELL,4900
1640995204901000000,42168.94013711,93.40266902,SELL,4901
1640995204902000000,42164.92261153,17.59908463,BUY,4902
1640995204903000000,42164.47394670,55.80346571,SELL,4903
1640995204904000000,42156.41298191,83.50436966,SELL,4904
1640995204905000000,42151.20382578,87.08407921,SELL,4905
1640995204906000000,42148.16755271,54.82351223,SELL,4906
1640995204907000000,42150.36071727,62.93442623,SELL,4907
1640995204908000000,42151.96280971,25.27485545,SELL,4908
1640995204909000000,42156.29533830,72.10105570,SELL,4909
1640995204910000000,42154.97053416,15.97767830,BUY,4910
1640995204911000000,42151.70021863,21.40610950,BUY,4911
1640995204912000000,42141.74090216,99.71150471,SELL,4912
1640995204913000000,42144.99300269,18.75495898,BUY,4913
1640995204914000000,42142.53313609,32.03896815,SELL,4914
1640995204915000000,42141.23706787,59.71936581,SELL,4915
1640995204916000000,42140.82067631,80.13415929,BUY,4916
1640995204917000000,42143.33352184,63.39253831,BUY,4917
1640995204918000000,42140.44336441,108.79669150,SELL,4918
1640995204919000000,42144.01348118,22.37817569,BUY,4919
1640995204920000000,42146.69869083,62.96229251,SELL,4920
1640995204921000000,42148.79148626,35.69057139,BUY,4921
1640995204922000000,42151.94944127,103.54184515,SELL,4922
1640995204923000000,42155.17321309,58.22653900,SELL,4923
1640995204924000000,42162.12818223,46.65254032,SELL,4924
1640995204925000000,42166.94605648,12.04785574,SELL,4925
1640995204926000000,42172.60116177,80.88747098,SELL,4926
1640995204927000000,42167.19039708,64.52542722,SELL,4927
1640995204928000000,42164.50706921,99.46869296,BUY,4928
1640995204929000000,42165.08182851,78.84176613,BUY,4929
1640995204930000000,42173.88774521,64.73050301,SELL,4930
1640995204931000000,42178.89636350,11.24176375,BUY,4931
1640995204932000000,42175.77441101,13.29842443,SELL,4932
1640995204933000000,42171.43895184,76.82440542,SELL,4933
1640995204934000000,42174.00665467,37.50277275,SELL,4934
1640995204935000000,42169.79670165,72.47090306,BUY,4935
1640995204936000000,42168.67946386,39.40692897,BUY,4936
1640995204937000000,42165.61364447,85.01054525,SELL,4937
1640995204938000000,42160.09061498,88.49009397,BUY,4938
1640995204939000000,42166.65599741,74.08959436,SELL,4939
1640995204940000000,42158.57153601,27.52549011,BUY,4940
1640995204941000000,42151.60695223,71.18285080,SELL,4941
1640995204942000000,42145.98344368,104.32933347,BUY,4942
1640995204943000000,42145.08362293,73.87033777,SELL,4943
1640995204944000000,42143.62479174,37.35912410,BUY,4944
1640995204945000000,42143.71482966,45.87684525,SELL,4945
1640995204946000000,42146.19373267,102.56374854,SELL,4946
1640995204947000000,42143.92604423,10.31407240,SELL,4947
1640995204948000000,42137.12017868,19.23063597,SELL,4948
1640995204949000000,42145.62552705,108.37285920,BUY,4949
1640995204950000000,42144.46295142,78.11628878,BUY,4950
1640995204951000000,42137.30442826,82.19732540,SELL,4951
1640995204952000000,42137.96350683,108.80211009,BUY,4952
1640995204953000000,42133.21205330,75.77232457,BUY,4953
1640995204954000000,42139.43046620,22.99154718,BUY,4954
1640995204955000000,42133.48755628,26.89935437,BUY,4955
1640995204956000000,42141.49524449,42.69118220,SELL,4956
1640995204957000000,42136.58530762,85.52012437,BUY,4957
1640995204958000000,42137.45808228,27.20304155,SELL,4958
1640995204959000000,42136.36535936,52.93100116,SELL,4959
1640995204960000000,42138.38858002,37.26690058,BUY,4960
1640995204961000000,42142.15686303,46.70805094,SELL,4961
1640995204962000000,42143.23059824,21.94407935,BUY,4962
1640995204963000000,42141.72672920,35.62751069,SELL,4963
1640995204964000000,42146.50173052,37.03690081,SELL,4964
1640995204965000000,42142.13910030,43.22738325,SELL,4965
1640995204966000000,42138.83946044,101.12710692,SELL,4966
1640995204967000000,42136.47952473,39.80938158,BUY,4967
1640995204968000000,42131.55313289,11.90516788,SELL,4968
1640995204969000000,42124.66125006,22.71522509,SELL,4969
1640995204970000000,42121.41437734,29.60508614,SELL,4970
1640995204971000000,42125.51260058,12.10644173,SELL,4971
1640995204972000000,42130.93221705,100.91867397,BUY,4972
1640995204973000000,42138.67052867,74.19359174,SELL,4973
1640995204974000000,42139.90814698,87.73548450,SELL,4974
1640995204975000000,42139.40686747,40.48973278,SELL,4975
1640995204976000000,42139.61122705,81.16590636,SELL,4976
1640995204977000000,42145.14744647,26.90291448,SELL,4977
1640995204978000000,42147.17171466,23.51619921,BUY,4978
1640995204979000000,42148.58833947,24.76195962,BUY,4979
1640995204980000000,42147.56212158,65.03257366,SELL,4980
1640995204981000000,42143.58626267,96.89143280,BUY,4981
1640995204982000000,42149.92140840,10.14586543,SELL,4982
1640995204983000000,42149.42669200,76.10879144,BUY,4983
1640995204984000000,42143.90270054,54.64327660,BUY,4984
1640995204985000000,42146.82602776,91.39284743,SELL,4985
1640995204986000000,42144.00783551,42.10885596,SELL,4986
1640995204987000000,42147.34039817,65.13101703,SELL,4987
1640995204988000000,42151.91418235,13.69164193,BUY,4988
1640995204989000000,42147.55299344,65.16985380,SELL,4989
1640995204990000000,42141.11549799,32.49110051,SELL,4990
1640995204991000000,42142.44664243,92.44801504,BUY,4991
1640995204992000000,42149.08119543,77.28079187,SELL,4992
1640995204993000000,42148.10464677,47.24204334,SELL,4993
1640995204994000000,42140.88595497,59.26534263,SELL,4994
1640995204995000000,42143.56264367,17.56208654,BUY,4995
1640995204996000000,42140.19173184,95.54445399,BUY,4996
1640995204997000000,42138.13393692,26.49761602,BUY,4997
1640995204998000000,42135.33294154,101.41085284,BUY,4998
1640995204999000000,42125.81602918,31.98523968,BUY,4999
1640995205000000000,42118.34129558,68.62635482,SELL,5000
1640995205001000000,42122.00757533,74.75217808,BUY,5001
1640995205002000000,42118.11249693,104.96638842,BUY,5002
1640995205003000000,42116.98018399,29.78562636,SELL,5003
1640995205004000000,42123.30941731,41.26769798,SELL,5004
1640995205005000000,42117.94244151,30.83348773,BUY,5005
1640995205006000000,42119.47034838,24.85533551,BUY,5006
1640995205007000000,42115.13813879,32.15639929,SELL,5007
1640995205008000000,42117.22596856,48.57881622,SELL,5008
1640995205009000000,42114.27211498,32.04439937,SELL,5009
1640995205010000000,42121.71155463,30.76236864,BUY,5010
1640995205011000000,42128.48267681,11.02859012,BUY,5011
1640995205012000000,42130.90994855,64.88202937,BUY,5012
1640995205013000000,42127.46909872,70.86858814,SELL,5013
1640995205014000000,42124.57023109,93.63348748,SELL,5014
1640995205015000000,42121.59842359,59.91799692,BUY,5015
1640995205016000000,42121.23801488,24.67546213,SELL,5016
1640995205017000000,42115.50195782,45.27702679,BUY,5017
1640995205018000000,42117.58723154,22.93335219,SELL,5018
1640995205019000000,42124.30276315,73.66812232,SELL,5019
1640995205020000000,42123.51160402,80.22123789,BUY,5020
1640995205021000000,42118.78777673,20.55571628,SELL,5021
1640995205022000000,42115.08330615,101.45932858,SELL,5022
1640995205023000000,42112.28877277,11.98916038,BUY,5023
1640995205024000000,42120.01082064,47.11246474,SELL,5024
1640995205025000000,42115.82588185,54.41712855,BUY,5025
1640995205026000000,42112.17522240,37.80758554,BUY,5026
1640995205027000000,42112.19320249,71.70440098,BUY,5027
1640995205028000000,42109.42417913,28.78322507,SELL,5028
1640995205029000000,42100.87227813,78.48293562,BUY,5029
1640995205030000000,42105.35567711,99.04843809,SELL,5030
1640995205031000000,42116.81719668,15.01915429,SELL,5031
1640995205032000000,42121.32276229,56.17638955,BUY,5032
1640995205033000000,42128.43610521,53.98141792,BUY,5033
1640995205034000000,42133.23151103,29.97792943,BUY,5034
1640995205035000000,42141.00910565,95.21309255,SELL,5035
1640995205036000000,42138.47748791,100.05901805,SELL,5036
1640995205037000000,42143.93281456,39.86739246,BUY,5037
1640995205038000000,42140.64139285,63.43914059,SELL,5038
1640995205039000000,42139.69632598,65.71019493,BUY,5039
1640995205040000000,42140.18155000,58.02155374,SELL,5040
1640995205041000000,42140.65359728,76.12826564,BUY,5041
1640995205042000000,42147.90110572,44.87375112,SELL,5042
1640995205043000000,42149.00229922,104.37534785,SELL,5043
1640995205044000000,42151.27680285,11.22341757,SELL,5044
1640995205045000000,42147.13658107,65.28110744,SELL,5045
1640995205046000000,42145.66571166,67.23423326,SELL,5046
1640995205047000000,42137.38259161,10.99756389,BUY,5047
1640995205048000000,42132.44807894,47.77454509,SELL,5048
1640995205049000000,42133.31287385,12.31269858,SELL,5049
1640995205050000000,42136.58982575,41.58221209,BUY,5050
1640995205051000000,42130.29327809,25.45899182,BUY,5051
1640995205052000000,42127.35151727,101.43581532,BUY,5052
1640995205053000000,42128.80363367,16.28457187,SELL,5053
1640995205054000000,42125.44245616,87.80215446,BUY,5054
1640995205055000000,42135.37081204,54.06080311,SELL,5055
1640995205056000000,42132.06558660,13.89661218,BUY,5056
1640995205057000000,42131.01122792,102.34504019,BUY,5057
1640995205058000000,42124.83351712,92.08791703,SELL,5058
1640995205059000000,42130.48204031,67.03817980,SELL,5059
1640995205060000000,42119.00042575,47.55714136,SELL,5060
1640995205061000000,42117.94636372,78.68827403,SELL,5061
1640995205062000000,42116.48737830,92.13857403,SELL,5062
1640995205063000000,42115.75025188,33.42129702,BUY,5063
1640995205064000000,42126.18447645,47.87015964,BUY,5064
1640995205065000000,42127.37754182,95.51872607,SELL,5065
1640995205066000000,42132.99709378,97.70551035,SELL,5066
1640995205067000000,42142.24084089,84.40048221,BUY,5067
1640995205068000000,42140.47514498,52.60870704,SELL,5068
1640995205069000000,42136.48764051,55.34919549,BUY,5069
1640995205070000000,42136.44662667,28.40367172,SELL,5070
1640995205071000000,42136.21003635,108.97019224,SELL,5071
1640995205072000000,42133.46241761,98.59256386,BUY,5072
1640995205073000000,42132.89099841,29.95204181,SELL,5073
1640995205074000000,42131.46283008,54.03777580,SELL,5074
1640995205075000000,42132.45811822,60.50961331,SELL,5075
1640995205076000000,42138.46699687,89.45581316,SELL,5076
1640995205077000000,42139.32995273,62.88228205,BUY,5077
1640995205078000000,42138.24135375,14.17013995,SELL,5078
1640995205079000000,42127.68650987,108.00639512,SELL,5079
1640995205080000000,42128.47397651,66.71498755,SELL,5080
1640995205081000000,42124.97804031,82.42250824,BUY,5081
1640995205082000000,42119.81249063,90.80855884,BUY,5082
1640995205083000000,42115.56456725,20.18386040,BUY,5083
1640995205084000000,42114.85341562,98.43128790,BUY,5084
1640995205085000000,42114.91537961,24.76928617,SELL,5085
1640995205086000000,42110.25095853,100.98165548,BUY,5086
1640995205087000000,42117.63441797,38.06554964,SELL,5087
1640995205088000000,42121.74318758,14.98388131,SELL,5088
1640995205089000000,42122.87848740,32.79640317,BUY,5089
1640995205090000000,42122.74145519,108.59061725,BUY,5090
1640995205091000000,42121.28412603,68.66116056,BUY,5091
1640995205092000000,42123.41103289,61.81419691,BUY,5092
1640995205093000000,42114.09328512,68.19656076,BUY,5093
1640995205094000000,42122.31174286,67.69683889,BUY,5094
1640995205095000000,42128.82979972,27.94611657,BUY,5095
1640995205096000000,42132.62151808,47.36762318,BUY,5096
1640995205097000000,42131.66839063,31.70592798,BUY,5097
1640995205098000000,42136.41213590,34.68003346,SELL,5098
1640995205099000000,42131.91339762,42.42164767,SELL,5099
1640995205100000000,42133.42242740,97.25578562,BUY,5100
1640995205101000000,42129.58463320,105.08438247,SELL,5101
1640995205102000000,42133.93318031,77.10970857,BUY,5102
1640995205103000000,42135.72407356,54.36290602,BUY,5103
1640995205104000000,42135.21861528,102.66554132,SELL,5104
1640995205105000000,42137.77918041,54.60367608,BUY,5105
1640995205106000000,42138.15092177,20.20147880,SELL,5106
1640995205107000000,42147.06758524,61.46148403,BUY,5107
1640995205108000000,42143.39698066,35.12594739,BUY,5108
1640995205109000000,42141.96722773,74.47426491,SELL,5109
1640995205110000000,42139.20163746,67.55826937,SELL,5110
1640995205111000000,42133.17634825,26.25077494,BUY,5111
1640995205112000000,42129.88723588,98.65443853,SELL,5112
1640995205113000000,42132.18995551,48.93347095,BUY,5113
1640995205114000000,42138.11810680,51.99947835,BUY,5114
1640995205115000000,42133.63370936,77.54666656,SELL,5115
1640995205116000000,42141.64691002,35.84407043,SELL,5116
1640995205117000000,42143.09840801,100.14867978,SELL,5117
1640995205118000000,42143.35564434,53.84844281,SELL,5118
1640995205119000000,42133.14208458,53.26854021,SELL,5119
1640995205120000000,42135.53713265,92.35627213,SELL,5120
1640995205121000000,42136.10495392,83.25236758,SELL,5121
1640995205122000000,42137.78014809,79.18450438,SELL,5122
1640995205123000000,42139.07837758,106.37564309,BUY,5123
1640995205124000000,42140.65195007,74.53665937,BUY,5124
1640995205125000000,42135.89169599,94.49580313,BUY,5125
1640995205126000000,42125.93297750,12.77875007,BUY,5126
1640995205127000000,42128.61399348,37.23280242,SELL,5127
1640995205128000000,42129.27572124,90.10765400,BUY,5128
1640995205129000000,42126.18643548,23.63468008,SELL,5129
1640995205130000000,42127.69936982,48.87913245,BUY,5130
1640995205131000000,42119.84300792,105.85261400,BUY,5131
1640995205132000000,42116.44205999,81.76078287,SELL,5132
1640995205133000000,42125.74207729,82.65283848,SELL,5133
1640995205134000000,42129.94815052,10.62856620,BUY,5134
1640995205135000000,42129.55708545,54.12569770,BUY,5135
1640995205136000000,42134.30688225,16.92176988,BUY,5136
1640995205137000000,42132.78720021,37.12649853,SELL,5137
1640995205138000000,42129.55938799,17.05897527,BUY,5138
1640995205139000000,42134.16580213,86.01260902,BUY,5139
1640995205140000000,42131.41441653,25.89755727,SELL,5140
1640995205141000000,42131.11496052,22.61425094,BUY,5141
1640995205142000000,42127.95609381,91.62409426,SELL,5142
1640995205143000000,42134.07656129,23.82744438,BUY,5143
1640995205144000000,42139.61460420,17.16570142,BUY,5144
1640995205145000000,42139.53136950,69.76407109,BUY,5145
1640995205146000000,42131.24673421,74.96111968,SELL,5146
1640995205147000000,42127.58227818,85.19315753,BUY,5147
1640995205148000000,42128.38283417,62.59006005,BUY,5148
1640995205149000000,42126.34943852,42.08525521,BUY,5149
1640995205150000000,42121.68279635,59.46086759,BUY,5150
1640995205151000000,42124.44041184,52.73684392,BUY,5151
1640995205152000000,42130.39892705,32.89135684,SELL,5152
1640995205153000000,42132.11992947,45.18293700,SELL,5153
1640995205154000000,42126.89269671,33.98868896,BUY,5154
1640995205155000000,42127.71196323,70.07229821,BUY,5155
1640995205156000000,42125.01705834,40.38894159,BUY,5156
1640995205157000000,42126.83083026,88.02495649,BUY,5157
1640995205158000000,42123.53149080,36.13964584,BUY,5158
1640995205159000000,42124.40060041,104.06916208,BUY,5159
1640995205160000000,42117.77582716,108.77750864,BUY,5160
1640995205161000000,42122.48806149,74.36202823,SELL,5161
1640995205162000000,42128.46746932,73.86163858,SELL,5162
1640995205163000000,42130.98809957,67.13914559,BUY,5163
1640995205164000000,42137.46719087,75.64564344,BUY,5164
1640995205165000000,42133.18186467,76.01417174,BUY,5165
1640995205166000000,42131.38989296,87.08011548,BUY,5166
1640995205167000000,42131.85609229,52.97504067,BUY,5167
1640995205168000000,42134.74852924,52.16218270,BUY,5168
1640995205169000000,42133.40087088,80.16183784,BUY,5169
1640995205170000000,42136.45894737,98.27085878,SELL,5170
1640995205171000000,42138.71657152,38.30131695,SELL,5171
1640995205172000000,42144.72910872,30.33516140,SELL,5172
1640995205173000000,42142.34494479,15.80829591,BUY,5173
1640995205174000000,42147.86084262,104.58673599,SELL,5174
1640995205175000000,42142.27247625,31.26084335,SELL,5175
1640995205176000000,42142.07365018,76.58413979,BUY,5176
1640995205177000000,42143.10636375,50.54472593,SELL,5177
1640995205178000000,42135.46072619,20.69240060,SELL,5178
1640995205179000000,42140.80676049,84.06381814,SELL,5179
1640995205180000000,42139.38303977,102.85868065,SELL,5180
1640995205181000000,42143.45707560,79.51005328,BUY,5181
1640995205182000000,42144.24170761,55.01825448,SELL,5182
1640995205183000000,42146.26866004,78.22561279,SELL,5183
1640995205184000000,42148.28373218,70.74773599,SELL,5184
1640995205185000000,42146.95348585,46.08641932,SELL,5185
1640995205186000000,42148.62326957,17.13963422,BUY,5186
1640995205187000000,42146.56221254,71.04891292,SELL,5187
1640995205188000000,42142.66100886,77.27097064,BUY,5188
1640995205189000000,42143.14595141,27.04040099,SELL,5189
1640995205190000000,42141.02074249,14.30764516,BUY,5190
1640995205191000000,42138.21569208,79.02235644,SELL,5191
1640995205192000000,42136.46314401,21.07116670,SELL,5192
1640995205193000000,42132.12738971,78.08476413,SELL,5193
1640995205194000000,42139.46649387,102.36809925,BUY,5194
1640995205195000000,42144.62904103,77.06931121,SELL,5195
1640995205196000000,42145.68644334,75.10982281,SELL,5196
1640995205197000000,42151.29771134,31.97054376,BUY,5197
1640995205198000000,42146.63194171,96.47392144,SELL,5198
1640995205199000000,42142.14277947,52.61885315,SELL,5199
1640995205200000000,42140.81665382,68.34441899,BUY,5200
1640995205201000000,42152.41232813,36.23095695,BUY,5201
1640995205202000000,42138.15225477,48.61058844,SELL,5202
1640995205203000000,42134.10029958,52.79121195,BUY,5203
1640995205204000000,42136.06908777,14.72905571,BUY,5204
1640995205205000000,42130.29476932,37.91650149,BUY,5205
1640995205206000000,42126.42585184,28.52198143,SELL,5206
1640995205207000000,42137.53632447,76.81970463,SELL,5207
1640995205208000000,42135.16558560,38.21671912,SELL,5208
1640995205209000000,42131.91816132,94.07179280,BUY,5209
1640995205210000000,42132.94960316,47.56123082,SELL,5210
1640995205211000000,42123.65575915,72.78652333,SELL,5211
1640995205212000000,42122.78592930,104.48166055,SELL,5212
1640995205213000000,42130.44947558,67.89667210,BUY,5213
1640995205214000000,42134.00770618,100.32390095,BUY,5214
1640995205215000000,42132.85021154,27.70734765,BUY,5215
1640995205216000000,42134.11576703,95.09737745,BUY,5216
1640995205217000000,42131.57042739,71.23045218,BUY,5217
1640995205218000000,42133.78294580,105.63993862,BUY,5218
1640995205219000000,42135.19692584,108.04044599,SELL,5219
1640995205220000000,42129.78638725,38.78894133,SELL,5220
1640995205221000000,42132.40674867,18.43419582,BUY,5221
1640995205222000000,42129.55840955,13.60252319,SELL,5222
1640995205223000000,42128.79195170,77.11602732,BUY,5223
1640995205224000000,42132.71532943,66.38843737,BUY,5224
1640995205225000000,42136.56918136,54.46513710,BUY,5225
1640995205226000000,42143.53081630,59.54867197,SELL,5226
1640995205227000000,42141.77464436,62.33243431,SELL,5227
1640995205228000000,42135.97273808,21.49360325,SELL,5228
1640995205229000000,42132.94116791,30.87765015,SELL,5229
1640995205230000000,42130.40097082,41.68637116,BUY,5230
1640995205231000000,42127.66168450,74.36021791,SELL,5231
1640995205232000000,42125.30549618,106.42731853,BUY,5232
1640995205233000000,42120.02511279,73.27984628,SELL,5233
1640995205234000000,42122.41486090,100.36087264,SELL,5234
1640995205235000000,42123.49791977,19.87612308,SELL,5235
1640995205236000000,42120.71409696,77.70285235,BUY,5236
1640995205237000000,42121.09236615,60.37913840,BUY,5237
1640995205238000000,42121.02457438,43.73354689,BUY,5238
1640995205239000000,42118.25184349,85.81104645,BUY,5239
1640995205240000000,42115.11709852,29.82598275,BUY,5240
1640995205241000000,42119.13715680,23.12812616,BUY,5241
1640995205242000000,42120.60354648,58.07662753,SELL,5242
1640995205243000000,42120.26074329,73.50475372,SELL,5243
1640995205244000000,42118.22889418,59.51338369,SELL,5244
1640995205245000000,42115.20082998,99.53878341,SELL,5245
1640995205246000000,42117.75315326,43.74963898,BUY,5246
1640995205247000000,42112.43793862,44.66792984,SELL,5247
1640995205248000000,42110.01737369,60.73729868,SELL,5248
1640995205249000000,42111.71061144,23.47596644,SELL,5249
1640995205250000000,42116.16794364,99.31563807,SELL,5250
1640995205251000000,42116.06265784,104.36562783,BUY,5251
1640995205252000000,42121.07483056,90.36201762,BUY,5252
1640995205253000000,42118.85565661,109.56816685,SELL,5253
1640995205254000000,42121.39918125,27.25511512,SELL,5254
1640995205255000000,42130.08717576,71.02354700,SELL,5255
1640995205256000000,42125.05057928,50.19838811,BUY,5256
1640995205257000000,42120.93636556,72.57719982,BUY,5257
1640995205258000000,42120.36107665,58.36792331,SELL,5258
1640995205259000000,42121.79752153,19.44901775,SELL,5259
1640995205260000000,42120.19366243,72.60753211,BUY,5260
1640995205261000000,42116.60680040,53.25197453,SELL,5261
1640995205262000000,42113.89773769,55.27137165,SELL,5262
1640995205263000000,42119.47946636,34.61448657,BUY,5263
1640995205264000000,42125.86083965,84.03998871,SELL,5264
1640995205265000000,42125.49608615,78.39997756,SELL,5265
1640995205266000000,42132.00363608,86.62965888,BUY,5266
1640995205267000000,42137.49059413,68.05127745,SELL,5267
1640995205268000000,42140.50547561,55.49843920,SELL,5268
1640995205269000000,42138.14770258,12.31263649,SELL,5269
1640995205270000000,42143.19357274,48.98093759,BUY,5270
1640995205271000000,42145.97704631,38.15998362,SELL,5271
1640995205272000000,42143.67529975,46.22729445,BUY,5272
1640995205273000000,42147.22933802,12.67986802,SELL,5273
1640995205274000000,42149.12351707,97.63686444,SELL,5274
1640995205275000000,42145.66755219,11.49315797,BUY,5275
1640995205276000000,42146.46523675,68.94480399,SELL,5276
1640995205277000000,42139.80105825,88.14638904,BUY,5277
1640995205278000000,42985.41324234,81.62050742,SELL,5278
1640995205279000000,43846.27574241,64.61942006,SELL,5279
1640995205280000000,43846.05145126,14.46682780,SELL,5280
1640995205281000000,43850.68224780,91.00608119,BUY,5281
1640995205282000000,43842.34477886,77.28640908,BUY,5282
1640995205283000000,43838.95662796,50.09080907,SELL,5283
1640995205284000000,43839.14345951,75.57230477,BUY,5284
1640995205285000000,43844.35413676,28.19269025,SELL,5285
1640995205286000000,43846.19608693,87.61608677,BUY,5286
1640995205287000000,43847.36857422,65.06136706,SELL,5287
1640995205288000000,43837.63548320,72.59376535,BUY,5288
1640995205289000000,43842.55504199,104.44948298,BUY,5289
1640995205290000000,43836.81931989,104.75769201,BUY,5290
1640995205291000000,43834.63105632,108.59059170,SELL,5291
1640995205292000000,43832.31520074,86.28740207,SELL,5292
1640995205293000000,43833.26290344,65.42119798,SELL,5293
1640995205294000000,43835.25141750,63.70823857,SELL,5294
1640995205295000000,43835.08763368,100.85941581,SELL,5295
1640995205296000000,43828.34043740,17.09750251,BUY,5296
1640995205297000000,43825.75580343,63.90972642,SELL,5297
1640995205298000000,43824.84078775,13.42026121,SELL,5298
1640995205299000000,43826.66257017,16.76592507,SELL,5299
1640995205300000000,43822.88184596,37.14299980,BUY,5300
1640995205301000000,43812.72108817,17.67134782,SELL,5301
1640995205302000000,43815.71869672,32.63103782,SELL,5302
1640995205303000000,43814.91465626,10.55167482,BUY,5303
1640995205304000000,43820.59438903,48.55483425,SELL,5304
1640995205305000000,43813.96641161,38.13012506,BUY,5305
1640995205306000000,43811.71737745,76.71315620,SELL,5306
1640995205307000000,43808.73349704,63.77762408,SELL,5307
1640995205308000000,43802.64885349,38.17261374,SELL,5308
1640995205309000000,43806.10097719,11.81365731,BUY,5309
1640995205310000000,43805.78376127,96.19010045,BUY,5310
1640995205311000000,43804.65639302,39.73655841,SELL,5311
1640995205312000000,43810.54685846,23.08675088,SELL,5312
1640995205313000000,43808.28395493,52.54870305,SELL,5313
1640995205314000000,43803.51650666,76.49601034,SELL,5314
1640995205315000000,43798.00559745,11.85892441,SELL,5315
1640995205316000000,43797.57759510,18.92439262,BUY,5316
1640995205317000000,43799.75535891,47.49039285,SELL,5317
1640995205318000000,43803.39210764,69.93689116,BUY,5318
1640995205319000000,43802.23811059,85.81135150,SELL,5319
1640995205320000000,43805.13316693,55.33912755,SELL,5320
1640995205321000000,43807.75973381,79.01248671,BUY,5321
1640995205322000000,43798.00633970,13.89433768,SELL,5322
1640995205323000000,43800.18041575,70.33231014,SELL,5323
1640995205324000000,43796.93689545,28.36061708,SELL,5324
1640995205325000000,43799.61975789,86.15499162,SELL,5325
1640995205326000000,43799.76705656,52.62492568,BUY,5326
1640995205327000000,43802.90983587,42.26633747,BUY,5327
1640995205328000000,43802.70191042,66.13878561,BUY,5328
1640995205329000000,43803.50042459,31.61762278,SELL,5329
1640995205330000000,43808.29753208,93.63222667,BUY,5330
1640995205331000000,43810.47610052,22.60238216,BUY,5331
1640995205332000000,43808.29068611,43.80131413,BUY,5332
1640995205333000000,43807.63487545,88.78771710,BUY,5333
1640995205334000000,43803.30081824,41.72588614,BUY,5334
1640995205335000000,43807.19797929,56.69505627,BUY,5335
1640995205336000000,43807.62760429,52.91495888,BUY,5336
1640995205337000000,43799.49211356,108.67445368,BUY,5337
1640995205338000000,43798.40447946,94.85327668,SELL,5338
1640995205339000000,43796.72405485,41.10203731,BUY,5339
1640995205340000000,43799.22968881,80.89685056,BUY,5340
1640995205341000000,43804.54052930,72.03120391,BUY,5341
1640995205342000000,43807.49181537,82.57267208,SELL,5342
1640995205343000000,43807.15218456,99.58878900,BUY,5343
1640995205344000000,43812.53648710,104.26822988,BUY,5344
1640995205345000000,43820.00370061,36.56887871,SELL,5345
1640995205346000000,43814.02582683,37.10737308,SELL,5346
1640995205347000000,43807.92014742,12.16427994,SELL,5347
1640995205348000000,43801.94769674,29.05702900,SELL,5348
1640995205349000000,43799.00698060,76.57255233,BUY,5349
1640995205350000000,43799.32075234,105.79343348,BUY,5350
1640995205351000000,43799.90682101,23.11114637,SELL,5351
1640995205352000000,43795.54930487,78.95052609,SELL,5352
1640995205353000000,43790.43862864,109.74888419,BUY,5353
1640995205354000000,43793.56090590,55.03921295,BUY,5354
1640995205355000000,43799.84788038,103.52967936,SELL,5355
1640995205356000000,43801.34873592,55.98281250,BUY,5356
1640995205357000000,43802.05333249,79.40395192,SELL,5357
1640995205358000000,43805.04821900,42.01546517,BUY,5358
1640995205359000000,43797.38630405,42.34120053,SELL,5359
1640995205360000000,43798.73842139,18.38412420,BUY,5360
1640995205361000000,43803.60072762,60.22458310,SELL,5361
1640995205362000000,43805.08383418,46.31843080,SELL,5362
1640995205363000000,43801.26925596,81.28389330,BUY,5363
1640995205364000000,43802.49371439,92.09429393,BUY,5364
1640995205365000000,43794.12950398,68.49132314,BUY,5365
1640995205366000000,43795.09434432,105.30645518,BUY,5366
1640995205367000000,43794.29463919,46.98558914,BUY,5367
1640995205368000000,43788.19256958,55.83413554,SELL,5368
1640995205369000000,43792.56634650,67.46068543,SELL,5369
1640995205370000000,43794.59326153,71.11381668,BUY,5370
1640995205371000000,43798.79020751,92.18383340,SELL,5371
1640995205372000000,43792.86209419,68.52928606,BUY,5372
1640995205373000000,43796.22450723,16.64540054,SELL,5373
1640995205374000000,43795.24470490,25.83441263,BUY,5374
1640995205375000000,43796.09868287,20.18737873,BUY,5375
1640995205376000000,43793.05820180,81.40133910,BUY,5376
1640995205377000000,43784.85912708,97.69236689,SELL,5377
1640995205378000000,43778.46841120,17.33867278,BUY,5378
1640995205379000000,43782.09556438,34.20622763,SELL,5379
1640995205380000000,43777.27223870,80.98422557,BUY,5380
1640995205381000000,43772.97302253,27.95256908,BUY,5381
1640995205382000000,43770.86328404,16.97935716,SELL,5382
1640995205383000000,43766.75996406,30.07211533,SELL,5383
1640995205384000000,43765.13993587,95.57160641,SELL,5384
1640995205385000000,43772.30199064,71.43134183,SELL,5385
1640995205386000000,43774.22638025,87.54605371,SELL,5386
1640995205387000000,43780.21322729,108.90609689,BUY,5387
1640995205388000000,43776.68948649,79.33039601,BUY,5388
1640995205389000000,43766.39291732,67.02263996,SELL,5389
1640995205390000000,43764.98369970,39.60873167,SELL,5390
1640995205391000000,43762.65909047,32.92240910,SELL,5391
1640995205392000000,43765.65098904,82.56731741,SELL,5392
1640995205393000000,43763.84514895,92.44529084,BUY,5393
1640995205394000000,43764.70848642,49.97119696,BUY,5394
1640995205395000000,43765.25728341,73.73663867,BUY,5395
1640995205396000000,43768.71293745,74.43846909,SELL,5396
1640995205397000000,43767.11380275,106.73278821,BUY,5397
1640995205398000000,43760.94637139,36.14054223,SELL,5398
1640995205399000000,43756.86826031,65.88640077,BUY,5399
1640995205400000000,43760.61588346,34.39968796,BUY,5400
1640995205401000000,43760.29003954,48.07980942,BUY,5401
1640995205402000000,43762.20109575,65.62974235,SELL,5402
1640995205403000000,43771.36785296,11.50943521,BUY,5403
1640995205404000000,43768.57077566,36.77032275,BUY,5404
1640995205405000000,43763.27951535,49.76026398,SELL,5405
1640995205406000000,43761.82711562,73.52196570,BUY,5406
1640995205407000000,43764.96860966,33.25761348,SELL,5407
1640995205408000000,42891.87687467,86.58817788,SELL,5408
1640995205409000000,42889.04802256,44.01275679,BUY,5409
1640995205410000000,42899.58170967,29.83278339,BUY,5410
1640995205411000000,42893.80569109,28.44122063,BUY,5411
1640995205412000000,42896.84268662,12.80880316,SELL,5412
1640995205413000000,42891.64187168,32.49113198,BUY,5413
1640995205414000000,42893.60172219,21.39594739,SELL,5414
1640995205415000000,42892.14658387,71.93898163,SELL,5415
1640995205416000000,42890.14833831,26.18940226,SELL,5416
1640995205417000000,42890.65522902,65.46100630,SELL,5417
1640995205418000000,42898.19138514,36.39667192,BUY,5418
1640995205419000000,42906.97088624,38.26731931,SELL,5419
1640995205420000000,42907.50768227,20.23621534,BUY,5420
1640995205421000000,42906.10218933,87.20157670,BUY,5421
1640995205422000000,42907.56691819,103.34235650,BUY,5422
1640995205423000000,42902.90679902,57.65926476,SELL,5423
1640995205424000000,42904.64349945,15.56745744,BUY,5424
1640995205425000000,42899.70163429,106.03186748,SELL,5425
1640995205426000000,42902.56185268,36.61726381,BUY,5426
1640995205427000000,42899.11536480,49.60904786,BUY,5427
1640995205428000000,42897.73937007,24.87412505,SELL,5428
1640995205429000000,42893.53378146,53.55254847,BUY,5429
1640995205430000000,42893.73119207,109.92279974,BUY,5430
1640995205431000000,42891.05742851,79.53838678,BUY,5431
1640995205432000000,42885.03041989,20.75029536,SELL,5432
1640995205433000000,42885.02005891,12.65473512,BUY,5433
1640995205434000000,42882.94627951,42.93713392,BUY,5434
1640995205435000000,42877.90569491,39.74724955,BUY,5435
1640995205436000000,42877.50607016,10.66364250,BUY,5436
1640995205437000000,42881.88655403,24.01598931,SELL,5437
1640995205438000000,42880.13860332,58.63709006,SELL,5438
1640995205439000000,42877.06508055,84.26371177,BUY,5439
1640995205440000000,42874.95690996,26.06335156,BUY,5440
1640995205441000000,42874.30406667,74.29627370,SELL,5441
1640995205442000000,42873.35818502,37.99914557,BUY,5442
1640995205443000000,42872.03503819,35.48154080,BUY,5443
1640995205444000000,42870.78508034,59.08580426,SELL,5444
1640995205445000000,42868.77078659,12.99349847,SELL,5445
1640995205446000000,42871.51380509,88.14478595,BUY,5446
1640995205447000000,42870.91093225,23.96708070,SELL,5447
1640995205448000000,42863.44458833,81.94079714,SELL,5448
1640995205449000000,42864.04611742,38.54545816,BUY,5449
1640995205450000000,42867.88152872,105.37024403,SELL,5450
1640995205451000000,42864.44673099,37.17620420,BUY,5451
1640995205452000000,42867.52869394,32.07785185,SELL,5452
1640995205453000000,42869.30458316,93.53195792,SELL,5453
1640995205454000000,42861.34552961,32.97827932,SELL,5454
1640995205455000000,42858.07188885,74.57552679,BUY,5455
1640995205456000000,42858.37993183,78.15516472,SELL,5456
1640995205457000000,42864.03945799,13.51730780,BUY,5457
1640995205458000000,42866.71213718,36.49533020,BUY,5458
1640995205459000000,42866.03428800,95.81527978,SELL,5459
1640995205460000000,42859.15999160,60.60979214,SELL,5460
1640995205461000000,42856.61234716,72.63449302,BUY,5461
1640995205462000000,42862.06880143,43.95827277,SELL,5462
1640995205463000000,42860.52054036,73.50599805,BUY,5463
1640995205464000000,42864.12076533,33.50580990,SELL,5464
1640995205465000000,42862.23000999,72.91479343,SELL,5465
1640995205466000000,42858.73487420,27.31864581,BUY,5466
1640995205467000000,42851.91330579,66.42213814,SELL,5467
1640995205468000000,42853.79413394,38.80351043,BUY,5468
1640995205469000000,42849.31733118,39.80077701,SELL,5469
1640995205470000000,42847.54549133,72.35349177,SELL,5470
1640995205471000000,42845.78825254,106.83442159,BUY,5471
1640995205472000000,42842.92368790,37.07875716,SELL,5472
1640995205473000000,42843.42815243,17.17866696,BUY,5473
1640995205474000000,42843.35187395,36.69562991,SELL,5474
1640995205475000000,42830.74708613,85.09488674,SELL,5475
1640995205476000000,42834.97696697,72.54232606,BUY,5476
1640995205477000000,42831.30461049,58.51088350,SELL,5477
1640995205478000000,42836.84328901,63.64648284,SELL,5478
1640995205479000000,42839.24347436,20.90712961,BUY,5479
1640995205480000000,42840.35324185,18.42972806,SELL,5480
1640995205481000000,42839.78178330,25.00044837,BUY,5481
1640995205482000000,42838.18179585,87.86508782,BUY,5482
1640995205483000000,42847.68781075,64.69342969,BUY,5483
1640995205484000000,42848.75126151,95.71095798,BUY,5484
1640995205485000000,42850.25100642,63.24851073,BUY,5485
1640995205486000000,42855.64994565,52.30603167,SELL,5486
1640995205487000000,42853.67973737,14.41185019,BUY,5487
1640995205488000000,42855.77839873,15.51798131,BUY,5488
1640995205489000000,42854.14536541,65.60059029,BUY,5489
1640995205490000000,42852.18516272,69.00422409,BUY,5490
1640995205491000000,42855.28984384,53.64119330,BUY,5491
1640995205492000000,42854.77676507,58.66645441,SELL,5492
1640995205493000000,42852.28734047,93.35947928,BUY,5493
1640995205494000000,42847.72516809,37.27906657,SELL,5494
1640995205495000000,42839.92116403,16.86863744,BUY,5495
1640995205496000000,42841.20568138,61.09809020,SELL,5496
1640995205497000000,42846.71178177,105.35733795,SELL,5497
1640995205498000000,42842.56124073,90.80738277,BUY,5498
1640995205499000000,43703.28555258,72.36319466,BUY,5499
1640995205500000000,43710.87632629,75.61396210,SELL,5500
1640995205501000000,43718.57681014,97.05818786,BUY,5501
1640995205502000000,43715.04662562,53.21027997,BUY,5502
1640995205503000000,43713.08844707,73.12680328,SELL,5503
1640995205504000000,43717.00661900,20.85517137,SELL,5504
1640995205505000000,43715.82620387,107.29241036,SELL,5505
1640995205506000000,43713.45495104,55.26965002,SELL,5506
1640995205507000000,43712.61959688,72.42845107,BUY,5507
1640995205508000000,43719.71346665,105.70538307,BUY,5508
1640995205509000000,43710.74947515,93.66755764,BUY,5509
1640995205510000000,43709.96374390,36.49631866,SELL,5510
1640995205511000000,43709.74231993,79.75723500,SELL,5511
1640995205512000000,43711.53627484,84.39215443,BUY,5512
1640995205513000000,43710.20957825,77.43418011,SELL,5513
1640995205514000000,43712.78198735,35.08831138,SELL,5514
1640995205515000000,43707.00506287,64.72356982,BUY,5515
1640995205516000000,43703.19977536,97.02924120,BUY,5516
1640995205517000000,43704.75766445,66.57765211,BUY,5517
1640995205518000000,43704.16159458,47.28972601,BUY,5518
1640995205519000000,43696.59745945,50.13943805,SELL,5519
1640995205520000000,43688.81450440,79.71653240,SELL,5520
1640995205521000000,43683.73351805,19.79808800,BUY,5521
1640995205522000000,43688.15643447,87.46541354,SELL,5522
1640995205523000000,43687.03166204,21.58727111,BUY,5523
1640995205524000000,43694.76869686,75.70512764,SELL,5524
1640995205525000000,43691.54140393,29.66563655,BUY,5525
1640995205526000000,43698.31206517,27.58622164,SELL,5526
1640995205527000000,43701.05389637,40.68215997,BUY,5527
1640995205528000000,43699.41750258,72.49012254,BUY,5528
1640995205529000000,43697.45614478,102.08987302,SELL,5529
1640995205530000000,43703.02003587,58.90818605,BUY,5530
1640995205531000000,43699.99779252,103.15485181,BUY,5531
1640995205532000000,43706.95210634,100.30993366,BUY,5532
1640995205533000000,43698.00441481,17.41937122,BUY,5533
1640995205534000000,43697.56584673,19.83091258,BUY,5534
1640995205535000000,43698.32109126,48.29925450,BUY,5535
1640995205536000000,43702.05725347,70.39585140,SELL,5536
1640995205537000000,43707.17313109,56.95668276,SELL,5537
1640995205538000000,43709.74505930,56.40466175,SELL,5538
1640995205539000000,43710.98324448,91.73035264,BUY,5539
1640995205540000000,43704.98386331,25.00505398,SELL,5540
1640995205541000000,43705.46977946,73.92651602,SELL,5541
1640995205542000000,43707.60568881,20.61067651,BUY,5542
1640995205543000000,43709.47907585,46.64703977,BUY,5543
1640995205544000000,43708.45466270,22.77685419,SELL,5544
1640995205545000000,43699.07986551,108.27461606,SELL,5545
1640995205546000000,43694.82936840,78.61505833,BUY,5546
1640995205547000000,43696.52705313,65.67876977,SELL,5547
1640995205548000000,43704.84725561,28.98841481,BUY,5548
1640995205549000000,43711.70540623,17.66073855,SELL,5549
1640995205550000000,43705.92021905,73.02796786,BUY,5550
1640995205551000000,43709.59064344,15.80396736,SELL,5551
1640995205552000000,43708.18228229,87.75884873,SELL,5552
1640995205553000000,43710.51841340,55.71844080,SELL,5553
1640995205554000000,43709.23323766,39.98225985,BUY,5554
1640995205555000000,43700.44244199,95.40050630,SELL,5555
1640995205556000000,43697.30722207,51.95453724,BUY,5556
1640995205557000000,43696.26066139,20.44365683,SELL,5557
1640995205558000000,43691.07131712,50.29114572,BUY,5558
1640995205559000000,43692.94450200,83.27572939,BUY,5559
1640995205560000000,43685.54957542,41.18307914,SELL,5560
1640995205561000000,43680.63471045,92.50167626,SELL,5561
1640995205562000000,43680.69137165,56.26444926,BUY,5562
1640995205563000000,43683.38438815,15.94165223,SELL,5563
1640995205564000000,43686.91017628,15.60909484,SELL,5564
1640995205565000000,43684.90122665,59.30468429,SELL,5565
1640995205566000000,43680.27990559,71.24804676,SELL,5566
1640995205567000000,43671.13881834,46.51612400,BUY,5567
1640995205568000000,43674.36316310,101.99265272,BUY,5568
1640995205569000000,43671.40826178,25.25104009,SELL,5569
1640995205570000000,43663.80851498,23.77316328,BUY,5570
1640995205571000000,43665.25810578,71.64370880,SELL,5571
1640995205572000000,43671.47528128,60.41007134,BUY,5572
1640995205573000000,43669.92792597,46.73826048,SELL,5573
1640995205574000000,43674.71008732,88.64802041,SELL,5574
1640995205575000000,43680.05952813,23.18101001,BUY,5575
1640995205576000000,43682.30399621,86.85050465,SELL,5576
1640995205577000000,43689.49251347,84.34227877,SELL,5577
1640995205578000000,43690.23702519,23.67693209,SELL,5578
1640995205579000000,43692.96272601,32.85062130,SELL,5579
1640995205580000000,43698.19546549,36.68605808,BUY,5580
1640995205581000000,43694.77895283,55.24439314,BUY,5581
1640995205582000000,43697.63905837,40.15970539,BUY,5582
1640995205583000000,43700.98234799,81.30529097,BUY,5583
1640995205584000000,43706.73246772,22.83738377,SELL,5584
1640995205585000000,43704.35284407,52.84061565,SELL,5585
1640995205586000000,43704.36736430,73.66893483,SELL,5586
1640995205587000000,43705.95292518,89.60792256,BUY,5587
1640995205588000000,43710.54340900,18.19017987,BUY,5588
1640995205589000000,43710.18551587,108.57906749,SELL,5589
1640995205590000000,43705.51411200,66.82990011,SELL,5590
1640995205591000000,43709.99065582,73.58659734,SELL,5591
1640995205592000000,43717.37138320,22.60235565,SELL,5592
1640995205593000000,43720.06171354,53.73348330,SELL,5593
1640995205594000000,43712.46108399,108.99602714,BUY,5594
1640995205595000000,43703.82054582,18.98090156,BUY,5595
1640995205596000000,43702.19631270,17.31575485,BUY,5596
1640995205597000000,43699.99007984,89.51034192,BUY,5597
1640995205598000000,43693.26472164,79.83543064,SELL,5598
1640995205599000000,43693.23287404,61.95959243,SELL,5599
1640995205600000000,43692.81873032,24.14528985,BUY,5600
1640995205601000000,43691.91564563,41.60025516,SELL,5601
1640995205602000000,43697.57028882,58.15524055,SELL,5602
1640995205603000000,43696.06854179,106.71475859,SELL,5603
1640995205604000000,43699.69975730,65.95807420,SELL,5604
1640995205605000000,43701.18904667,86.60254030,SELL,5605
1640995205606000000,43703.36039417,82.00624312,SELL,5606
1640995205607000000,43705.33975432,17.43116957,SELL,5607
1640995205608000000,43706.12181757,70.85278045,SELL,5608
1640995205609000000,43711.29919512,52.43122719,BUY,5609
1640995205610000000,43709.69456178,33.17175581,BUY,5610
1640995205611000000,43713.02804020,38.19742388,SELL,5611
1640995205612000000,43705.79516864,30.21476511,SELL,5612
1640995205613000000,43703.20095693,58.65327990,BUY,5613
1640995205614000000,43704.75557594,64.33164768,BUY,5614
1640995205615000000,43702.39202677,63.88985805,BUY,5615
1640995205616000000,43699.63731231,107.85435126,SELL,5616
1640995205617000000,43702.02727889,33.63287246,BUY,5617
1640995205618000000,43701.99612258,84.30548755,BUY,5618
1640995205619000000,43706.20346073,95.17007156,SELL,5619
1640995205620000000,43707.21430142,38.60505328,BUY,5620
1640995205621000000,43702.23832736,23.73450508,BUY,5621
1640995205622000000,43702.23595506,86.45207351,BUY,5622
1640995205623000000,43699.57300214,79.04887830,BUY,5623
1640995205624000000,43701.94021292,57.18547761,SELL,5624
1640995205625000000,43699.54463858,51.78588166,SELL,5625
1640995205626000000,43701.27313825,91.15740617,BUY,5626
1640995205627000000,43704.25059080,58.30247922,BUY,5627
1640995205628000000,43706.44407952,33.85596517,BUY,5628
1640995205629000000,43707.15344464,105.87595070,SELL,5629
1640995205630000000,43705.35566822,17.71497317,SELL,5630
1640995205631000000,43708.83270769,15.93582508,BUY,5631
1640995205632000000,43708.76693522,10.96006954,SELL,5632
1640995205633000000,43708.18227476,78.98273833,BUY,5633
1640995205634000000,43700.70533463,109.55028287,SELL,5634
1640995205635000000,43700.30659218,66.77362090,SELL,5635
1640995205636000000,43693.72941892,15.62472682,BUY,5636
1640995205637000000,43693.04998783,76.25292516,BUY,5637
1640995205638000000,43681.03098796,51.09263291,BUY,5638
1640995205639000000,42806.10640661,88.50060597,SELL,5639
1640995205640000000,42807.44917472,19.44993125,BUY,5640
1640995205641000000,42797.97296812,31.65822977,BUY,5641
1640995205642000000,42795.98215860,51.96477762,BUY,5642
1640995205643000000,42804.06281172,24.08314428,BUY,5643
1640995205644000000,42803.51787078,22.49406838,SELL,5644
1640995205645000000,42798.62013835,22.70086998,BUY,5645
1640995205646000000,42796.43040609,107.78764791,SELL,5646
1640995205647000000,42800.36577071,43.22223083,BUY,5647
1640995205648000000,42801.06312562,49.33707164,BUY,5648
1640995205649000000,42800.99974963,105.95819258,BUY,5649
1640995205650000000,42796.00858045,94.88568020,BUY,5650
1640995205651000000,42795.61232223,45.73186920,BUY,5651
1640995205652000000,42794.39313294,43.49926487,BUY,5652
1640995205653000000,42796.08202331,59.43467635,SELL,5653
1640995205654000000,42795.44783746,109.58049811,SELL,5654
1640995205655000000,42798.56295473,30.51595556,SELL,5655
1640995205656000000,42788.80648903,30.77787483,BUY,5656
1640995205657000000,42787.40874514,71.84712018,SELL,5657
1640995205658000000,42787.75813297,73.59261322,SELL,5658
1640995205659000000,42779.47492591,103.44542825,BUY,5659
1640995205660000000,42777.60934403,95.93456263,BUY,5660
1640995205661000000,42777.85358070,27.07999017,SELL,5661
1640995205662000000,42777.35019783,30.51396177,BUY,5662
1640995205663000000,42775.90746601,17.17584729,SELL,5663
1640995205664000000,42777.86313953,109.40684112,BUY,5664
1640995205665000000,42777.31976128,17.37995832,BUY,5665
1640995205666000000,42778.42347674,85.69814281,BUY,5666
1640995205667000000,42782.36287914,82.81907829,SELL,5667
1640995205668000000,42781.86950141,69.12464140,BUY,5668
1640995205669000000,42777.57773150,66.25549100,BUY,5669
1640995205670000000,42776.84085786,81.93886856,SELL,5670
1640995205671000000,42767.90437052,35.85863134,BUY,5671
1640995205672000000,42767.99545836,62.29221346,SELL,5672
1640995205673000000,42765.85220075,28.40227075,BUY,5673
1640995205674000000,42765.74622256,70.92508475,SELL,5674
1640995205675000000,42766.33234228,53.46810001,BUY,5675
1640995205676000000,42771.87568348,69.56039948,BUY,5676
1640995205677000000,42767.65584576,87.04544443,BUY,5677
1640995205678000000,42766.87109730,35.83444115,SELL,5678
1640995205679000000,42766.99806078,97.98466081,BUY,5679
1640995205680000000,42766.26447324,86.40618904,SELL,5680
1640995205681000000,42765.31142796,62.71442885,SELL,5681
1640995205682000000,42759.44728044,44.28845845,SELL,5682
1640995205683000000,42759.81265353,11.18039003,BUY,5683
1640995205684000000,42761.32150870,79.77071291,BUY,5684
1640995205685000000,42763.16582297,61.84396634,BUY,5685
1640995205686000000,42766.70364928,91.08207034,SELL,5686
1640995205687000000,42767.06902984,55.72106210,SELL,5687
1640995205688000000,42765.04025235,76.18210055,SELL,5688
1640995205689000000,42769.00499244,41.09009987,SELL,5689
1640995205690000000,42778.67622364,69.00966517,BUY,5690
1640995205691000000,42778.34651947,28.69289356,SELL,5691
1640995205692000000,41921.22197997,53.60770026,BUY,5692
1640995205693000000,41920.22157135,94.99963537,BUY,5693
1640995205694000000,41920.88487062,36.30940296,SELL,5694
1640995205695000000,41922.21999332,103.31994357,SELL,5695
1640995205696000000,41918.86517841,81.29602683,BUY,5696
1640995205697000000,41923.32489813,17.48043726,SELL,5697
1640995205698000000,41924.59817071,22.89321167,BUY,5698
1640995205699000000,41924.22073727,36.35906688,BUY,5699
1640995205700000000,41923.49429512,51.84600039,BUY,5700
1640995205701000000,41924.17601642,92.80747862,BUY,5701
1640995205702000000,41922.93477202,51.48154335,SELL,5702
1640995205703000000,41929.00470354,10.13140581,SELL,5703
1640995205704000000,41925.68725580,15.69448686,BUY,5704
1640995205705000000,41931.09812253,75.16732842,BUY,5705
1640995205706000000,41937.03805076,66.08980431,BUY,5706
1640995205707000000,41942.08655401,53.29843545,BUY,5707
1640995205708000000,41944.31232526,89.80554809,SELL,5708
1640995205709000000,41939.41231860,47.58052017,BUY,5709
1640995205710000000,41933.89834977,69.79822349,SELL,5710
1640995205711000000,41927.18210968,21.24154555,BUY,5711
1640995205712000000,41928.85050965,47.97996161,SELL,5712
1640995205713000000,41927.74296156,73.31857296,BUY,5713
1640995205714000000,41925.08470207,40.75526234,BUY,5714
1640995205715000000,41924.25953008,25.93464610,BUY,5715
1640995205716000000,41922.47619683,16.68491511,SELL,5716
1640995205717000000,41919.93797911,78.10306152,BUY,5717
1640995205718000000,41914.24578031,93.27469446,SELL,5718
1640995205719000000,41911.48246032,37.05436877,SELL,5719
1640995205720000000,41911.78076209,18.59532144,BUY,5720
1640995205721000000,41909.79241821,94.81824667,SELL,5721
1640995205722000000,41910.42325039,37.60065903,SELL,5722
1640995205723000000,41916.02880671,63.05685520,BUY,5723
1640995205724000000,41920.33052590,85.31664547,SELL,5724
1640995205725000000,41918.04436282,61.17242273,SELL,5725
1640995205726000000,41914.24156801,61.46272228,BUY,5726
1640995205727000000,41918.95829006,99.29661885,BUY,5727
1640995205728000000,41925.01594989,94.13624832,SELL,5728
1640995205729000000,41933.97836269,49.52950740,BUY,5729
1640995205730000000,41935.75726308,97.94840107,BUY,5730
1640995205731000000,41929.85857081,53.38649535,SELL,5731
1640995205732000000,41926.54982174,94.30920567,BUY,5732
1640995205733000000,41929.40920191,26.58834604,SELL,5733
1640995205734000000,41935.55452050,35.20103812,SELL,5734
1640995205735000000,41939.91307648,62.13890729,BUY,5735
1640995205736000000,41944.08424467,71.09155473,BUY,5736
1640995205737000000,41946.66260713,29.48206013,BUY,5737
1640995205738000000,41951.56243084,64.76803700,BUY,5738
1640995205739000000,41952.48375738,84.07502929,BUY,5739
1640995205740000000,41956.17151479,96.37290839,BUY,5740
1640995205741000000,41954.81627389,29.16270851,SELL,5741
1640995205742000000,41958.17405671,49.51058635,SELL,5742
1640995205743000000,41962.91990808,25.81807335,BUY,5743
1640995205744000000,41966.77740105,64.97250948,BUY,5744
1640995205745000000,41960.14276157,16.37731654,SELL,5745
1640995205746000000,41959.07998141,68.50487203,SELL,5746
1640995205747000000,41952.70547067,94.07528896,BUY,5747
1640995205748000000,41954.88170883,20.57114010,BUY,5748
1640995205749000000,41951.03086287,34.71592926,BUY,5749
1640995205750000000,41954.07925684,24.03968140,BUY,5750
1640995205751000000,41961.58953146,53.12236279,SELL,5751
1640995205752000000,41960.94857518,93.88023217,BUY,5752
1640995205753000000,41963.41528960,105.53683773,BUY,5753
1640995205754000000,41966.18793325,95.29393720,SELL,5754
1640995205755000000,41965.92926011,63.76092326,SELL,5755
1640995205756000000,41966.52588046,31.03411437,BUY,5756
1640995205757000000,41960.67563922,105.70817767,BUY,5757
1640995205758000000,41954.42312986,30.77758187,BUY,5758
1640995205759000000,41960.22188923,99.72118013,BUY,5759
1640995205760000000,41962.14515638,43.40004689,SELL,5760
1640995205761000000,41970.28604376,17.72088665,BUY,5761
1640995205762000000,41969.51077598,74.27643176,SELL,5762
1640995205763000000,41962.83527595,65.37085049,SELL,5763
1640995205764000000,41966.35520194,29.15993658,SELL,5764
1640995205765000000,41966.39079263,55.10160653,BUY,5765
1640995205766000000,41965.58620167,74.05959767,BUY,5766
1640995205767000000,41966.13357042,12.45092605,BUY,5767
1640995205768000000,41971.03797558,20.52283815,BUY,5768
1640995205769000000,41970.39518370,63.35109195,BUY,5769
1640995205770000000,41977.73152503,106.81608848,BUY,5770
1640995205771000000,41972.83703746,98.82015764,SELL,5771
1640995205772000000,41969.33842114,22.40653366,SELL,5772
1640995205773000000,41963.88666876,31.21760989,SELL,5773
1640995205774000000,41966.39749056,43.53644479,BUY,5774
1640995205775000000,41970.57733949,60.19453041,BUY,5775
1640995205776000000,41973.37647371,85.00110341,BUY,5776
1640995205777000000,41968.82892159,54.38899933,SELL,5777
1640995205778000000,41970.67016780,23.38763033,SELL,5778
1640995205779000000,41976.52720750,84.24576222,SELL,5779
1640995205780000000,41980.45926835,71.46457134,SELL,5780
1640995205781000000,41974.64028308,80.92401833,BUY,5781
1640995205782000000,41975.40646810,44.60319577,BUY,5782
1640995205783000000,41979.01152795,70.30368562,BUY,5783
1640995205784000000,41980.14396886,55.35692664,SELL,5784
1640995205785000000,41984.46106083,64.22616429,SELL,5785
1640995205786000000,41980.62843543,97.08338940,BUY,5786
1640995205787000000,41985.29291574,56.58816464,SELL,5787
1640995205788000000,41988.72502481,102.01448984,BUY,5788
1640995205789000000,41988.45672551,39.56699783,SELL,5789
1640995205790000000,41994.68592042,57.01788589,BUY,5790
1640995205791000000,41996.25566565,52.51171571,SELL,5791
1640995205792000000,42001.81114302,70.81551418,BUY,5792
1640995205793000000,42004.82118606,48.77973051,SELL,5793
1640995205794000000,42010.76827953,27.48678994,BUY,5794
1640995205795000000,42014.54287529,75.26362469,SELL,5795
1640995205796000000,42016.76979146,72.03270086,SELL,5796
1640995205797000000,42014.65940651,58.36805113,SELL,5797
1640995205798000000,42014.37733290,53.60143101,BUY,5798
1640995205799000000,42015.06721201,82.75003786,BUY,5799
1640995205800000000,42013.74112623,53.44123582,BUY,5800
1640995205801000000,42009.47969741,103.51926728,SELL,5801
1640995205802000000,42011.61843245,48.70895539,SELL,5802
1640995205803000000,42011.64932922,17.72176236,SELL,5803
1640995205804000000,42014.94564671,59.30300827,SELL,5804
1640995205805000000,42020.13349616,27.09641353,BUY,5805
1640995205806000000,42012.26411318,52.05738105,SELL,5806
1640995205807000000,42009.29114966,55.99459335,SELL,5807
1640995205808000000,42002.52957761,57.02923431,BUY,5808
1640995205809000000,42001.44238766,81.10539961,BUY,5809
1640995205810000000,42001.05853156,80.80067068,SELL,5810
1640995205811000000,41996.83387523,71.62566338,BUY,5811
1640995205812000000,42003.17210016,59.75221978,SELL,5812
1640995205813000000,41999.13852262,35.96875702,BUY,5813
1640995205814000000,41995.22440225,68.63396339,SELL,5814
1640995205815000000,41999.34510399,85.64314414,BUY,5815
1640995205816000000,41999.52384840,59.42407441,SELL,5816
1640995205817000000,42002.37313415,66.22238073,BUY,5817
1640995205818000000,42006.86478430,90.72779402,BUY,5818
1640995205819000000,42010.96000478,93.63457800,SELL,5819
1640995205820000000,42011.00158296,71.93964798,SELL,5820
1640995205821000000,42012.44200096,52.10497816,SELL,5821
1640995205822000000,42010.26536664,63.28921815,SELL,5822
1640995205823000000,42002.41436918,41.35533148,SELL,5823
1640995205824000000,42001.51703935,33.10853544,SELL,5824
1640995205825000000,41995.24756689,39.16146819,SELL,5825
1640995205826000000,41994.23795559,70.01938386,BUY,5826
1640995205827000000,41994.33521227,53.82713472,BUY,5827
1640995205828000000,42001.32307186,68.66492619,BUY,5828
1640995205829000000,41994.26019669,78.69737419,BUY,5829
1640995205830000000,41990.36600101,85.47834132,BUY,5830
1640995205831000000,41995.01757053,103.96539759,BUY,5831
1640995205832000000,41994.31086328,83.80267163,BUY,5832
1640995205833000000,41996.79253516,14.32506794,SELL,5833
1640995205834000000,41995.42455470,10.07899638,BUY,5834
1640995205835000000,41992.85217483,38.72627407,BUY,5835
1640995205836000000,41993.70483989,11.50368919,BUY,5836
1640995205837000000,41997.57105808,84.23745355,SELL,5837
1640995205838000000,41997.85677150,73.66944819,SELL,5838
1640995205839000000,41993.41947629,50.92541597,SELL,5839
1640995205840000000,42001.86813050,70.46627786,SELL,5840
1640995205841000000,42010.35278174,50.20858824,BUY,5841
1640995205842000000,42012.73523966,97.95281130,BUY,5842
1640995205843000000,42007.62791080,72.92234146,BUY,5843
1640995205844000000,42003.32348529,38.49479823,SELL,5844
1640995205845000000,42007.15815292,103.56197531,BUY,5845
1640995205846000000,42008.57611716,19.60631783,SELL,5846
1640995205847000000,42013.43194645,79.63999145,BUY,5847
1640995205848000000,42008.00903943,72.39344888,SELL,5848
1640995205849000000,42003.40246750,75.06774535,BUY,5849
1640995205850000000,42001.77738685,67.95631140,BUY,5850
1640995205851000000,41992.42366562,102.31401230,BUY,5851
1640995205852000000,41999.15229464,21.53070815,BUY,5852
1640995205853000000,41997.67047385,70.82962890,SELL,5853
1640995205854000000,41996.43619337,78.67515294,BUY,5854
1640995205855000000,42000.68264522,93.56732010,BUY,5855
1640995205856000000,42000.62746404,32.60961238,SELL,5856
1640995205857000000,42001.61062100,73.25365990,SELL,5857
1640995205858000000,41994.29985764,79.51852838,SELL,5858
1640995205859000000,41996.28839132,79.84369848,BUY,5859
1640995205860000000,41998.41650735,64.47261738,BUY,5860
1640995205861000000,42000.87183684,30.73426259,SELL,5861
1640995205862000000,41992.95180093,69.68838039,BUY,5862
1640995205863000000,41989.91062531,85.80068445,BUY,5863
1640995205864000000,41988.25545115,101.19651748,BUY,5864
1640995205865000000,41991.61268141,52.06064766,SELL,5865
1640995205866000000,41987.88308781,44.54056500,BUY,5866
1640995205867000000,41994.16875083,14.98730891,SELL,5867
1640995205868000000,41989.70506985,75.13948334,SELL,5868
1640995205869000000,41991.14935362,64.07118549,BUY,5869
1640995205870000000,41992.74130591,45.24802030,SELL,5870
1640995205871000000,41994.76361279,19.04735983,BUY,5871
1640995205872000000,41990.63279570,71.25794905,BUY,5872
1640995205873000000,41990.33771944,30.79581680,BUY,5873
1640995205874000000,41990.39975866,35.71587856,SELL,5874
1640995205875000000,41982.91239128,68.10894661,BUY,5875
1640995205876000000,41983.84849721,28.46983395,BUY,5876
1640995205877000000,41984.46956320,90.80388993,SELL,5877
1640995205878000000,41991.26615837,100.80990081,BUY,5878
1640995205879000000,41993.89847423,44.74621922,BUY,5879
1640995205880000000,41989.98217664,99.06659314,SELL,5880
1640995205881000000,41985.16311124,57.48765688,BUY,5881
1640995205882000000,41978.01071018,41.40945962,SELL,5882
1640995205883000000,41982.90917704,49.44887455,SELL,5883
1640995205884000000,41982.37723370,105.87174354,SELL,5884
1640995205885000000,41981.14199698,98.20252068,BUY,5885
1640995205886000000,41981.82067086,28.05352194,BUY,5886
1640995205887000000,41977.87184465,58.95203196,SELL,5887
1640995205888000000,41980.71797110,45.93103973,BUY,5888
1640995205889000000,41985.53182582,68.90147928,SELL,5889
1640995205890000000,41996.54878653,54.42234131,SELL,5890
1640995205891000000,42001.23809694,49.34140669,SELL,5891
1640995205892000000,42008.07997823,84.17444705,BUY,5892
1640995205893000000,42007.96973746,16.38789005,BUY,5893
1640995205894000000,42007.57442672,96.06803798,SELL,5894
1640995205895000000,42004.10975567,11.18481874,SELL,5895
1640995205896000000,41997.72099287,35.53158441,BUY,5896
1640995205897000000,42001.76148212,39.86465065,BUY,5897
1640995205898000000,42003.92053447,34.26623752,SELL,5898
1640995205899000000,42005.78590456,62.39243242,SELL,5899
1640995205900000000,42000.27197506,30.40403368,SELL,5900
1640995205901000000,41997.54272826,94.21573589,BUY,5901
1640995205902000000,42001.23784358,25.01243678,BUY,5902
1640995205903000000,42007.05858637,41.02015208,SELL,5903
1640995205904000000,42010.14874413,71.65274662,BUY,5904
1640995205905000000,42017.23747110,87.54826474,SELL,5905
1640995205906000000,42018.35929349,55.85514437,SELL,5906
1640995205907000000,42015.71159863,19.73065621,BUY,5907
1640995205908000000,42010.81959823,60.99989314,BUY,5908
1640995205909000000,42004.37248264,69.57272810,SELL,5909
1640995205910000000,42012.41536249,41.36655304,BUY,5910
1640995205911000000,42015.80969148,107.73269487,SELL,5911
1640995205912000000,42017.45829340,46.36831441,BUY,5912
1640995205913000000,42017.46283843,22.06528348,BUY,5913
1640995205914000000,42017.99962011,63.26678454,BUY,5914
1640995205915000000,42020.83761874,91.89084983,SELL,5915
1640995205916000000,42018.37113925,37.90602096,BUY,5916
1640995205917000000,42026.15706182,14.81941307,SELL,5917
1640995205918000000,42033.75391447,96.76309226,BUY,5918
1640995205919000000,42033.40766995,61.95711697,SELL,5919
1640995205920000000,42021.61113529,21.68514104,SELL,5920
1640995205921000000,42022.27813429,57.47654681,BUY,5921
1640995205922000000,42019.14936852,75.89163771,SELL,5922
1640995205923000000,42022.88270538,25.52692285,BUY,5923
1640995205924000000,41192.26102533,29.18375413,SELL,5924
1640995205925000000,41187.82209211,67.45379871,SELL,5925
1640995205926000000,41188.90999909,92.35672064,BUY,5926
1640995205927000000,41184.73120773,26.75655444,SELL,5927
1640995205928000000,41187.67360709,22.36295620,SELL,5928
1640995205929000000,41179.11418346,97.48067578,BUY,5929
1640995205930000000,41176.55694292,29.74681848,SELL,5930
1640995205931000000,41177.65189267,21.49015159,SELL,5931
1640995205932000000,41182.93354497,22.39155371,SELL,5932
1640995205933000000,41182.99720245,83.80199453,BUY,5933
1640995205934000000,41174.30993533,16.79408091,SELL,5934
1640995205935000000,41171.82335028,48.09131407,BUY,5935
1640995205936000000,41171.75454971,63.99347984,SELL,5936
1640995205937000000,41174.15853912,95.51553471,BUY,5937
1640995205938000000,41177.81041701,38.43413555,SELL,5938
1640995205939000000,41181.16390209,70.58276185,BUY,5939
1640995205940000000,41187.91444520,87.19476649,BUY,5940
1640995205941000000,41184.25979269,41.55400225,BUY,5941
1640995205942000000,41189.58418761,91.82138917,BUY,5942
1640995205943000000,41190.75852292,29.68988617,SELL,5943
1640995205944000000,41187.25751913,108.65209609,SELL,5944
1640995205945000000,41190.07156889,54.10966528,BUY,5945
1640995205946000000,41189.19696150,100.06468686,SELL,5946
1640995205947000000,41195.61429068,65.19848387,SELL,5947
1640995205948000000,41202.69016652,53.55162934,BUY,5948
1640995205949000000,41200.54208971,14.36292952,BUY,5949
1640995205950000000,41200.06382620,93.98028232,SELL,5950
1640995205951000000,41201.90464178,29.60176023,SELL,5951
1640995205952000000,41201.62766777,38.44036344,BUY,5952
1640995205953000000,41201.80600210,67.95448511,BUY,5953
1640995205954000000,41198.98953739,37.05763281,BUY,5954
1640995205955000000,41194.30287977,42.82260797,BUY,5955
1640995205956000000,41192.73912181,32.52240083,SELL,5956
1640995205957000000,41198.85293369,38.44444930,BUY,5957
1640995205958000000,41204.59799578,46.74230965,SELL,5958
1640995205959000000,41200.80484036,78.43496173,SELL,5959
1640995205960000000,41197.28693320,14.62632346,SELL,5960
1640995205961000000,41193.32889490,63.79059906,SELL,5961
1640995205962000000,41195.50195232,23.60205221,SELL,5962
1640995205963000000,41193.84150425,97.27182252,SELL,5963
1640995205964000000,41185.68055916,103.92267028,SELL,5964
1640995205965000000,41184.36107249,86.64858731,BUY,5965
1640995205966000000,41178.60835383,40.51552115,SELL,5966
1640995205967000000,41174.15127092,34.61644748,SELL,5967
1640995205968000000,41175.21060030,32.62432655,BUY,5968
1640995205969000000,41173.58629621,68.72685380,BUY,5969
1640995205970000000,41178.00711685,31.89551708,SELL,5970
1640995205971000000,41181.35758975,25.83815381,BUY,5971
1640995205972000000,41175.99891929,101.66452036,BUY,5972
1640995205973000000,41177.44249890,35.51253862,SELL,5973
1640995205974000000,41179.91274758,75.40645688,SELL,5974
1640995205975000000,41180.62914108,36.48196372,SELL,5975
1640995205976000000,41179.14912818,58.66377761,SELL,5976
1640995205977000000,41176.57965560,89.56122704,SELL,5977
1640995205978000000,41178.44314236,35.67679180,BUY,5978
1640995205979000000,41177.94148586,71.22508022,BUY,5979
1640995205980000000,41179.49069172,96.71257329,SELL,5980
1640995205981000000,41178.73799924,71.17830611,BUY,5981
1640995205982000000,41175.17224371,12.25450947,SELL,5982
1640995205983000000,41185.16055033,61.79130189,SELL,5983
1640995205984000000,41180.79160542,57.43034221,SELL,5984
1640995205985000000,41186.47098605,82.23745392,SELL,5985
1640995205986000000,41179.36768815,65.01641498,SELL,5986
1640995205987000000,41174.89724432,32.07499003,SELL,5987
1640995205988000000,41174.89698778,42.75898726,SELL,5988
1640995205989000000,41175.51907846,67.41401086,SELL,5989
1640995205990000000,41173.46998351,43.76126650,SELL,5990
1640995205991000000,41178.41810903,61.07220398,BUY,5991
1640995205992000000,41183.43922201,14.58559640,SELL,5992
1640995205993000000,41177.18227498,34.24645450,BUY,5993
1640995205994000000,41176.12594390,90.92759145,BUY,5994
1640995205995000000,41166.78599315,61.58059139,SELL,5995
1640995205996000000,41171.53384098,14.80349313,BUY,5996
1640995205997000000,41168.59356763,83.87988234,BUY,5997
1640995205998000000,41170.84466013,63.23291384,BUY,5998
1640995205999000000,41169.42790908,108.76260422,BUY,5999
1640995206000000000,41170.22337635,13.07108593,BUY,6000
1640995206001000000,41169.63478164,75.32008226,BUY,6001
1640995206002000000,41169.37568074,85.98946110,BUY,6002
1640995206003000000,41167.59600557,100.83877607,SELL,6003
1640995206004000000,41175.30065410,19.92632206,BUY,6004
1640995206005000000,41184.26754889,102.49873484,SELL,6005
1640995206006000000,41189.62491832,68.68510206,SELL,6006
1640995206007000000,41189.72543458,88.60045181,BUY,6007
1640995206008000000,41185.33509001,93.98969379,BUY,6008
1640995206009000000,41183.69334322,95.53228455,BUY,6009
1640995206010000000,41183.25985537,82.75425308,SELL,6010
1640995206011000000,41178.82331110,90.54470944,SELL,6011
1640995206012000000,41171.84548732,102.78774395,SELL,6012
1640995206013000000,41173.28087450,41.72571019,BUY,6013
1640995206014000000,41174.09308565,45.35329280,BUY,6014
1640995206015000000,41164.96431999,34.05176324,BUY,6015
1640995206016000000,41164.60952659,40.26471667,BUY,6016
1640995206017000000,41160.31259154,61.74526791,SELL,6017
1640995206018000000,41159.56503356,20.80056820,SELL,6018
1640995206019000000,41168.62526170,51.90427260,SELL,6019
1640995206020000000,41166.33584721,11.69194554,SELL,6020
1640995206021000000,41170.43880589,108.87049524,SELL,6021
1640995206022000000,41163.74899529,105.52104526,BUY,6022
1640995206023000000,41169.56165999,66.06186666,SELL,6023
1640995206024000000,41172.23995607,10.43964136,SELL,6024
1640995206025000000,41162.29126618,68.11697981,SELL,6025
1640995206026000000,41159.29588913,83.28185172,BUY,6026
1640995206027000000,41157.96941733,103.32495586,SELL,6027
1640995206028000000,41155.39624861,82.05504060,SELL,6028
1640995206029000000,41158.25270449,32.68981500,SELL,6029
1640995206030000000,41154.64388741,92.29738104,SELL,6030
1640995206031000000,41154.51491434,39.34542699,BUY,6031
1640995206032000000,41148.84228176,23.44060122,SELL,6032
1640995206033000000,41142.12683574,104.39109405,BUY,6033
1640995206034000000,41133.92632554,42.00126626,SELL,6034
1640995206035000000,41137.02905859,76.03380398,SELL,6035
1640995206036000000,41139.15489725,53.73530061,SELL,6036
1640995206037000000,41132.81560562,75.23968132,BUY,6037
1640995206038000000,41126.86184544,45.39153814,SELL,6038
1640995206039000000,41130.70675086,89.97835906,SELL,6039
1640995206040000000,41123.87459092,60.95171570,SELL,6040
1640995206041000000,41122.73764161,65.09145906,SELL,6041
1640995206042000000,41127.49580880,88.49813628,SELL,6042
1640995206043000000,41120.40196514,100.84177162,BUY,6043
1640995206044000000,41115.23561554,13.46608941,BUY,6044
1640995206045000000,41109.29128845,31.21141307,SELL,6045
1640995206046000000,41109.28747777,62.98893015,SELL,6046
1640995206047000000,41110.95468611,58.71279009,SELL,6047
1640995206048000000,41112.02465363,76.50660259,SELL,6048
1640995206049000000,41114.24656381,74.48472420,BUY,6049
1640995206050000000,41117.96000148,56.09666794,SELL,6050
1640995206051000000,41116.39229846,20.62550008,BUY,6051
1640995206052000000,41119.42482522,23.33919810,SELL,6052
1640995206053000000,41117.03614120,75.11739270,BUY,6053
1640995206054000000,41114.03763611,89.99140368,SELL,6054
1640995206055000000,41115.21571821,76.67703890,BUY,6055
1640995206056000000,41114.14235793,56.43214929,SELL,6056
1640995206057000000,41105.72618164,22.13378189,SELL,6057
1640995206058000000,41102.51356709,81.68352966,BUY,6058
1640995206059000000,41098.64862647,56.16661086,BUY,6059
1640995206060000000,41095.39339344,55.80704945,BUY,6060
1640995206061000000,41094.39992646,61.57686795,SELL,6061
1640995206062000000,41096.17925419,38.73425480,BUY,6062
1640995206063000000,41090.49644206,109.57202538,BUY,6063
1640995206064000000,41080.76784272,68.00824497,SELL,6064
1640995206065000000,41077.85050855,75.85477019,SELL,6065
1640995206066000000,41074.26000064,61.70216485,SELL,6066
1640995206067000000,41075.45915672,85.58243546,BUY,6067
1640995206068000000,41075.65254817,23.47364511,BUY,6068
1640995206069000000,41080.71044518,73.05109621,BUY,6069
1640995206070000000,41083.15957365,86.81728949,SELL,6070
1640995206071000000,41085.55194006,10.26891406,BUY,6071
1640995206072000000,41089.13470678,28.73894931,BUY,6072
1640995206073000000,41094.85508703,64.41735520,SELL,6073
1640995206074000000,41100.28627091,102.35049729,BUY,6074
1640995206075000000,41101.89481079,48.04243006,BUY,6075
1640995206076000000,41107.49633467,52.95559191,SELL,6076
1640995206077000000,41109.49701884,48.59754673,SELL,6077
1640995206078000000,41105.76283992,52.81936980,SELL,6078
1640995206079000000,41106.94224628,12.18811909,SELL,6079
1640995206080000000,41109.74435157,109.02903089,BUY,6080
1640995206081000000,41104.54702581,92.88748657,SELL,6081
1640995206082000000,41109.17169905,95.73779861,BUY,6082
1640995206083000000,41106.28822560,106.47429070,BUY,6083
1640995206084000000,41100.58300909,69.65552616,BUY,6084
1640995206085000000,41097.93134171,14.32630174,BUY,6085
1640995206086000000,41100.35931013,38.49168743,BUY,6086
1640995206087000000,41099.00151475,80.73371673,BUY,6087
1640995206088000000,41100.17352412,18.50812462,BUY,6088
1640995206089000000,41104.25636131,20.17824006,BUY,6089
1640995206090000000,41104.57823627,96.99771058,SELL,6090
1640995206091000000,41108.60243422,23.87694545,SELL,6091
1640995206092000000,41106.05583895,88.77381424,SELL,6092
1640995206093000000,41103.85844667,101.88510534,BUY,6093
1640995206094000000,41098.24272374,52.07716609,SELL,6094
1640995206095000000,41097.29988457,73.58718889,SELL,6095
1640995206096000000,41102.65077895,23.39238359,BUY,6096
1640995206097000000,41108.10198953,48.29625833,BUY,6097
1640995206098000000,41107.55853074,74.37179877,SELL,6098
1640995206099000000,41104.84225768,68.10495506,BUY,6099
1640995206100000000,41110.68545424,106.95866826,BUY,6100
1640995206101000000,41111.38176625,41.45307980,BUY,6101
1640995206102000000,41116.53431705,106.99036916,BUY,6102
1640995206103000000,41111.68687279,41.96199984,SELL,6103
1640995206104000000,41108.55257251,69.74362918,SELL,6104
1640995206105000000,41104.84846808,54.45716903,SELL,6105
1640995206106000000,41103.29394558,105.76547764,SELL,6106
1640995206107000000,41097.16454165,51.29491049,SELL,6107
1640995206108000000,41100.66147287,23.30942939,BUY,6108
1640995206109000000,41103.77309627,35.13300394,SELL,6109
1640995206110000000,41098.16765470,104.41387275,BUY,6110
1640995206111000000,41104.21918757,93.74744054,SELL,6111
1640995206112000000,41107.45183063,79.55199535,SELL,6112
1640995206113000000,41102.66882414,44.82299169,SELL,6113
1640995206114000000,41099.92543674,33.66188389,SELL,6114
1640995206115000000,41101.51927518,38.05603352,BUY,6115
1640995206116000000,41097.40903609,61.27171508,SELL,6116
1640995206117000000,41099.16627387,32.38553807,SELL,6117
1640995206118000000,41099.86293059,42.49106692,SELL,6118
1640995206119000000,41098.79576305,54.74481526,SELL,6119
1640995206120000000,41089.42087597,88.01124020,BUY,6120
1640995206121000000,41094.70935021,62.86219030,SELL,6121
1640995206122000000,41092.23218663,45.49203661,SELL,6122
1640995206123000000,41088.72556692,24.68816465,BUY,6123
1640995206124000000,41079.07548240,86.45106316,SELL,6124
1640995206125000000,41068.73019902,21.77393685,SELL,6125
1640995206126000000,41067.74249696,47.61651868,SELL,6126
1640995206127000000,41071.64474647,69.38669924,SELL,6127
1640995206128000000,41074.70922525,30.30122060,BUY,6128
1640995206129000000,41074.98963559,102.91099874,BUY,6129
1640995206130000000,41078.02957376,77.27705901,BUY,6130
1640995206131000000,41087.24931286,71.13024059,SELL,6131
1640995206132000000,41089.95299580,38.50259604,SELL,6132
1640995206133000000,41097.41295038,71.27313978,BUY,6133
1640995206134000000,41103.23702213,103.07332869,BUY,6134
1640995206135000000,41102.55913139,44.84913659,BUY,6135
1640995206136000000,41103.49320845,78.08327160,BUY,6136
1640995206137000000,41106.35653466,108.07924186,SELL,6137
1640995206138000000,41103.04859006,100.36408966,SELL,6138
1640995206139000000,41102.46244873,96.39871271,SELL,6139
1640995206140000000,41096.61465782,19.09886504,SELL,6140
1640995206141000000,41090.54313468,59.60729894,BUY,6141
1640995206142000000,41085.36635616,102.27294635,SELL,6142
1640995206143000000,41088.00083807,15.12413734,SELL,6143
1640995206144000000,41083.07794934,18.00434082,SELL,6144
1640995206145000000,41083.15250445,68.82779097,SELL,6145
1640995206146000000,41085.80871430,74.98177569,SELL,6146
1640995206147000000,41083.33302960,14.04968757,SELL,6147
1640995206148000000,41077.52043506,27.66713607,BUY,6148
1640995206149000000,41073.03482459,37.82100401,BUY,6149
1640995206150000000,41081.03428515,76.89472171,BUY,6150
1640995206151000000,41082.40059397,83.63958910,SELL,6151
1640995206152000000,41081.76724986,14.57665271,BUY,6152
1640995206153000000,41078.84042878,37.29838409,BUY,6153
1640995206154000000,41084.33732358,99.13812295,BUY,6154
1640995206155000000,41085.28247166,73.83357349,SELL,6155
1640995206156000000,41087.01786426,64.90212662,SELL,6156
1640995206157000000,41086.33655632,58.60635194,BUY,6157
1640995206158000000,41091.17362559,22.10990656,BUY,6158
1640995206159000000,41088.06871208,68.92885055,SELL,6159
1640995206160000000,41090.90995956,99.50824234,SELL,6160
1640995206161000000,41092.58088445,70.79144983,SELL,6161
1640995206162000000,41085.19075756,108.46463486,BUY,6162
1640995206163000000,41085.19757549,58.49521401,SELL,6163
1640995206164000000,41081.76745868,68.24629868,SELL,6164
1640995206165000000,41086.84763721,99.63622396,BUY,6165
1640995206166000000,41090.84276526,81.05351885,SELL,6166
1640995206167000000,41089.16803498,98.45344774,BUY,6167
1640995206168000000,41092.23225598,72.78516190,BUY,6168
1640995206169000000,41082.18532515,108.89354205,BUY,6169
1640995206170000000,41087.77194726,44.97453094,BUY,6170
1640995206171000000,41087.18970473,107.18520886,SELL,6171
1640995206172000000,41083.04020927,86.47621221,BUY,6172
1640995206173000000,41082.06370076,33.89440172,BUY,6173
1640995206174000000,41085.77537770,30.59957459,BUY,6174
1640995206175000000,41087.26564224,80.70214991,SELL,6175
1640995206176000000,41085.90223300,109.20137370,BUY,6176
1640995206177000000,41080.95081100,85.05898014,SELL,6177
1640995206178000000,41080.60643205,92.22478576,BUY,6178
1640995206179000000,41075.87330996,28.61255111,BUY,6179
1640995206180000000,41073.27168776,93.33262187,BUY,6180
1640995206181000000,41075.82054454,88.83267036,BUY,6181
1640995206182000000,41071.11651463,80.13146187,SELL,6182
1640995206183000000,41075.77658765,58.10962333,SELL,6183
1640995206184000000,41076.79227670,95.34491706,BUY,6184
1640995206185000000,41083.43132065,42.63844692,BUY,6185
1640995206186000000,41080.82156414,35.45724931,BUY,6186
1640995206187000000,41088.97991113,106.98411721,BUY,6187
1640995206188000000,41093.21414291,39.58702549,BUY,6188
1640995206189000000,41095.37721059,16.00277631,BUY,6189
1640995206190000000,41099.77649322,26.58662773,BUY,6190
1640995206191000000,41105.09839944,10.59178914,BUY,6191
1640995206192000000,41101.41910979,82.30513092,SELL,6192
1640995206193000000,41095.28775785,103.15732139,SELL,6193
1640995206194000000,41091.06922987,97.98568562,SELL,6194
1640995206195000000,41085.10040012,83.04005891,BUY,6195
1640995206196000000,41083.26526345,24.25209353,SELL,6196
1640995206197000000,41081.46238382,19.33508539,SELL,6197
1640995206198000000,41078.19515591,42.59006790,BUY,6198
1640995206199000000,41080.91513544,16.94139826,SELL,6199
1640995206200000000,41070.11529799,48.96373044,BUY,6200
1640995206201000000,41076.74449300,34.67054580,SELL,6201
1640995206202000000,41077.00139929,30.08401525,SELL,6202
1640995206203000000,41083.48548103,77.04709287,BUY,6203
1640995206204000000,41090.79444995,50.64081781,BUY,6204
1640995206205000000,41084.01853887,91.46459715,SELL,6205
1640995206206000000,41085.05289779,29.53565969,SELL,6206
1640995206207000000,41083.75082782,22.50892886,BUY,6207
1640995206208000000,41086.43735582,89.99605402,BUY,6208
1640995206209000000,41089.03377667,94.05710646,SELL,6209
1640995206210000000,41089.07999243,50.53106435,BUY,6210
1640995206211000000,41086.78184849,98.32976689,BUY,6211
1640995206212000000,41092.42528977,53.08102055,BUY,6212
1640995206213000000,41092.58753948,36.35315680,SELL,6213
1640995206214000000,41094.00918299,33.38803086,SELL,6214
1640995206215000000,41093.78608581,88.81057463,SELL,6215
1640995206216000000,41090.77489419,59.87219103,BUY,6216
1640995206217000000,41089.45247572,72.24023037,SELL,6217
1640995206218000000,41090.33512122,38.19731993,SELL,6218
1640995206219000000,41074.03892821,108.27295833,BUY,6219
1640995206220000000,41072.00230770,66.09989124,BUY,6220
1640995206221000000,41074.68517065,29.64860494,BUY,6221
1640995206222000000,41074.07652033,70.34774347,SELL,6222
1640995206223000000,41071.77918242,19.99549884,BUY,6223
1640995206224000000,41070.92970765,95.09710863,BUY,6224
1640995206225000000,41066.45986814,19.40887511,SELL,6225
1640995206226000000,41061.84621394,90.88436473,SELL,6226
1640995206227000000,41063.54100808,84.10258978,SELL,6227
1640995206228000000,41053.51301384,39.98656746,SELL,6228
1640995206229000000,41051.63654457,79.95211581,SELL,6229
1640995206230000000,41057.60458243,27.43680582,BUY,6230
1640995206231000000,41051.18301900,15.83658434,SELL,6231
1640995206232000000,41050.68678886,87.71322050,SELL,6232
1640995206233000000,41051.85519212,81.40472728,BUY,6233
1640995206234000000,41053.25636320,22.80493851,SELL,6234
1640995206235000000,41055.99075926,16.50684017,SELL,6235
1640995206236000000,41058.64738099,78.24430536,SELL,6236
1640995206237000000,41053.88527630,27.12668045,SELL,6237
1640995206238000000,41052.44636732,13.82244391,BUY,6238
1640995206239000000,41049.90547667,56.42118395,SELL,6239
1640995206240000000,41051.31198535,90.01006828,SELL,6240
1640995206241000000,41052.66236858,26.63716110,SELL,6241
1640995206242000000,41055.82536163,37.39728126,SELL,6242
1640995206243000000,41051.31955744,86.92685148,BUY,6243
1640995206244000000,41053.85968153,65.51570764,SELL,6244
1640995206245000000,41050.61459764,27.12135333,SELL,6245
1640995206246000000,41049.85151553,89.03084290,SELL,6246
1640995206247000000,41049.97177411,108.41826647,SELL,6247
1640995206248000000,41056.11439804,97.43081002,SELL,6248
1640995206249000000,41063.12839828,58.56133950,BUY,6249
1640995206250000000,41059.61501154,96.41794822,SELL,6250
1640995206251000000,41055.26906629,84.78818198,SELL,6251
1640995206252000000,41053.83136319,85.10006049,BUY,6252
1640995206253000000,41049.55063615,39.54155452,BUY,6253
1640995206254000000,41051.39281727,80.43716119,BUY,6254
1640995206255000000,41049.41361764,71.54411060,BUY,6255
1640995206256000000,41054.20412891,95.07895034,BUY,6256
1640995206257000000,41055.28722516,14.35787848,BUY,6257
1640995206258000000,41063.81259740,34.35467197,BUY,6258
1640995206259000000,41059.69523150,97.73893105,BUY,6259
1640995206260000000,41066.09909940,18.90831116,SELL,6260
1640995206261000000,41070.51561589,94.65736461,SELL,6261
1640995206262000000,41065.42081454,84.85320988,SELL,6262
1640995206263000000,41069.53844804,51.40376494,BUY,6263
1640995206264000000,41074.12946344,62.20383170,BUY,6264
1640995206265000000,41071.68852980,93.25281623,BUY,6265
1640995206266000000,41072.82134574,54.25743638,SELL,6266
1640995206267000000,41069.89272874,71.56779943,BUY,6267
1640995206268000000,41070.52030800,82.42804686,BUY,6268
1640995206269000000,41071.12394557,31.68166146,BUY,6269
1640995206270000000,41069.46934112,46.76293847,BUY,6270
1640995206271000000,41066.46776482,49.76565459,BUY,6271
1640995206272000000,41066.15312717,32.28145086,BUY,6272
1640995206273000000,41063.77779893,107.17377896,SELL,6273
1640995206274000000,41065.19722647,42.74098601,SELL,6274
1640995206275000000,41069.74182071,76.82980561,SELL,6275
1640995206276000000,41065.51402395,73.49372271,BUY,6276
1640995206277000000,41067.42668104,23.01839741,BUY,6277
1640995206278000000,41067.90728672,46.43144532,BUY,6278
1640995206279000000,41065.38022312,93.91319306,SELL,6279
1640995206280000000,41067.52101517,74.97544410,BUY,6280
1640995206281000000,41068.40530250,79.24383070,SELL,6281
1640995206282000000,41066.72792317,54.45188559,BUY,6282
1640995206283000000,41066.90723001,36.04384944,BUY,6283
1640995206284000000,41072.86520095,104.22503513,SELL,6284
1640995206285000000,41070.78719145,98.26261568,SELL,6285
1640995206286000000,41068.68461585,11.58694358,SELL,6286
1640995206287000000,41065.45725508,24.42238169,BUY,6287
1640995206288000000,41066.04175698,72.32903120,SELL,6288
1640995206289000000,41062.32030589,14.55323404,BUY,6289
1640995206290000000,41064.90167043,86.65195369,BUY,6290
1640995206291000000,41076.06953207,14.82794299,BUY,6291
1640995206292000000,41082.30667849,70.25281212,SELL,6292
1640995206293000000,41089.48070362,56.98135192,SELL,6293
1640995206294000000,41091.70271497,16.22362858,BUY,6294
1640995206295000000,41090.29979572,21.80712330,SELL,6295
1640995206296000000,41085.40415551,84.54152655,BUY,6296
1640995206297000000,41085.48120296,78.91975686,SELL,6297
1640995206298000000,41089.90288943,14.09585811,BUY,6298
1640995206299000000,41101.64760406,99.95494502,SELL,6299
1640995206300000000,41099.41393290,29.43051298,SELL,6300
1640995206301000000,41090.77634188,37.19002038,SELL,6301
1640995206302000000,40267.20062449,95.43380790,BUY,6302
1640995206303000000,40265.93067301,58.12039498,BUY,6303
1640995206304000000,40261.34848406,78.56112610,SELL,6304
1640995206305000000,40261.43941807,43.13607450,SELL,6305
1640995206306000000,40261.42431742,91.72378570,SELL,6306
1640995206307000000,40256.11454698,76.21553148,BUY,6307
1640995206308000000,40257.73384117,92.34738336,BUY,6308
1640995206309000000,40255.99753257,81.40406201,SELL,6309
1640995206310000000,40250.24959777,44.15910261,BUY,6310
1640995206311000000,41045.75544166,50.37114451,SELL,6311
1640995206312000000,41043.49940671,87.20663915,SELL,6312
1640995206313000000,41049.64474934,11.20626486,BUY,6313
1640995206314000000,41053.12871678,86.96947782,SELL,6314
1640995206315000000,41052.89339034,79.85747230,SELL,6315
1640995206316000000,41054.00604073,17.18499420,SELL,6316
1640995206317000000,41054.99285006,33.92207671,BUY,6317
1640995206318000000,41054.63134505,45.89449430,BUY,6318
1640995206319000000,41051.52894572,73.12970216,SELL,6319
1640995206320000000,41056.36106499,82.23096293,SELL,6320
1640995206321000000,41057.66629594,82.54611076,BUY,6321
1640995206322000000,41055.22879390,98.30189145,BUY,6322
1640995206323000000,41057.71367347,21.40077913,SELL,6323
1640995206324000000,41049.39352314,101.53214808,BUY,6324
1640995206325000000,41050.19180255,22.46521693,BUY,6325
1640995206326000000,41055.84703892,29.61971695,BUY,6326
1640995206327000000,41055.31335606,28.09879007,SELL,6327
1640995206328000000,41053.46532059,51.68283978,SELL,6328
1640995206329000000,41874.64257499,93.07448058,BUY,6329
1640995206330000000,41877.80223381,18.66838516,BUY,6330
1640995206331000000,41883.24537465,93.61060031,SELL,6331
1640995206332000000,41875.83237140,34.62588845,BUY,6332
1640995206333000000,41880.92848729,81.74656394,SELL,6333
1640995206334000000,41880.77354970,14.89571770,SELL,6334
1640995206335000000,41890.37165354,75.08764563,SELL,6335
1640995206336000000,41889.09689635,71.31924874,BUY,6336
1640995206337000000,41888.77556117,95.88429926,BUY,6337
1640995206338000000,41887.72394764,36.80575118,SELL,6338
1640995206339000000,41889.89448909,93.16184003,SELL,6339
1640995206340000000,41891.19079709,66.16542125,SELL,6340
1640995206341000000,41891.96286996,22.52028823,SELL,6341
1640995206342000000,41895.08163308,37.36236214,SELL,6342
1640995206343000000,41896.75466810,72.82655232,BUY,6343
1640995206344000000,41897.88787576,62.50033200,SELL,6344
1640995206345000000,41892.98508412,103.61852133,SELL,6345
1640995206346000000,41898.91250214,41.12124711,BUY,6346
1640995206347000000,41897.21227021,43.60701680,BUY,6347
1640995206348000000,41901.75469765,58.65703759,SELL,6348
1640995206349000000,41904.95446585,84.06233064,BUY,6349
1640995206350000000,41906.34153546,69.23311094,BUY,6350
1640995206351000000,41904.01320927,105.69791910,SELL,6351
1640995206352000000,41902.45154363,70.27502264,BUY,6352
1640995206353000000,41909.91072300,33.31224819,BUY,6353
1640995206354000000,41908.41758546,21.54883821,SELL,6354
1640995206355000000,41904.78858044,15.16668417,SELL,6355
1640995206356000000,41903.78185184,26.92260200,BUY,6356
1640995206357000000,41903.51718064,61.56467071,BUY,6357
1640995206358000000,41913.85058751,95.31582792,BUY,6358
1640995206359000000,41913.29647085,93.26349571,SELL,6359
1640995206360000000,41913.23030599,105.22001268,SELL,6360
1640995206361000000,41909.29530181,109.78216964,SELL,6361
1640995206362000000,41910.20117091,14.02324392,SELL,6362
1640995206363000000,41909.73829578,96.84831716,BUY,6363
1640995206364000000,41909.40987997,109.29843854,SELL,6364
1640995206365000000,41911.95192857,98.65317232,BUY,6365
1640995206366000000,41907.83947039,41.54617240,BUY,6366
1640995206367000000,41902.30729166,66.13971099,SELL,6367
1640995206368000000,41900.79809853,21.51943066,SELL,6368
1640995206369000000,41904.82543008,106.89614507,SELL,6369
1640995206370000000,41910.43820811,68.65616552,SELL,6370
1640995206371000000,41908.50775439,66.71059796,BUY,6371
1640995206372000000,41905.16969232,20.19028282,BUY,6372
1640995206373000000,41901.74243299,96.45113888,SELL,6373
1640995206374000000,41900.83521346,10.48961982,SELL,6374
1640995206375000000,41907.94726856,35.21902090,BUY,6375
1640995206376000000,41908.71222249,87.76962152,SELL,6376
1640995206377000000,41904.51505951,74.42202909,BUY,6377
1640995206378000000,41901.85889277,56.97308398,SELL,6378
1640995206379000000,41896.39936610,54.56211730,BUY,6379
1640995206380000000,41894.83566808,55.63753195,SELL,6380
1640995206381000000,41895.71021380,64.07273771,SELL,6381
1640995206382000000,41898.15359843,45.07318893,SELL,6382
1640995206383000000,41902.58109874,49.67038671,BUY,6383
1640995206384000000,41900.97863139,61.08308826,BUY,6384
1640995206385000000,41900.58087124,15.39324726,SELL,6385
1640995206386000000,41902.66504824,45.35898335,SELL,6386
1640995206387000000,41904.52503605,79.72016658,BUY,6387
1640995206388000000,41906.36014616,40.24258403,SELL,6388
1640995206389000000,41906.86628282,26.45179816,SELL,6389
1640995206390000000,41904.87973218,85.06952982,BUY,6390
1640995206391000000,41906.82846874,84.36350503,SELL,6391
1640995206392000000,41908.48291058,70.25916341,BUY,6392
1640995206393000000,41907.23766953,54.03834352,BUY,6393
1640995206394000000,41904.47006578,41.19916206,SELL,6394
1640995206395000000,41903.59492330,69.41643005,BUY,6395
1640995206396000000,41909.28759911,102.23847117,SELL,6396
1640995206397000000,41907.43440149,23.48123896,SELL,6397
1640995206398000000,41907.07006618,59.59597030,SELL,6398
1640995206399000000,41897.84650063,76.50996266,BUY,6399
1640995206400000000,41896.27646340,95.64197949,SELL,6400
1640995206401000000,41891.31833263,102.23930554,SELL,6401
1640995206402000000,41893.93009531,86.86347376,BUY,6402
1640995206403000000,41892.50690542,82.82067868,SELL,6403
1640995206404000000,41893.48862016,108.55728920,SELL,6404
1640995206405000000,41894.76124972,39.89610946,SELL,6405
1640995206406000000,41891.56563855,65.23736873,BUY,6406
1640995206407000000,41893.99905818,98.89421532,SELL,6407
1640995206408000000,41889.42236865,39.21421591,SELL,6408
1640995206409000000,41884.70338251,57.92571343,BUY,6409
1640995206410000000,41887.79073718,70.75364854,BUY,6410
1640995206411000000,41892.95129335,99.16428960,SELL,6411
1640995206412000000,41897.02300885,63.11799833,BUY,6412
1640995206413000000,41896.62916514,56.21350419,BUY,6413
1640995206414000000,41897.12079249,91.77360010,SELL,6414
1640995206415000000,41891.47017211,57.63112649,SELL,6415
1640995206416000000,41889.15622217,99.06094478,BUY,6416
1640995206417000000,41890.06928402,12.38908663,SELL,6417
1640995206418000000,41895.02346425,29.94127719,BUY,6418
1640995206419000000,41900.83076850,59.66195672,SELL,6419
1640995206420000000,41903.98818363,81.80053377,SELL,6420
1640995206421000000,41904.68081501,20.76571439,BUY,6421
1640995206422000000,41907.71457486,23.07799952,SELL,6422
1640995206423000000,41900.03887706,35.50236418,SELL,6423
1640995206424000000,41903.63726285,31.07357517,BUY,6424
1640995206425000000,41899.24638104,90.79954870,BUY,6425
1640995206426000000,41901.33975043,107.70579912,SELL,6426
1640995206427000000,41896.23827889,17.35169078,BUY,6427
1640995206428000000,41891.94968530,108.26914825,SELL,6428
1640995206429000000,41892.32880099,107.40620805,BUY,6429
1640995206430000000,41886.64372967,91.91759031,SELL,6430
1640995206431000000,41892.12809903,10.18471190,SELL,6431
1640995206432000000,41899.50504051,77.82155807,SELL,6432
1640995206433000000,41894.95331738,80.26575623,SELL,6433
1640995206434000000,41891.55312047,10.91713422,SELL,6434
1640995206435000000,41888.05439127,96.59306506,SELL,6435
1640995206436000000,41885.20467933,80.31176920,BUY,6436
1640995206437000000,41886.48484109,77.30837743,BUY,6437
1640995206438000000,41887.57705046,63.98845865,SELL,6438
1640995206439000000,41885.01090105,93.66974842,SELL,6439
1640995206440000000,41885.34631779,22.44768878,SELL,6440
1640995206441000000,41880.65682061,85.11670346,SELL,6441
1640995206442000000,41881.18824434,63.19379183,SELL,6442
1640995206443000000,41869.84537092,90.81854177,SELL,6443
1640995206444000000,41865.00262041,23.07009148,BUY,6444
1640995206445000000,41863.34183355,105.38358547,BUY,6445
1640995206446000000,41857.85038912,44.84619137,BUY,6446
1640995206447000000,41853.89624315,72.05884629,SELL,6447
1640995206448000000,41843.74696637,61.15444505,SELL,6448
1640995206449000000,41840.19594353,71.28457814,BUY,6449
1640995206450000000,41848.17963117,89.75163789,SELL,6450
1640995206451000000,41850.31841707,16.15500462,SELL,6451
1640995206452000000,41852.55226288,50.74495622,SELL,6452
1640995206453000000,41848.78751752,49.78686009,BUY,6453
1640995206454000000,41855.09635672,36.53265676,BUY,6454
1640995206455000000,41854.45972436,91.65074779,BUY,6455
1640995206456000000,41857.35375941,63.23782474,SELL,6456
1640995206457000000,41862.58572581,58.21262967,SELL,6457
1640995206458000000,41862.27135541,10.99462176,SELL,6458
1640995206459000000,41863.31504042,31.53361183,SELL,6459
1640995206460000000,41863.91975442,36.96864032,BUY,6460
1640995206461000000,41856.76264168,83.34286097,SELL,6461
1640995206462000000,41849.98887166,109.08690127,SELL,6462
1640995206463000000,41852.23972514,85.82739114,BUY,6463
1640995206464000000,41846.48078916,33.06992458,BUY,6464
1640995206465000000,41845.69392117,108.40940086,SELL,6465
1640995206466000000,41847.64403950,103.52053800,BUY,6466
1640995206467000000,41850.42037172,25.68140460,SELL,6467
1640995206468000000,41848.73658956,107.42129013,BUY,6468
1640995206469000000,41850.60855082,76.44772981,BUY,6469
1640995206470000000,41856.52573704,67.33882800,SELL,6470
1640995206471000000,41861.59025881,89.41754076,SELL,6471
1640995206472000000,41855.43870955,30.94458645,BUY,6472
1640995206473000000,41858.40956093,30.65970691,SELL,6473
1640995206474000000,41859.73378754,67.99259037,BUY,6474
1640995206475000000,41861.80477087,66.52510496,SELL,6475
1640995206476000000,41869.87197583,87.65395063,SELL,6476
1640995206477000000,41866.39241031,36.13011110,SELL,6477
1640995206478000000,41863.23837756,29.25002417,BUY,6478
1640995206479000000,41862.60721814,78.23612629,SELL,6479
1640995206480000000,41856.94247488,43.26637754,SELL,6480
1640995206481000000,41858.73345145,15.27092793,BUY,6481
1640995206482000000,41857.85577370,57.44086925,BUY,6482
1640995206483000000,41850.62794642,63.00531918,BUY,6483
1640995206484000000,41847.52125637,60.75466660,SELL,6484
1640995206485000000,41842.80489925,87.90646557,BUY,6485
1640995206486000000,41848.84131204,100.62253191,BUY,6486
1640995206487000000,41855.98331499,92.03759486,BUY,6487
1640995206488000000,41851.71211647,99.14396862,SELL,6488
1640995206489000000,41851.57048247,79.86360730,BUY,6489
1640995206490000000,41847.22073872,22.58103088,BUY,6490
1640995206491000000,41851.30629761,57.81622602,BUY,6491
1640995206492000000,41846.35437760,53.55555985,BUY,6492
1640995206493000000,41845.95246327,35.40645633,BUY,6493
1640995206494000000,41846.49267537,93.50951029,SELL,6494
1640995206495000000,41842.77661223,93.75603736,BUY,6495
1640995206496000000,41844.84191310,74.78264560,BUY,6496
1640995206497000000,41847.39595534,41.77789731,SELL,6497
1640995206498000000,41848.82123424,95.45210587,SELL,6498
1640995206499000000,41840.89471309,58.76158694,SELL,6499
1640995206500000000,41840.98373486,45.19818825,SELL,6500
1640995206501000000,41841.66127491,49.86562975,SELL,6501
1640995206502000000,41839.19413957,53.76489420,SELL,6502
1640995206503000000,41829.14978049,17.22320861,SELL,6503
1640995206504000000,41829.33508010,17.46984645,BUY,6504
1640995206505000000,41829.78248739,44.66457240,SELL,6505
1640995206506000000,41827.76568281,45.12537269,BUY,6506
1640995206507000000,41824.29284619,28.78856106,BUY,6507
1640995206508000000,41825.63313276,89.43231369,SELL,6508
1640995206509000000,41824.16271583,54.51432009,SELL,6509
1640995206510000000,41827.14530595,11.70533180,BUY,6510
1640995206511000000,41829.06378720,72.40420221,SELL,6511
1640995206512000000,41829.08437719,19.11339441,BUY,6512
1640995206513000000,41827.95814972,16.48133608,SELL,6513
1640995206514000000,41826.79135774,97.20276988,BUY,6514
1640995206515000000,41834.92379563,102.51381724,BUY,6515
1640995206516000000,41839.51104359,28.31257390,SELL,6516
1640995206517000000,41835.56122844,104.44871775,BUY,6517
1640995206518000000,41836.33729309,38.02938313,SELL,6518
1640995206519000000,41835.16354661,84.42909862,SELL,6519
1640995206520000000,41834.13933745,27.57696332,SELL,6520
1640995206521000000,41830.42150900,109.75492488,SELL,6521
1640995206522000000,41823.57094554,13.90031095,SELL,6522
1640995206523000000,41822.49643691,36.23044655,BUY,6523
1640995206524000000,41819.20445690,72.88312691,BUY,6524
1640995206525000000,41820.38908467,96.61626400,BUY,6525
1640995206526000000,41819.39200486,108.01724192,SELL,6526
1640995206527000000,41818.69665575,43.82486071,BUY,6527
1640995206528000000,41824.13976847,43.06721581,BUY,6528
1640995206529000000,41823.27710581,99.44430344,BUY,6529
1640995206530000000,41825.95798048,43.73114724,SELL,6530
1640995206531000000,41835.16996279,50.80688260,BUY,6531
1640995206532000000,41828.18551868,48.98540874,SELL,6532
1640995206533000000,41824.85342283,11.28622177,SELL,6533
1640995206534000000,41824.92162438,62.92320852,SELL,6534
1640995206535000000,41828.85654270,105.04282774,BUY,6535
1640995206536000000,41834.85907349,20.47341386,BUY,6536
1640995206537000000,41834.47098527,69.56909606,SELL,6537
1640995206538000000,41833.52510973,87.72671470,SELL,6538
1640995206539000000,41830.04250534,42.96681053,SELL,6539
1640995206540000000,41823.82005395,59.50776378,SELL,6540
1640995206541000000,41823.48839257,34.91076029,SELL,6541
1640995206542000000,41824.21977961,100.54775311,SELL,6542
1640995206543000000,41827.86977706,92.04898555,BUY,6543
1640995206544000000,41829.49316393,15.07056913,BUY,6544
1640995206545000000,41828.92464532,92.65016036,BUY,6545
1640995206546000000,41831.96865566,107.16852481,BUY,6546
1640995206547000000,41831.64571362,97.54738791,BUY,6547
1640995206548000000,41838.92829930,48.03681262,SELL,6548
1640995206549000000,41833.95603560,71.97262782,BUY,6549
1640995206550000000,41837.66878651,71.98012163,BUY,6550
1640995206551000000,41833.98211952,10.78851734,BUY,6551
1640995206552000000,41833.05070359,103.86559977,BUY,6552
1640995206553000000,41836.12063513,26.21822031,BUY,6553
1640995206554000000,41836.23607113,28.32071848,SELL,6554
1640995206555000000,41833.35636661,61.56630755,BUY,6555
1640995206556000000,41837.32051971,102.13826886,SELL,6556
1640995206557000000,41840.46116323,19.86554298,SELL,6557
1640995206558000000,41846.01588762,100.85115048,BUY,6558
1640995206559000000,41850.93461392,53.74043086,BUY,6559
1640995206560000000,41851.46176242,22.47233592,BUY,6560
1640995206561000000,41846.86234390,43.53432302,SELL,6561
1640995206562000000,41841.72991597,31.85737539,BUY,6562
1640995206563000000,41849.16187030,45.76501824,BUY,6563
1640995206564000000,41841.41116081,107.70850345,BUY,6564
1640995206565000000,41837.59893605,59.92298852,BUY,6565
1640995206566000000,41844.65229041,29.52586157,BUY,6566
1640995206567000000,41843.09921920,41.90468461,BUY,6567
1640995206568000000,41850.60747937,85.84851436,BUY,6568
1640995206569000000,41855.81859090,70.43458104,BUY,6569
1640995206570000000,41860.17278664,39.77595799,BUY,6570
1640995206571000000,41859.06238201,64.67622294,SELL,6571
1640995206572000000,41856.95222110,15.01663032,BUY,6572
1640995206573000000,41861.87553280,56.01287180,BUY,6573
1640995206574000000,41856.87470269,94.78623820,SELL,6574
1640995206575000000,41854.16483938,21.32338498,BUY,6575
1640995206576000000,41853.18640733,52.22276780,SELL,6576
1640995206577000000,41847.66364254,24.66850097,BUY,6577
1640995206578000000,41848.66538146,37.70996224,BUY,6578
1640995206579000000,41847.16061992,88.31850537,BUY,6579
1640995206580000000,41845.10073942,50.54576149,BUY,6580
1640995206581000000,41841.94005790,53.02446065,SELL,6581
1640995206582000000,41846.78252261,41.46664204,SELL,6582
1640995206583000000,41846.22901567,84.13331678,SELL,6583
1640995206584000000,41840.29159883,17.09046607,BUY,6584
1640995206585000000,41834.02590528,22.91797125,BUY,6585
1640995206586000000,41832.75645420,95.53157985,BUY,6586
1640995206587000000,41828.35011918,106.55879775,BUY,6587
1640995206588000000,41834.64092387,19.31259609,SELL,6588
1640995206589000000,41833.75325422,93.59979102,SELL,6589
1640995206590000000,41837.02133409,77.90762821,SELL,6590
1640995206591000000,41834.77593761,64.93884861,BUY,6591
1640995206592000000,41835.33484681,106.41336590,SELL,6592
1640995206593000000,41838.13832015,39.36453859,BUY,6593
1640995206594000000,41831.75756744,23.97375312,SELL,6594
1640995206595000000,41825.49175055,28.49931940,SELL,6595
1640995206596000000,41828.24124882,94.42459344,BUY,6596
1640995206597000000,41824.88980385,54.76774052,SELL,6597
1640995206598000000,41827.83126517,103.63826313,SELL,6598
1640995206599000000,41827.70648347,90.78402821,SELL,6599
1640995206600000000,41825.79432641,25.51763060,BUY,6600
1640995206601000000,41830.43683551,26.53482675,BUY,6601
1640995206602000000,41832.75493497,32.43085485,SELL,6602
1640995206603000000,41831.45412372,82.67400602,SELL,6603
1640995206604000000,41834.73707309,43.51027670,SELL,6604
1640995206605000000,41831.25695649,31.32696026,BUY,6605
1640995206606000000,41831.69759134,57.29160665,BUY,6606
1640995206607000000,41829.56165958,72.68786019,SELL,6607
1640995206608000000,41837.02400292,28.84444718,SELL,6608
1640995206609000000,41836.83543859,71.68663781,BUY,6609
1640995206610000000,41837.13905591,29.14253386,BUY,6610
1640995206611000000,41836.67113798,106.87111010,SELL,6611
1640995206612000000,41837.31526406,76.59929486,SELL,6612
1640995206613000000,41835.24383352,23.51508769,BUY,6613
1640995206614000000,41840.33229943,25.32736534,SELL,6614
1640995206615000000,41839.89417811,35.17570555,BUY,6615
1640995206616000000,41839.86201893,69.98950385,SELL,6616
1640995206617000000,41837.97140373,60.40258172,BUY,6617
1640995206618000000,40992.78127508,22.19972480,SELL,6618
1640995206619000000,40991.92442138,99.30360569,SELL,6619
1640995206620000000,40991.40270611,18.31190198,BUY,6620
1640995206621000000,41000.23077908,33.51821757,BUY,6621
1640995206622000000,41002.72063386,69.07369419,SELL,6622
1640995206623000000,40997.50951127,108.17077728,BUY,6623
1640995206624000000,40993.64922952,48.67344418,BUY,6624
1640995206625000000,40995.15001431,44.27129137,BUY,6625
1640995206626000000,40987.57763587,85.69542625,SELL,6626
1640995206627000000,40990.09112811,14.25569830,SELL,6627
1640995206628000000,40986.64636670,40.06918940,SELL,6628
1640995206629000000,40989.19196435,82.20157612,SELL,6629
1640995206630000000,40989.97607720,76.96443136,BUY,6630
1640995206631000000,40985.23169174,11.83558135,BUY,6631
1640995206632000000,40980.03906851,69.33932596,BUY,6632
1640995206633000000,40984.27932133,25.15702312,SELL,6633
1640995206634000000,40980.67618410,106.93930174,SELL,6634
1640995206635000000,40985.05903021,74.77775874,SELL,6635
1640995206636000000,40989.81720559,27.17588951,SELL,6636
1640995206637000000,40994.05646410,75.38291168,SELL,6637
1640995206638000000,40997.79003293,91.91128508,BUY,6638
1640995206639000000,40999.67691705,78.41204047,SELL,6639
1640995206640000000,40997.50816503,97.93901375,SELL,6640
1640995206641000000,40993.95588798,79.70113048,SELL,6641
1640995206642000000,40988.40084555,24.76936793,BUY,6642
1640995206643000000,40983.65212378,11.88869728,BUY,6643
1640995206644000000,40992.02270675,18.98874293,BUY,6644
1640995206645000000,40993.32065161,103.20615039,SELL,6645
1640995206646000000,40996.17820624,109.08146035,BUY,6646
1640995206647000000,40998.66454307,79.27241459,SELL,6647
1640995206648000000,41006.38733094,81.76023233,SELL,6648
1640995206649000000,41009.11397065,24.69823581,SELL,6649
1640995206650000000,41002.75515086,43.27619820,SELL,6650
1640995206651000000,41001.03747706,48.59417733,SELL,6651
1640995206652000000,41001.69654050,68.54727873,BUY,6652
1640995206653000000,40998.32140516,81.11802766,SELL,6653
1640995206654000000,40999.78285714,90.52474571,BUY,6654
1640995206655000000,40996.02644678,77.36656880,SELL,6655
1640995206656000000,40998.84371163,13.27186621,SELL,6656
1640995206657000000,41003.09107623,63.00720698,BUY,6657
1640995206658000000,41007.10615429,100.42236188,SELL,6658
1640995206659000000,41014.10977602,10.81020214,SELL,6659
1640995206660000000,41015.16444875,106.98922336,BUY,6660
1640995206661000000,41010.80495364,33.38144869,BUY,6661
1640995206662000000,41005.49475442,107.78374130,BUY,6662
1640995206663000000,41005.18131622,71.09099029,SELL,6663
1640995206664000000,41005.27885236,10.46752493,SELL,6664
1640995206665000000,41009.52678539,89.95821272,SELL,6665
1640995206666000000,41006.71213569,41.29220430,BUY,6666
1640995206667000000,41004.06783056,103.28105973,SELL,6667
1640995206668000000,41008.60141182,103.52571336,SELL,6668
1640995206669000000,41006.68253452,96.62038649,SELL,6669
1640995206670000000,41003.24960862,31.57297029,BUY,6670
1640995206671000000,41004.46801703,98.16357188,BUY,6671
1640995206672000000,40995.04385586,85.91412626,BUY,6672
1640995206673000000,40986.76985451,40.94017557,SELL,6673
1640995206674000000,40985.74202867,62.83471008,BUY,6674
1640995206675000000,40983.46043842,63.68111410,SELL,6675
1640995206676000000,40984.31810152,63.36406080,BUY,6676
1640995206677000000,40985.43864889,78.73707139,SELL,6677
1640995206678000000,40982.62738389,48.45743795,BUY,6678
1640995206679000000,40982.67443024,43.28342382,SELL,6679
1640995206680000000,40978.56127339,80.26289018,BUY,6680
1640995206681000000,40984.88627208,88.39194684,BUY,6681
1640995206682000000,40982.03850496,39.90426686,BUY,6682
1640995206683000000,40977.29598923,85.47155400,SELL,6683
1640995206684000000,41791.21768384,43.20877213,SELL,6684
1640995206685000000,41791.62665966,102.53756795,BUY,6685
1640995206686000000,41791.62949589,33.15513124,SELL,6686
1640995206687000000,41794.80134854,49.22442136,SELL,6687
1640995206688000000,41790.06828609,105.83126562,BUY,6688
1640995206689000000,41784.41802361,102.47077290,BUY,6689
1640995206690000000,41786.13514572,98.37702495,BUY,6690
1640995206691000000,41789.66272901,97.66436881,SELL,6691
1640995206692000000,41790.06528562,73.63599262,BUY,6692
1640995206693000000,41786.48229841,96.06854718,SELL,6693
1640995206694000000,41792.39472358,83.04918021,BUY,6694
1640995206695000000,41793.99897475,97.43064658,SELL,6695
1640995206696000000,41791.45834276,90.74441027,SELL,6696
1640995206697000000,41788.74378594,28.53540757,SELL,6697
1640995206698000000,41784.55952336,67.66245593,SELL,6698
1640995206699000000,41774.89456071,42.82896567,SELL,6699
1640995206700000000,41777.42059247,43.41480466,BUY,6700
1640995206701000000,41778.96490686,17.01009822,SELL,6701
1640995206702000000,41778.87205690,37.24515953,SELL,6702
1640995206703000000,41784.15556651,12.85018746,SELL,6703
1640995206704000000,41787.06140460,20.57654233,SELL,6704
1640995206705000000,41785.75081454,19.90819152,BUY,6705
1640995206706000000,41782.36835433,14.08297008,BUY,6706
1640995206707000000,41781.69503223,71.65939647,BUY,6707
1640995206708000000,41785.26479328,109.42266677,SELL,6708
1640995206709000000,41783.64093408,105.84782858,BUY,6709
1640995206710000000,41778.59302943,13.71462614,BUY,6710
1640995206711000000,41777.81501203,30.11894951,SELL,6711
1640995206712000000,41776.13387759,39.45066114,BUY,6712
1640995206713000000,41777.47494699,39.68825221,SELL,6713
1640995206714000000,41783.52964573,109.97402972,SELL,6714
1640995206715000000,41783.27683265,89.69466329,SELL,6715
1640995206716000000,41792.93850021,90.62241934,BUY,6716
1640995206717000000,41790.93356079,82.21201920,BUY,6717
1640995206718000000,41791.38777359,85.84902916,BUY,6718
1640995206719000000,41788.56943446,61.93790582,SELL,6719
1640995206720000000,41795.42426838,27.27967653,SELL,6720
1640995206721000000,41787.00623086,41.61373087,BUY,6721
1640995206722000000,41786.67852490,18.48083745,SELL,6722
1640995206723000000,41785.23802714,100.45761138,BUY,6723
1640995206724000000,41788.29182510,56.94758133,SELL,6724
1640995206725000000,41786.49046995,30.85077556,BUY,6725
1640995206726000000,41786.85481424,95.05832778,SELL,6726
1640995206727000000,41788.39102717,63.64258935,SELL,6727
1640995206728000000,41788.00026321,96.19854940,SELL,6728
1640995206729000000,41780.82314629,41.01998119,BUY,6729
1640995206730000000,41778.97345614,90.71086454,SELL,6730
1640995206731000000,41780.72118011,98.22312558,SELL,6731
1640995206732000000,41781.01670010,100.16750034,BUY,6732
1640995206733000000,41782.90522332,68.19780478,SELL,6733
1640995206734000000,41781.42337202,33.61095718,BUY,6734
1640995206735000000,41787.88790641,44.91168732,BUY,6735
1640995206736000000,41787.61033451,106.87726408,SELL,6736
1640995206737000000,41781.37115151,12.52852306,SELL,6737
1640995206738000000,41782.75490517,101.14301613,BUY,6738
1640995206739000000,41787.69137130,73.12340562,BUY,6739
1640995206740000000,41785.31966085,58.37335360,SELL,6740
1640995206741000000,41785.00958355,85.33342404,BUY,6741
1640995206742000000,41789.55715838,74.74463846,SELL,6742
1640995206743000000,41787.92063247,70.12180408,SELL,6743
1640995206744000000,41791.98912057,26.92355649,SELL,6744
1640995206745000000,41794.28027937,53.27562111,BUY,6745
1640995206746000000,41791.73621318,60.86525641,SELL,6746
1640995206747000000,41791.20298450,78.86167321,BUY,6747
1640995206748000000,41793.25526841,83.72862768,SELL,6748
1640995206749000000,41786.55470474,85.04247946,SELL,6749
1640995206750000000,41792.25988280,55.14187664,BUY,6750
1640995206751000000,41789.02781823,53.10883916,SELL,6751
1640995206752000000,41787.21954184,44.39038107,SELL,6752
1640995206753000000,41790.97389330,14.38281980,SELL,6753
1640995206754000000,41790.43529384,70.38944141,SELL,6754
1640995206755000000,41783.61274744,37.72755070,SELL,6755
1640995206756000000,41787.40639835,86.35400992,BUY,6756
1640995206757000000,41791.13827020,42.04773562,SELL,6757
1640995206758000000,41791.66942106,66.42590400,BUY,6758
1640995206759000000,41791.93620996,74.77687334,BUY,6759
1640995206760000000,41792.29356364,70.62016977,SELL,6760
1640995206761000000,41793.64285221,32.87483497,SELL,6761
1640995206762000000,41790.54390827,62.54268382,BUY,6762
1640995206763000000,41793.17033775,83.56107173,BUY,6763
1640995206764000000,41788.88887679,13.47505253,BUY,6764
1640995206765000000,41793.37950130,56.49393620,BUY,6765
1640995206766000000,41791.44177247,106.92039077,SELL,6766
1640995206767000000,41786.54532420,90.13787514,BUY,6767
1640995206768000000,41781.60493638,55.80162950,SELL,6768
1640995206769000000,41777.53841441,98.36144497,BUY,6769
1640995206770000000,41777.16361163,83.78853047,BUY,6770
1640995206771000000,41779.67527839,14.25601882,BUY,6771
1640995206772000000,41782.52735227,92.23504338,SELL,6772
1640995206773000000,41792.02376409,49.80534326,SELL,6773
1640995206774000000,41790.63982872,34.05098484,BUY,6774
1640995206775000000,41790.20934669,26.68524427,BUY,6775
1640995206776000000,41790.25855300,96.77846515,SELL,6776
1640995206777000000,41789.15549686,37.91361074,BUY,6777
1640995206778000000,41790.06526904,19.60474535,SELL,6778
1640995206779000000,41794.17217721,75.00935181,BUY,6779
1640995206780000000,41802.27787040,24.39573124,BUY,6780
1640995206781000000,41807.32322833,37.36795785,BUY,6781
1640995206782000000,41804.22387964,84.42373941,SELL,6782
1640995206783000000,41799.51407713,54.28726212,SELL,6783
1640995206784000000,41798.96225497,17.55616218,BUY,6784
1640995206785000000,41800.96176684,27.57804469,SELL,6785
1640995206786000000,41801.72556606,25.98569767,SELL,6786
1640995206787000000,41805.94590078,34.24849160,BUY,6787
1640995206788000000,41807.62108886,89.56656507,SELL,6788
1640995206789000000,41804.60460128,104.34210250,SELL,6789
1640995206790000000,41802.30804615,31.51090236,BUY,6790
1640995206791000000,41806.85372461,13.47108565,BUY,6791
1640995206792000000,41803.74070949,10.00250746,SELL,6792
1640995206793000000,41811.84800564,61.27161861,SELL,6793
1640995206794000000,41816.96334245,26.03504405,BUY,6794
1640995206795000000,41812.13060114,106.88823773,SELL,6795
1640995206796000000,41818.11021776,81.83052186,SELL,6796
1640995206797000000,41817.08556544,76.45785398,SELL,6797
1640995206798000000,41814.99982023,82.81068874,BUY,6798
1640995206799000000,41813.73356124,36.39600205,SELL,6799
1640995206800000000,41812.54154899,38.24995053,BUY,6800
1640995206801000000,41813.70546537,96.62287427,BUY,6801
1640995206802000000,41812.18187414,83.18296753,BUY,6802
1640995206803000000,41804.12850220,56.49922697,BUY,6803
1640995206804000000,41802.72331844,65.42654030,BUY,6804
1640995206805000000,41806.54250233,76.34111524,SELL,6805
1640995206806000000,41803.45619628,90.65179850,BUY,6806
1640995206807000000,41804.36314708,22.32227313,BUY,6807
1640995206808000000,41802.97439358,85.33623741,SELL,6808
1640995206809000000,41806.26398816,68.16841495,BUY,6809
1640995206810000000,41804.85999652,82.84048646,SELL,6810
1640995206811000000,41804.45008586,79.35861702,BUY,6811
1640995206812000000,41807.73324362,75.02886699,SELL,6812
1640995206813000000,41807.62359243,59.83522370,SELL,6813
1640995206814000000,41809.39490100,32.94573505,SELL,6814
1640995206815000000,41808.13915417,101.81074947,SELL,6815
1640995206816000000,41805.25852999,24.05372510,SELL,6816
1640995206817000000,41804.76791886,90.04609557,SELL,6817
1640995206818000000,41806.10399620,57.72156245,BUY,6818
1640995206819000000,41814.42168473,21.42449353,BUY,6819
1640995206820000000,41819.04736021,100.61631231,SELL,6820
1640995206821000000,41821.94126909,42.98694065,SELL,6821
1640995206822000000,41825.35802054,15.67393441,SELL,6822
1640995206823000000,41826.26661675,34.52565570,SELL,6823
1640995206824000000,41827.65745411,73.37353218,BUY,6824
1640995206825000000,41823.27887804,58.84227875,SELL,6825
1640995206826000000,41826.50792258,87.38237039,BUY,6826
1640995206827000000,41829.82531471,101.47129432,BUY,6827
1640995206828000000,41831.81989588,60.95384619,SELL,6828
1640995206829000000,41829.04280452,28.58880572,BUY,6829
1640995206830000000,41832.63058711,13.93159048,SELL,6830
1640995206831000000,41825.05722827,87.99947338,BUY,6831
1640995206832000000,41830.54331365,26.44656573,SELL,6832
1640995206833000000,41832.29095351,74.32661733,BUY,6833
1640995206834000000,41835.21072624,22.29245628,BUY,6834
1640995206835000000,41832.63673378,68.40592703,BUY,6835
1640995206836000000,41837.52945905,66.81628440,SELL,6836
1640995206837000000,41843.23312335,106.36302101,SELL,6837
1640995206838000000,41838.19505310,89.96860305,SELL,6838
1640995206839000000,41845.22913876,102.31042735,SELL,6839
1640995206840000000,41847.85520304,43.19490820,BUY,6840
1640995206841000000,41843.32588466,70.69030075,SELL,6841
1640995206842000000,41838.57657565,25.96731512,BUY,6842
1640995206843000000,41841.82441177,57.02698436,BUY,6843
1640995206844000000,41845.74165811,84.03715954,BUY,6844
1640995206845000000,41840.72098844,54.42867996,BUY,6845
1640995206846000000,41841.32006655,32.39996803,SELL,6846
1640995206847000000,41847.43916476,91.23242518,BUY,6847
1640995206848000000,41844.48151647,21.46884521,SELL,6848
1640995206849000000,41838.15790243,62.37540444,SELL,6849
1640995206850000000,41845.50254060,71.01381753,BUY,6850
1640995206851000000,41840.23861264,84.80972759,SELL,6851
1640995206852000000,41842.81281863,64.03155836,BUY,6852
1640995206853000000,41844.41220928,39.32144355,SELL,6853
1640995206854000000,41845.63074156,37.93541836,SELL,6854
1640995206855000000,41850.68612275,106.39613413,BUY,6855
1640995206856000000,41849.13475632,15.57658346,SELL,6856
1640995206857000000,41847.54147180,87.73233614,SELL,6857
1640995206858000000,41842.36247561,18.12593876,BUY,6858
1640995206859000000,41839.48886606,33.72262890,SELL,6859
1640995206860000000,41844.48309873,92.44364683,BUY,6860
1640995206861000000,41840.33824560,64.33847310,BUY,6861
1640995206862000000,41836.78133086,82.95474712,SELL,6862
1640995206863000000,41842.06067583,69.32555177,SELL,6863
1640995206864000000,41838.67628694,68.12221385,SELL,6864
1640995206865000000,41833.59269340,20.60802143,SELL,6865
1640995206866000000,41836.18101212,81.87750420,SELL,6866
1640995206867000000,41844.07229515,11.46315355,SELL,6867
1640995206868000000,41847.75526495,84.34216632,SELL,6868
1640995206869000000,41860.53657680,32.47112492,SELL,6869
1640995206870000000,41848.97303041,13.96473023,BUY,6870
1640995206871000000,41853.92390623,59.43592067,BUY,6871
1640995206872000000,41854.39663675,14.86535149,BUY,6872
1640995206873000000,41855.37316683,79.09523760,BUY,6873
1640995206874000000,41851.74599593,92.06451246,BUY,6874
1640995206875000000,41850.15796811,37.06121893,SELL,6875
1640995206876000000,41854.81733441,21.91965387,BUY,6876
1640995206877000000,41860.41496390,81.01183835,SELL,6877
1640995206878000000,41858.04986710,76.66047849,SELL,6878
1640995206879000000,41853.46451846,82.83511721,BUY,6879
1640995206880000000,41852.72719914,47.99737463,BUY,6880
1640995206881000000,41855.53740853,89.54562955,SELL,6881
1640995206882000000,41854.42867907,20.88029917,BUY,6882
1640995206883000000,41858.67900492,107.79216009,SELL,6883
1640995206884000000,41865.86398464,22.14209610,SELL,6884
1640995206885000000,41867.25553642,64.30218266,BUY,6885
1640995206886000000,41870.28241103,94.54278254,SELL,6886
1640995206887000000,41872.02321629,78.04506276,BUY,6887
1640995206888000000,41882.47945843,31.50875313,BUY,6888
1640995206889000000,41881.15253649,22.80981308,SELL,6889
1640995206890000000,41877.56752588,56.41434840,BUY,6890
1640995206891000000,41875.24548167,47.57621189,SELL,6891
1640995206892000000,41877.53291808,89.92479952,BUY,6892
1640995206893000000,41877.43619412,107.22026133,SELL,6893
1640995206894000000,41872.24065743,63.29458430,SELL,6894
1640995206895000000,41865.58247633,18.78594822,SELL,6895
1640995206896000000,41862.60695833,66.78883206,SELL,6896
1640995206897000000,41855.21406610,101.67376433,BUY,6897
1640995206898000000,41850.69920241,60.77959695,SELL,6898
1640995206899000000,41851.78002476,23.25806601,BUY,6899
1640995206900000000,41856.61782974,72.74843297,SELL,6900
1640995206901000000,41860.46087779,97.18733592,BUY,6901
1640995206902000000,41862.44299265,58.92552367,BUY,6902
1640995206903000000,41857.35124097,90.63643051,SELL,6903
1640995206904000000,41857.42502589,96.25511579,BUY,6904
1640995206905000000,41852.69915654,11.16196716,BUY,6905
1640995206906000000,41846.42544175,72.39094298,BUY,6906
1640995206907000000,41848.23449965,51.97740435,BUY,6907
1640995206908000000,41856.44710236,95.10838545,BUY,6908
1640995206909000000,41852.77585906,20.63436315,BUY,6909
1640995206910000000,41852.43127401,104.80976428,SELL,6910
1640995206911000000,41849.16501189,69.27843750,BUY,6911
1640995206912000000,41845.18856564,93.87028265,BUY,6912
1640995206913000000,41840.02584694,44.42324673,BUY,6913
1640995206914000000,41838.86450278,41.26907725,SELL,6914
1640995206915000000,41832.83484531,33.30471577,SELL,6915
1640995206916000000,41829.00027798,58.51595020,BUY,6916
1640995206917000000,41833.70320559,69.09538239,BUY,6917
1640995206918000000,41832.05760356,18.15148190,BUY,6918
1640995206919000000,41833.67923771,107.60311881,SELL,6919
1640995206920000000,41836.17941238,80.30456588,SELL,6920
1640995206921000000,41836.32194730,37.21978496,SELL,6921
1640995206922000000,41829.93820996,21.65114563,BUY,6922
1640995206923000000,41826.68027296,93.74231469,SELL,6923
1640995206924000000,41816.33951336,89.58046847,BUY,6924
1640995206925000000,41818.53812577,66.19601064,BUY,6925
1640995206926000000,41822.87232591,69.48350845,BUY,6926
1640995206927000000,41819.95057597,54.59660326,SELL,6927
1640995206928000000,41818.45868824,22.36818934,BUY,6928
1640995206929000000,41816.57087845,93.37118946,BUY,6929
1640995206930000000,41819.71727837,56.11066737,SELL,6930
1640995206931000000,41820.80761910,41.32550406,SELL,6931
1640995206932000000,41822.81981097,44.08586960,BUY,6932
1640995206933000000,41819.73587326,80.22291810,BUY,6933
1640995206934000000,41827.90953466,94.14804721,BUY,6934
1640995206935000000,41830.01694290,89.67333623,SELL,6935
1640995206936000000,41834.95520472,44.80217233,SELL,6936
1640995206937000000,41832.54348285,77.67377608,BUY,6937
1640995206938000000,41832.78284942,34.36525888,SELL,6938
1640995206939000000,41830.61792781,101.68197874,SELL,6939
1640995206940000000,41826.08562749,33.83190958,BUY,6940
1640995206941000000,41832.01206328,81.62182970,BUY,6941
1640995206942000000,41834.77101561,107.72094362,BUY,6942
1640995206943000000,41824.29256574,29.87944618,SELL,6943
1640995206944000000,41823.39559234,107.34665488,SELL,6944
1640995206945000000,41826.45599478,52.46175008,SELL,6945
1640995206946000000,41825.33838838,48.96414032,SELL,6946
1640995206947000000,40991.20358260,71.45702803,SELL,6947
1640995206948000000,40989.95791961,90.64780189,SELL,6948
1640995206949000000,40985.14113710,89.34146498,SELL,6949
1640995206950000000,40990.43020848,52.18268856,SELL,6950
1640995206951000000,40990.90860059,56.44645364,BUY,6951
1640995206952000000,40988.93023821,22.07971908,SELL,6952
1640995206953000000,40983.44898646,52.41325470,BUY,6953
1640995206954000000,40994.10448304,69.95793045,SELL,6954
1640995206955000000,40996.22454478,26.34708791,SELL,6955
1640995206956000000,40992.07436074,10.03234421,SELL,6956
1640995206957000000,40994.99114527,98.10494932,BUY,6957
1640995206958000000,40994.21907916,26.54882113,BUY,6958
1640995206959000000,41000.51797843,31.06002665,SELL,6959
1640995206960000000,41002.27316170,89.27663624,BUY,6960
1640995206961000000,41001.46178788,108.34039292,SELL,6961
1640995206962000000,40997.66335123,11.53979990,SELL,6962
1640995206963000000,40999.16695728,10.95254432,SELL,6963
1640995206964000000,40996.43185354,52.63225351,SELL,6964
1640995206965000000,40995.35216681,42.93210665,SELL,6965
1640995206966000000,40171.83046528,109.24574138,SELL,6966
1640995206967000000,40172.25791780,31.02746709,SELL,6967
1640995206968000000,40168.51225155,104.72149279,BUY,6968
1640995206969000000,40167.35599442,65.17136241,BUY,6969
1640995206970000000,40167.90279967,21.71653043,BUY,6970
1640995206971000000,40159.85230972,70.22884737,SELL,6971
1640995206972000000,40161.79896763,82.92952177,SELL,6972
1640995206973000000,40159.67304974,75.85902518,SELL,6973
1640995206974000000,40159.63790002,21.25547909,BUY,6974
1640995206975000000,40162.10691160,72.16205718,SELL,6975
1640995206976000000,40164.68793580,54.62640510,BUY,6976
1640995206977000000,40169.89910356,53.17489036,BUY,6977
1640995206978000000,40169.99514576,26.49982422,SELL,6978
1640995206979000000,40166.70352945,48.43378820,SELL,6979
1640995206980000000,40171.13737069,53.91798790,SELL,6980
1640995206981000000,40176.23072907,72.71729076,SELL,6981
1640995206982000000,40177.75661723,86.04234241,BUY,6982
1640995206983000000,40171.75981470,71.14078219,BUY,6983
1640995206984000000,40163.69965491,34.58182778,SELL,6984
1640995206985000000,40168.75934136,86.57352900,SELL,6985
1640995206986000000,40167.43417099,78.80358990,BUY,6986
1640995206987000000,40164.62421554,85.23131744,BUY,6987
1640995206988000000,40164.22453090,67.11092950,BUY,6988
1640995206989000000,40165.85475418,81.38710230,SELL,6989
1640995206990000000,40162.51339626,55.61204587,SELL,6990
1640995206991000000,40161.73243986,105.35448911,BUY,6991
1640995206992000000,40165.13365748,52.34196227,SELL,6992
1640995206993000000,40165.59580995,22.91122970,SELL,6993
1640995206994000000,40168.25397003,27.06329627,SELL,6994
1640995206995000000,40159.46057661,55.88027908,BUY,6995
1640995206996000000,40156.99825509,27.83509483,SELL,6996
1640995206997000000,40154.11276591,78.00472193,BUY,6997
1640995206998000000,40152.95555254,40.28941355,SELL,6998
1640995206999000000,40149.50449986,109.84708687,BUY,6999
1640995207000000000,40152.10504940,75.30416416,BUY,7000
1640995207001000000,40154.40910283,83.59510193,BUY,7001
1640995207002000000,40150.83638243,11.71430023,BUY,7002
1640995207003000000,40148.95358044,92.33287024,SELL,7003
1640995207004000000,40141.89489373,54.93109376,SELL,7004
1640995207005000000,40136.79102663,68.18497601,SELL,7005
1640995207006000000,40137.96461802,106.63268414,BUY,7006
1640995207007000000,40141.47944109,87.70069524,BUY,7007
1640995207008000000,40144.24765920,79.09262621,SELL,7008
1640995207009000000,40142.64506088,108.85090194,BUY,7009
1640995207010000000,40150.85719769,46.97115335,BUY,7010
1640995207011000000,40153.10862324,46.77919005,SELL,7011
1640995207012000000,40146.20378900,93.51430031,SELL,7012
1640995207013000000,40143.75339941,12.64875914,SELL,7013
1640995207014000000,40151.30826716,85.20062805,SELL,7014
1640995207015000000,40143.89307615,70.27300594,SELL,7015
1640995207016000000,40141.96661436,25.41569093,SELL,7016
1640995207017000000,40153.61726835,88.67663007,BUY,7017
1640995207018000000,40151.06343713,70.68614203,BUY,7018
1640995207019000000,40148.91632488,53.56287723,BUY,7019
1640995207020000000,40155.42621206,81.45790223,SELL,7020
1640995207021000000,40155.11457554,62.96512909,BUY,7021
1640995207022000000,40160.37592222,36.10553242,SELL,7022
1640995207023000000,40164.38895630,28.08644923,SELL,7023
1640995207024000000,40165.60171204,95.95297990,SELL,7024
1640995207025000000,40164.71316504,100.31540808,BUY,7025
1640995207026000000,40168.28916385,86.50354293,SELL,7026
1640995207027000000,40168.47881855,10.94406274,SELL,7027
1640995207028000000,40174.57304048,94.30338124,SELL,7028
1640995207029000000,40175.60930970,52.12378139,BUY,7029
1640995207030000000,40173.02513032,37.90372978,BUY,7030
1640995207031000000,40177.62632316,22.53274947,BUY,7031
1640995207032000000,40169.82463639,60.41732615,BUY,7032
1640995207033000000,40172.05851815,53.37817519,BUY,7033
1640995207034000000,40169.00606081,94.75200045,BUY,7034
1640995207035000000,40170.16645567,47.84864847,BUY,7035
1640995207036000000,40166.22519693,62.33163863,SELL,7036
1640995207037000000,40171.38262691,68.28245903,SELL,7037
1640995207038000000,40181.45212472,49.11648000,SELL,7038
1640995207039000000,40179.31129206,30.89245611,BUY,7039
1640995207040000000,40180.87255150,78.00236391,SELL,7040
1640995207041000000,40174.38670701,19.21286326,BUY,7041
1640995207042000000,40175.49298844,53.16885481,SELL,7042
1640995207043000000,40167.37839243,30.04175700,SELL,7043
1640995207044000000,40166.57278407,29.03024789,SELL,7044
1640995207045000000,40172.44976792,14.01393725,SELL,7045
1640995207046000000,40169.99255015,63.12480493,SELL,7046
1640995207047000000,40173.45716181,26.15253501,SELL,7047
1640995207048000000,40179.12578295,44.47066228,BUY,7048
1640995207049000000,40175.20564958,31.26319859,SELL,7049
1640995207050000000,40179.95603538,83.35696283,BUY,7050
1640995207051000000,40182.10471348,55.56557396,BUY,7051
1640995207052000000,40180.80692344,36.90911356,BUY,7052
1640995207053000000,40181.19651655,20.52036153,SELL,7053
1640995207054000000,40174.20033987,64.01627152,SELL,7054
1640995207055000000,40168.92856594,87.46409640,SELL,7055
1640995207056000000,40168.08977632,89.80356430,BUY,7056
1640995207057000000,40168.51907875,54.61656134,SELL,7057
1640995207058000000,40169.14575286,27.26995285,SELL,7058
1640995207059000000,40172.68956268,90.53352938,BUY,7059
1640995207060000000,40168.41857312,79.54931725,BUY,7060
1640995207061000000,40166.40906224,61.07433035,SELL,7061
1640995207062000000,40172.45787391,76.63661675,SELL,7062
1640995207063000000,40171.88140040,81.08046106,BUY,7063
1640995207064000000,40169.59225037,46.15959222,SELL,7064
1640995207065000000,40171.87437760,48.60283309,SELL,7065
1640995207066000000,40176.20833264,53.09710428,SELL,7066
1640995207067000000,40174.86697245,15.55374757,BUY,7067
1640995207068000000,40176.64312406,25.77205612,BUY,7068
1640995207069000000,40175.47907792,16.45143792,SELL,7069
1640995207070000000,40172.37388455,18.93728749,SELL,7070
1640995207071000000,40170.04440445,39.35708141,BUY,7071
1640995207072000000,40175.50987174,101.82621865,BUY,7072
1640995207073000000,40175.48266014,66.15632986,BUY,7073
1640995207074000000,40172.68862513,61.49348071,SELL,7074
1640995207075000000,40175.51178138,39.57068159,SELL,7075
1640995207076000000,40171.80549285,71.28422558,BUY,7076
1640995207077000000,40174.41139609,48.36903570,BUY,7077
1640995207078000000,40175.49300925,18.21979959,BUY,7078
1640995207079000000,40168.65231951,98.71960105,BUY,7079
1640995207080000000,40170.01085238,44.63583722,BUY,7080
1640995207081000000,40165.34417975,51.96153007,BUY,7081
1640995207082000000,40166.58688170,47.21671719,SELL,7082
1640995207083000000,40164.14779441,53.62672968,BUY,7083
1640995207084000000,40159.88153951,55.38074223,SELL,7084
1640995207085000000,40158.38016083,103.54514772,SELL,7085
1640995207086000000,40153.26362689,69.86598734,SELL,7086
1640995207087000000,40154.09817090,59.44636988,BUY,7087
1640995207088000000,40149.74155077,72.05321321,BUY,7088
1640995207089000000,40143.09425670,89.81944399,SELL,7089
1640995207090000000,40142.94182589,40.80904947,BUY,7090
1640995207091000000,40144.45800466,35.71139403,SELL,7091
1640995207092000000,40139.48006995,32.38562529,BUY,7092
1640995207093000000,40133.53673482,102.54461766,BUY,7093
1640995207094000000,40127.89077390,93.86896238,SELL,7094
1640995207095000000,40131.23384226,90.14376106,BUY,7095
1640995207096000000,40132.87844314,29.53646208,SELL,7096
1640995207097000000,40131.03797985,61.05456654,SELL,7097
1640995207098000000,40127.34051685,98.53970405,SELL,7098
1640995207099000000,40139.23994000,29.04134235,SELL,7099
1640995207100000000,40136.61418519,101.41505264,SELL,7100
1640995207101000000,40140.89965381,26.74386540,BUY,7101
1640995207102000000,40137.45611624,11.07757795,BUY,7102
1640995207103000000,40132.19796166,47.11805669,SELL,7103
1640995207104000000,40132.38567238,50.15121247,SELL,7104
1640995207105000000,40134.49589445,90.62408574,BUY,7105
1640995207106000000,40142.45949119,89.03054510,SELL,7106
1640995207107000000,40141.26437068,28.12150563,SELL,7107
1640995207108000000,40147.28207272,88.46956163,BUY,7108
1640995207109000000,40143.40612568,39.04188434,BUY,7109
1640995207110000000,40136.68415766,28.02901534,BUY,7110
1640995207111000000,40138.01493968,72.59740356,BUY,7111
1640995207112000000,40135.30324710,45.05110311,SELL,7112
1640995207113000000,40128.73380701,74.82068376,SELL,7113
1640995207114000000,40129.86253456,23.63324367,BUY,7114
1640995207115000000,40129.11087606,82.77755459,SELL,7115
1640995207116000000,40135.53081272,107.94080294,SELL,7116
1640995207117000000,40133.57184681,99.69988292,SELL,7117
1640995207118000000,40134.06967014,60.61817259,BUY,7118
1640995207119000000,40138.21476380,54.19727115,BUY,7119
1640995207120000000,40131.54443315,32.25289604,BUY,7120
1640995207121000000,40127.94464983,18.31578624,SELL,7121
1640995207122000000,40117.49515282,70.68045849,BUY,7122
1640995207123000000,40112.70090107,88.95190398,SELL,7123
1640995207124000000,40118.46288056,52.67320673,BUY,7124
1640995207125000000,40120.27955045,103.99767771,SELL,7125
1640995207126000000,40123.83944907,28.19059663,SELL,7126
1640995207127000000,40125.08614441,79.80052175,SELL,7127
1640995207128000000,40124.16878380,43.93461511,BUY,7128
1640995207129000000,40126.88779692,70.99467161,BUY,7129
1640995207130000000,40119.94446528,91.07428421,BUY,7130
1640995207131000000,40114.78166589,57.22751522,BUY,7131
1640995207132000000,40119.85479460,24.01964292,SELL,7132
1640995207133000000,40112.48374696,42.91342448,SELL,7133
1640995207134000000,40114.61234452,68.35559264,SELL,7134
1640995207135000000,40107.34270568,30.73660127,BUY,7135
1640995207136000000,40102.85716839,21.30988695,SELL,7136
1640995207137000000,40106.53559586,55.20681930,SELL,7137
1640995207138000000,40107.24712754,44.99632548,BUY,7138
1640995207139000000,40101.06841401,38.17474483,SELL,7139
1640995207140000000,40101.20713209,51.75620343,SELL,7140
1640995207141000000,40102.19881077,105.51230507,SELL,7141
1640995207142000000,40099.29836223,64.86709234,SELL,7142
1640995207143000000,40097.62934114,60.11627820,SELL,7143
1640995207144000000,40092.00217965,83.05609722,BUY,7144
1640995207145000000,40095.20819810,17.44751233,BUY,7145
1640995207146000000,40098.85442286,76.41521070,BUY,7146
1640995207147000000,40100.54614341,49.11532035,SELL,7147
1640995207148000000,40096.95116415,29.92777231,SELL,7148
1640995207149000000,40102.74166642,87.39126789,SELL,7149
1640995207150000000,40104.44391809,57.74411756,SELL,7150
1640995207151000000,40111.82454113,81.06807389,BUY,7151
1640995207152000000,40112.46797456,59.39408042,BUY,7152
1640995207153000000,40109.14918903,105.90889242,BUY,7153
1640995207154000000,40111.68464912,93.62232680,BUY,7154
1640995207155000000,40108.94028233,88.19015299,BUY,7155
1640995207156000000,40112.98711704,71.67582788,BUY,7156
1640995207157000000,40116.67296484,20.96176040,BUY,7157
1640995207158000000,40111.76462668,23.37468802,SELL,7158
1640995207159000000,40115.15954334,20.36279927,SELL,7159
1640995207160000000,40111.01773186,13.19042054,BUY,7160
1640995207161000000,40108.14354771,109.17425459,BUY,7161
1640995207162000000,40110.45727693,27.63665139,SELL,7162
1640995207163000000,40107.98292758,86.77492792,SELL,7163
1640995207164000000,40111.25963158,12.95444574,BUY,7164
1640995207165000000,40117.08476392,73.57553933,SELL,7165
1640995207166000000,40117.09757049,56.59005018,BUY,7166
1640995207167000000,40115.46846963,35.84809564,BUY,7167
1640995207168000000,40111.53902511,57.12911447,BUY,7168
1640995207169000000,40115.84962428,32.99264431,SELL,7169
1640995207170000000,40120.13586138,101.35225686,SELL,7170
1640995207171000000,40119.63952007,72.10095547,SELL,7171
1640995207172000000,40122.43520872,100.81203936,BUY,7172
1640995207173000000,40126.39536894,29.18462248,SELL,7173
1640995207174000000,40127.75050203,19.93303477,BUY,7174
1640995207175000000,40136.03992358,90.35333193,SELL,7175
1640995207176000000,40135.62470278,30.04341481,SELL,7176
1640995207177000000,40138.59580862,25.98210970,SELL,7177
1640995207178000000,40139.55474053,20.52321838,BUY,7178
1640995207179000000,40135.90856307,64.48672586,SELL,7179
1640995207180000000,40134.51069531,19.33625200,SELL,7180
1640995207181000000,40137.07604913,53.08383902,SELL,7181
1640995207182000000,40135.40359894,90.06910493,BUY,7182
1640995207183000000,40128.92830203,39.54294080,SELL,7183
1640995207184000000,40125.25221460,31.08671807,SELL,7184
1640995207185000000,40118.88138745,32.30635926,BUY,7185
1640995207186000000,40127.80948683,86.10408388,SELL,7186
1640995207187000000,40131.09908081,92.25056147,BUY,7187
1640995207188000000,40132.40294526,75.73793266,SELL,7188
1640995207189000000,40125.06993854,29.33273749,SELL,7189
1640995207190000000,40129.85129320,70.53316804,BUY,7190
1640995207191000000,40126.35102164,78.79120848,BUY,7191
1640995207192000000,40122.14679298,89.27852875,SELL,7192
1640995207193000000,40126.35471672,27.17277932,SELL,7193
1640995207194000000,40131.19007349,66.91749435,BUY,7194
1640995207195000000,40128.18734060,34.82441685,BUY,7195
1640995207196000000,40133.94117425,62.98986635,BUY,7196
1640995207197000000,40138.69460951,31.68618114,SELL,7197
1640995207198000000,40144.53425559,81.44657224,SELL,7198
1640995207199000000,40144.29746172,54.18469470,BUY,7199
1640995207200000000,40146.97477271,55.01958467,SELL,7200
1640995207201000000,40157.82638409,14.75341074,SELL,7201
1640995207202000000,40164.85094727,30.20147126,BUY,7202
1640995207203000000,40164.80041418,58.07848361,SELL,7203
1640995207204000000,40163.54514287,87.53982985,SELL,7204
1640995207205000000,40164.14918215,12.93245648,BUY,7205
1640995207206000000,40159.67802364,20.17542307,BUY,7206
1640995207207000000,40162.50171623,73.10847102,BUY,7207
1640995207208000000,40159.68135037,74.64109216,BUY,7208
1640995207209000000,40153.32886450,95.20849742,SELL,7209
1640995207210000000,40156.24169565,23.00374917,BUY,7210
1640995207211000000,40161.79470540,31.13305187,SELL,7211
1640995207212000000,40159.27970537,30.36398953,BUY,7212
1640995207213000000,40159.72647463,46.63710405,SELL,7213
1640995207214000000,40156.73589069,10.47520135,SELL,7214
1640995207215000000,40163.12562548,68.03282575,SELL,7215
1640995207216000000,40163.95564349,15.88862169,SELL,7216
1640995207217000000,40161.75990990,17.30324050,SELL,7217
1640995207218000000,40165.49752328,81.68925918,SELL,7218
1640995207219000000,40163.40514576,53.51575811,BUY,7219
1640995207220000000,40160.01248592,73.45220991,SELL,7220
1640995207221000000,40158.45864769,34.44899118,BUY,7221
1640995207222000000,40149.98080229,35.90546182,SELL,7222
1640995207223000000,40151.63441080,38.92666867,SELL,7223
1640995207224000000,40149.73182023,51.95429740,SELL,7224
1640995207225000000,40144.57494316,79.64251054,BUY,7225
1640995207226000000,40150.20174717,46.23171861,SELL,7226
1640995207227000000,40150.06916295,69.57905345,SELL,7227
1640995207228000000,40146.37975974,32.60994282,SELL,7228
1640995207229000000,40149.79782297,102.64299679,SELL,7229
1640995207230000000,40149.30522158,36.23781490,SELL,7230
1640995207231000000,40145.87644663,55.01506267,BUY,7231
1640995207232000000,40143.83308176,77.58094731,SELL,7232
1640995207233000000,40143.87189800,73.36071391,SELL,7233
1640995207234000000,40151.83225566,93.84207412,BUY,7234
1640995207235000000,40154.40846217,69.45024247,SELL,7235
1640995207236000000,40148.47044813,101.58203637,BUY,7236
1640995207237000000,40147.38323782,31.37246370,SELL,7237
1640995207238000000,40142.52231902,45.22738608,BUY,7238
1640995207239000000,40146.99623357,47.58759956,SELL,7239
1640995207240000000,40141.46763672,28.08133613,SELL,7240
1640995207241000000,40142.55167585,29.81519911,BUY,7241
1640995207242000000,40144.18512992,78.08332534,BUY,7242
1640995207243000000,40144.66149970,20.64667307,BUY,7243
1640995207244000000,40150.94386292,77.59457934,BUY,7244
1640995207245000000,40150.34158743,58.11340442,BUY,7245
1640995207246000000,40147.57644406,53.87061669,SELL,7246
1640995207247000000,40156.06628305,66.43967966,SELL,7247
1640995207248000000,40161.39559846,67.45581193,SELL,7248
1640995207249000000,40153.85714817,22.79476077,BUY,7249
1640995207250000000,40147.96441417,42.89500115,BUY,7250
1640995207251000000,40148.66056930,109.36680832,SELL,7251
1640995207252000000,40147.04931091,20.82271008,BUY,7252
1640995207253000000,40146.33799679,25.05965106,SELL,7253
1640995207254000000,40145.42400628,58.63979102,SELL,7254
1640995207255000000,40149.38537931,60.85725325,BUY,7255
1640995207256000000,40144.86194827,62.53413700,SELL,7256
1640995207257000000,40142.58345749,47.38510319,SELL,7257
1640995207258000000,40143.32578037,77.51570836,BUY,7258
1640995207259000000,40147.00798633,107.64143476,BUY,7259
1640995207260000000,40142.40247189,67.86270792,BUY,7260
1640995207261000000,40143.23599651,61.81675484,BUY,7261
1640995207262000000,40147.54604944,34.67871495,SELL,7262
1640995207263000000,40140.90384922,59.95753674,SELL,7263
1640995207264000000,40134.89582538,98.05802146,SELL,7264
1640995207265000000,40140.07849267,33.02375213,SELL,7265
1640995207266000000,40131.29482093,65.87761895,BUY,7266
1640995207267000000,40131.41177441,12.29126741,BUY,7267
1640995207268000000,40127.17304264,91.73832935,SELL,7268
1640995207269000000,40127.71103126,62.02624811,SELL,7269
1640995207270000000,40124.93386540,41.07834942,BUY,7270
1640995207271000000,40122.40535103,99.03277972,BUY,7271
1640995207272000000,40121.16373519,34.53210305,BUY,7272
1640995207273000000,40122.01538432,105.60652304,SELL,7273
1640995207274000000,40122.36225143,96.64945091,BUY,7274
1640995207275000000,40115.96966516,54.19211762,BUY,7275
1640995207276000000,40123.32194966,77.11197673,SELL,7276
1640995207277000000,40124.18545986,12.02316408,SELL,7277
1640995207278000000,40129.84692638,17.14784790,SELL,7278
1640995207279000000,40130.54901636,80.11238610,BUY,7279
1640995207280000000,40139.35126029,70.75071340,SELL,7280
1640995207281000000,40133.89880376,84.10406274,SELL,7281
1640995207282000000,40129.87099352,79.77006456,SELL,7282
1640995207283000000,40129.34982248,80.14342324,SELL,7283
1640995207284000000,40130.87825234,76.50698568,SELL,7284
1640995207285000000,40130.05489201,54.85962236,SELL,7285
1640995207286000000,40128.41525425,105.81588652,SELL,7286
1640995207287000000,40123.68373080,17.00564230,SELL,7287
1640995207288000000,40122.84527834,96.28282353,SELL,7288
1640995207289000000,40127.22606232,88.69989679,SELL,7289
1640995207290000000,40129.94057305,94.48468512,BUY,7290
1640995207291000000,40132.61924390,67.42677883,BUY,7291
1640995207292000000,40130.74414941,10.99026399,SELL,7292
1640995207293000000,40130.01414058,29.57556425,SELL,7293
1640995207294000000,40126.42005842,81.09480865,SELL,7294
1640995207295000000,40130.25429058,100.22838971,BUY,7295
1640995207296000000,40128.09985773,58.95260058,BUY,7296
1640995207297000000,40923.41563224,70.80773724,BUY,7297
1640995207298000000,40926.08307813,86.69289732,BUY,7298
1640995207299000000,40929.40610777,36.99402711,BUY,7299
1640995207300000000,40931.60644150,107.77690134,BUY,7300
1640995207301000000,40936.76754573,80.91798711,SELL,7301
1640995207302000000,40935.34214862,106.73587540,SELL,7302
1640995207303000000,40933.08762797,63.59341084,BUY,7303
1640995207304000000,40934.82841348,56.78328144,SELL,7304
1640995207305000000,40931.45665853,104.40839977,SELL,7305
1640995207306000000,40928.49123960,85.58459990,BUY,7306
1640995207307000000,40930.71729778,11.93556988,BUY,7307
1640995207308000000,40930.12750525,10.49454483,SELL,7308
1640995207309000000,40930.97370759,90.06130396,BUY,7309
1640995207310000000,40932.49526292,58.43507491,BUY,7310
1640995207311000000,40937.62746853,33.36845884,BUY,7311
1640995207312000000,40933.83445125,19.19314307,BUY,7312
1640995207313000000,40932.78773760,96.88665057,SELL,7313
1640995207314000000,40927.05543608,28.71539471,BUY,7314
1640995207315000000,40928.45293345,73.72899681,BUY,7315
1640995207316000000,40936.66659368,51.32923274,SELL,7316
1640995207317000000,40936.31341698,16.38789119,BUY,7317
1640995207318000000,40937.10193619,94.26497037,BUY,7318
1640995207319000000,40933.06562583,25.42196363,SELL,7319
1640995207320000000,40930.96792675,79.50198326,SELL,7320
1640995207321000000,40931.82437810,41.19992239,BUY,7321
1640995207322000000,40933.37169888,61.16254432,BUY,7322
1640995207323000000,40935.62803736,85.06619412,SELL,7323
1640995207324000000,40941.49567111,61.11893724,BUY,7324
1640995207325000000,40942.26510368,12.58542600,BUY,7325
1640995207326000000,40941.55219823,75.92797676,BUY,7326
1640995207327000000,40936.09312406,15.63374589,SELL,7327
1640995207328000000,40938.18728071,96.86405510,SELL,7328
1640995207329000000,40939.88142554,37.98138133,BUY,7329
1640995207330000000,40934.92798037,46.36493954,SELL,7330
1640995207331000000,40939.37093520,62.61999965,SELL,7331
1640995207332000000,40943.79602330,48.63214251,SELL,7332
1640995207333000000,40937.74200064,74.72124838,SELL,7333
1640995207334000000,40938.08078459,55.88629203,BUY,7334
1640995207335000000,40939.07124498,84.40130320,SELL,7335
1640995207336000000,40939.27961273,11.00001390,BUY,7336
1640995207337000000,40939.11577193,74.09376006,BUY,7337
1640995207338000000,40939.18582502,56.25662275,BUY,7338
1640995207339000000,40935.89834542,33.98733173,SELL,7339
1640995207340000000,40938.02043769,24.04351733,BUY,7340
1640995207341000000,40936.02395601,106.84763955,BUY,7341
1640995207342000000,40941.47125190,83.55420374,SELL,7342
1640995207343000000,40943.38845433,86.64059753,BUY,7343
1640995207344000000,40942.74273727,100.40276946,BUY,7344
1640995207345000000,40938.09358986,96.32008882,BUY,7345
1640995207346000000,40936.53718014,62.02007034,BUY,7346
1640995207347000000,40942.24247790,33.10550069,SELL,7347
1640995207348000000,40932.40054958,45.74712279,BUY,7348
1640995207349000000,40931.62735129,87.31622621,SELL,7349
1640995207350000000,40927.84865538,55.05148042,SELL,7350
1640995207351000000,40923.57577967,23.44743842,BUY,7351
1640995207352000000,40924.02638078,43.54507750,BUY,7352
1640995207353000000,40924.17621330,78.36095045,BUY,7353
1640995207354000000,40926.77879114,38.25162877,BUY,7354
1640995207355000000,40929.77832765,69.01808797,SELL,7355
1640995207356000000,40938.85349937,16.89932383,BUY,7356
1640995207357000000,40938.05800821,34.85175174,BUY,7357
1640995207358000000,40935.99617162,57.88538053,BUY,7358
1640995207359000000,40931.97013989,80.08415454,SELL,7359
1640995207360000000,40937.42586859,20.17277866,SELL,7360
1640995207361000000,40938.15449241,15.66167013,SELL,7361
1640995207362000000,40933.38829206,22.82701991,BUY,7362
1640995207363000000,40932.39110662,68.59583903,BUY,7363
1640995207364000000,40934.19387072,79.37458398,BUY,7364
1640995207365000000,40937.17998569,91.63693919,SELL,7365
1640995207366000000,40936.00038274,16.25430363,BUY,7366
1640995207367000000,40936.30924128,102.09817904,BUY,7367
1640995207368000000,40938.48304678,33.16021603,BUY,7368
1640995207369000000,40942.94516658,18.47197384,SELL,7369
1640995207370000000,40943.60606898,93.32710761,BUY,7370
1640995207371000000,40943.11421784,60.24862733,BUY,7371
1640995207372000000,40938.95805151,51.98251465,BUY,7372
1640995207373000000,40945.29642272,37.52300370,SELL,7373
1640995207374000000,40947.58422957,84.49938330,SELL,7374
1640995207375000000,40937.16574544,38.87187083,SELL,7375
1640995207376000000,40941.30185466,18.79673232,BUY,7376
1640995207377000000,40944.31645120,99.10586829,BUY,7377
1640995207378000000,40946.29462222,28.10449216,SELL,7378
1640995207379000000,40951.26288051,77.08742867,SELL,7379
1640995207380000000,40953.05587347,15.00138770,SELL,7380
1640995207381000000,40957.30400164,51.52653217,SELL,7381
1640995207382000000,40964.60332192,21.41825659,SELL,7382
1640995207383000000,40965.44238151,89.02882146,BUY,7383
1640995207384000000,40966.62459610,35.43264206,SELL,7384
1640995207385000000,40963.59514155,25.19476929,BUY,7385
1640995207386000000,40968.47470508,108.85241772,SELL,7386
1640995207387000000,40969.30134565,19.82797760,BUY,7387
1640995207388000000,40966.81153155,29.89870776,BUY,7388
1640995207389000000,40969.39252485,13.79035629,SELL,7389
1640995207390000000,40968.03738886,80.56878319,SELL,7390
1640995207391000000,40965.49093776,40.72042034,BUY,7391
1640995207392000000,40964.52830456,36.73603524,SELL,7392
1640995207393000000,40967.90320135,35.00972265,BUY,7393
1640995207394000000,40972.94847367,77.77503388,BUY,7394
1640995207395000000,40973.50663108,50.40304752,BUY,7395
1640995207396000000,40967.31458184,96.62609069,SELL,7396
1640995207397000000,40975.79747000,66.32100192,SELL,7397
1640995207398000000,40979.95467181,71.75398192,SELL,7398
1640995207399000000,40973.44483982,41.29282121,SELL,7399
1640995207400000000,40980.01619991,66.47614596,SELL,7400
1640995207401000000,40983.84322735,31.23714038,BUY,7401
1640995207402000000,40982.34425029,58.99675363,BUY,7402
1640995207403000000,40983.17080490,35.36084523,BUY,7403
1640995207404000000,40981.38380343,44.59126777,SELL,7404
1640995207405000000,40983.85965873,73.45996419,BUY,7405
1640995207406000000,40988.67872835,24.40227931,BUY,7406
1640995207407000000,40987.99116515,53.83363004,BUY,7407
1640995207408000000,40981.44905570,16.16020082,BUY,7408
1640995207409000000,40978.60183951,62.39597017,BUY,7409
1640995207410000000,40977.09535562,49.44657053,SELL,7410
1640995207411000000,40976.68627350,50.09024617,BUY,7411
1640995207412000000,40972.41198124,16.29550477,SELL,7412
1640995207413000000,40979.93677596,37.74493488,BUY,7413
1640995207414000000,40985.13796839,108.45802882,BUY,7414
1640995207415000000,40983.86954693,21.40244033,SELL,7415
1640995207416000000,40972.12560735,40.78890553,BUY,7416
1640995207417000000,40979.04683592,92.71118698,SELL,7417
1640995207418000000,40982.60086826,46.16179254,SELL,7418
1640995207419000000,40982.34685599,89.71025902,SELL,7419
1640995207420000000,40982.61389771,27.32246872,BUY,7420
1640995207421000000,40979.14346575,88.89247633,BUY,7421
1640995207422000000,40979.70824361,61.35081218,SELL,7422
1640995207423000000,40974.37057683,55.16894173,BUY,7423
1640995207424000000,40973.94448579,38.48228770,BUY,7424
1640995207425000000,40977.73804336,84.62846798,SELL,7425
1640995207426000000,40976.95821904,74.72962007,BUY,7426
1640995207427000000,40977.25446650,23.16384303,BUY,7427
1640995207428000000,40977.28670412,37.63625216,SELL,7428
1640995207429000000,40982.48388434,67.62853032,SELL,7429
1640995207430000000,40983.74290392,83.02570804,SELL,7430
1640995207431000000,40986.57069762,37.13517536,BUY,7431
1640995207432000000,40986.52678920,61.55248686,SELL,7432
1640995207433000000,40986.14015164,58.01499708,BUY,7433
1640995207434000000,40986.62521626,76.16123265,BUY,7434
1640995207435000000,40992.91921249,69.44621649,SELL,7435
1640995207436000000,40995.97643786,57.90266481,BUY,7436
1640995207437000000,40998.41001545,31.46905469,BUY,7437
1640995207438000000,41002.34849082,63.22956166,BUY,7438
1640995207439000000,41002.82149788,65.45636299,BUY,7439
1640995207440000000,41003.89197017,100.67467173,SELL,7440
1640995207441000000,41003.40584834,68.71638479,BUY,7441
1640995207442000000,41010.51335530,105.85950893,BUY,7442
1640995207443000000,41016.19756595,108.86004618,BUY,7443
1640995207444000000,41012.68023035,79.78359144,BUY,7444
1640995207445000000,41010.84048888,44.07694201,BUY,7445
1640995207446000000,41015.79779579,49.96274895,SELL,7446
1640995207447000000,41018.62673420,34.91893513,BUY,7447
1640995207448000000,41014.54683688,45.18180128,SELL,7448
1640995207449000000,41018.13439757,33.04716455,BUY,7449
1640995207450000000,41015.05996243,49.10626206,SELL,7450
1640995207451000000,41020.85180815,25.53231642,SELL,7451
1640995207452000000,41021.69375610,56.37577305,SELL,7452
1640995207453000000,41016.80067809,58.45049836,SELL,7453
1640995207454000000,41018.60740398,99.71698806,SELL,7454
1640995207455000000,41014.89213008,108.02283437,SELL,7455
1640995207456000000,41021.35204877,52.27372549,BUY,7456
1640995207457000000,41012.62921170,11.01899659,BUY,7457
1640995207458000000,41004.54626778,27.32498945,BUY,7458
1640995207459000000,40997.84055100,70.48232471,SELL,7459
1640995207460000000,40993.98499163,102.83342444,SELL,7460
1640995207461000000,40992.39375398,36.85095485,BUY,7461
1640995207462000000,40993.72392029,58.26591852,BUY,7462
1640995207463000000,40998.07603178,48.16206125,SELL,7463
1640995207464000000,40992.56461027,54.85617644,SELL,7464
1640995207465000000,40996.10912967,22.20821819,SELL,7465
1640995207466000000,40993.63492540,32.49409524,BUY,7466
1640995207467000000,40992.75773332,108.63943516,BUY,7467
1640995207468000000,40991.06032460,36.43257860,SELL,7468
1640995207469000000,40997.73077705,67.81626959,SELL,7469
1640995207470000000,40990.24621207,22.71730891,SELL,7470
1640995207471000000,40991.28964930,101.78840602,BUY,7471
1640995207472000000,40992.43501936,75.27632981,BUY,7472
1640995207473000000,40986.50053499,81.62970921,SELL,7473
1640995207474000000,40989.62114271,56.77385985,BUY,7474
1640995207475000000,40988.41826629,30.04907209,BUY,7475
1640995207476000000,40988.19738781,37.31189078,SELL,7476
1640995207477000000,40989.51000707,66.68541616,SELL,7477
1640995207478000000,40987.08010446,106.92438785,SELL,7478
1640995207479000000,40990.66152505,64.28102734,SELL,7479
1640995207480000000,40987.89494764,71.89978963,SELL,7480
1640995207481000000,40991.27268211,14.79111544,BUY,7481
1640995207482000000,40985.92412682,15.55990513,SELL,7482
1640995207483000000,40987.48884020,33.04425021,SELL,7483
1640995207484000000,40989.93674869,11.18689822,BUY,7484
1640995207485000000,40989.02134485,66.22436572,BUY,7485
1640995207486000000,40987.11700427,18.52780785,SELL,7486
1640995207487000000,40984.40999077,97.20614494,SELL,7487
1640995207488000000,40987.82984902,96.32561420,SELL,7488
1640995207489000000,40985.18266482,33.53508394,BUY,7489
1640995207490000000,40978.72318293,56.98969386,BUY,7490
1640995207491000000,40979.10634664,18.79663941,SELL,7491
1640995207492000000,40985.21478134,73.80770473,SELL,7492
1640995207493000000,40990.99294473,15.73989627,BUY,7493
1640995207494000000,40990.11372069,22.59274246,SELL,7494
1640995207495000000,40990.89917671,105.05023758,BUY,7495
1640995207496000000,40991.91172128,45.60228790,BUY,7496
1640995207497000000,40992.20723083,88.98744553,SELL,7497
1640995207498000000,41001.22450044,99.63550898,BUY,7498
1640995207499000000,41006.52065417,24.58587985,SELL,7499
1640995207500000000,41005.32951711,72.49399045,SELL,7500
1640995207501000000,41003.80325665,37.12401405,SELL,7501
1640995207502000000,41008.10945760,50.25293942,SELL,7502
1640995207503000000,41006.62133174,65.23574319,SELL,7503
1640995207504000000,41010.19987662,74.43359325,BUY,7504
1640995207505000000,41014.76187799,46.10671537,SELL,7505
1640995207506000000,41016.78366152,16.86907457,SELL,7506
1640995207507000000,41014.88772884,56.15102821,SELL,7507
1640995207508000000,41014.49342144,65.44644339,SELL,7508
1640995207509000000,41021.54021810,44.79991971,SELL,7509
1640995207510000000,41018.08192901,106.25205936,BUY,7510
1640995207511000000,41016.60610354,72.90047640,SELL,7511
1640995207512000000,41009.68905164,34.54426459,SELL,7512
1640995207513000000,41012.85460596,52.70535800,SELL,7513
1640995207514000000,41016.99923304,108.21060661,BUY,7514
1640995207515000000,41015.87118606,38.14122280,SELL,7515
1640995207516000000,41015.03900014,52.23925037,BUY,7516
1640995207517000000,41013.85273220,58.26197374,BUY,7517
1640995207518000000,41006.78253955,92.97694364,BUY,7518
1640995207519000000,41009.16089701,78.79278975,BUY,7519
1640995207520000000,41011.74993112,63.37092548,SELL,7520
1640995207521000000,41010.76888878,66.72984491,BUY,7521
1640995207522000000,41018.01262060,32.52803442,BUY,7522
1640995207523000000,41021.55792098,105.45450892,BUY,7523
1640995207524000000,41025.07574834,67.05749668,BUY,7524
1640995207525000000,41020.38447685,53.37127524,BUY,7525
1640995207526000000,41015.50411340,46.03957386,SELL,7526
1640995207527000000,41005.74585894,30.31400955,SELL,7527
1640995207528000000,41003.01547729,99.38547049,SELL,7528
1640995207529000000,41008.25274811,61.12094198,BUY,7529
1640995207530000000,41001.84163396,17.57412970,SELL,7530
1640995207531000000,41004.55658241,62.23482710,SELL,7531
1640995207532000000,41007.31865871,73.20071199,SELL,7532
1640995207533000000,41007.34600035,69.31083292,BUY,7533
1640995207534000000,41011.10664426,12.60988583,SELL,7534
1640995207535000000,41004.62558524,93.57345763,SELL,7535
1640995207536000000,41005.83426645,71.30429276,SELL,7536
1640995207537000000,41010.52782528,62.07095081,SELL,7537
1640995207538000000,41016.22062084,95.30261583,SELL,7538
1640995207539000000,41017.61546856,85.91810532,SELL,7539
1640995207540000000,41017.55982922,45.12550566,SELL,7540
1640995207541000000,41011.08845469,32.90120245,SELL,7541
1640995207542000000,41011.31023622,83.79727655,SELL,7542
1640995207543000000,41008.07538566,55.30126748,BUY,7543
1640995207544000000,41007.20576196,37.00770987,SELL,7544
1640995207545000000,41011.80952012,30.71463974,BUY,7545
1640995207546000000,41012.14987767,79.62652032,SELL,7546
1640995207547000000,41010.13338774,36.13460320,SELL,7547
1640995207548000000,41004.46125138,47.75483543,BUY,7548
1640995207549000000,41001.80398552,109.67770274,SELL,7549
1640995207550000000,40999.24380634,66.19683474,BUY,7550
1640995207551000000,40999.86740630,35.22883982,BUY,7551
1640995207552000000,40995.57595377,95.69115487,BUY,7552
1640995207553000000,40995.07852240,86.68217281,BUY,7553
1640995207554000000,40995.41912466,78.07914122,SELL,7554
1640995207555000000,40988.00035076,30.29965140,BUY,7555
1640995207556000000,40981.62447506,87.22085761,SELL,7556
1640995207557000000,40982.01482555,72.86782300,BUY,7557
1640995207558000000,40981.11424138,104.47725603,SELL,7558
1640995207559000000,40987.78489255,100.77435950,SELL,7559
1640995207560000000,40981.61987805,70.00510532,SELL,7560
1640995207561000000,40981.50489992,93.29155473,SELL,7561
1640995207562000000,40986.14949724,15.10814333,BUY,7562
1640995207563000000,40985.38411007,28.27116206,BUY,7563
1640995207564000000,40981.66537341,99.19288600,BUY,7564
1640995207565000000,40981.79747351,90.85702366,SELL,7565
1640995207566000000,40974.96375106,39.31413436,SELL,7566
1640995207567000000,40972.26937324,11.90433914,BUY,7567
1640995207568000000,40973.26726856,85.40619930,BUY,7568
1640995207569000000,40977.79320969,21.33888413,SELL,7569
1640995207570000000,40973.37240989,12.03156922,SELL,7570
1640995207571000000,40968.20134540,84.55773617,SELL,7571
1640995207572000000,40970.14345065,90.44965065,SELL,7572
1640995207573000000,40970.10833238,45.94161683,BUY,7573
1640995207574000000,40966.62820204,51.55147359,SELL,7574
1640995207575000000,40969.29666870,41.50818432,BUY,7575
1640995207576000000,40970.31475326,102.64787152,SELL,7576
1640995207577000000,40974.25298027,57.06805096,BUY,7577
1640995207578000000,40960.28625359,102.18807063,BUY,7578
1640995207579000000,40957.26655026,63.35736052,BUY,7579
1640995207580000000,40960.21539982,23.83641040,BUY,7580
1640995207581000000,40963.89343350,13.13199692,SELL,7581
1640995207582000000,40968.38905622,10.89343333,SELL,7582
1640995207583000000,40970.22531713,74.47584994,BUY,7583
1640995207584000000,40974.61002950,88.50449066,BUY,7584
1640995207585000000,40974.87843923,37.74504026,SELL,7585
1640995207586000000,40972.32173042,89.60424704,SELL,7586
1640995207587000000,40978.34784127,26.59235991,BUY,7587
1640995207588000000,40976.92888995,10.17910185,BUY,7588
1640995207589000000,40977.05651253,22.58351674,BUY,7589
1640995207590000000,40977.68005968,60.14884757,SELL,7590
1640995207591000000,40982.63651982,69.22490661,BUY,7591
1640995207592000000,40982.46024422,35.07197186,BUY,7592
1640995207593000000,40985.95373743,66.21589952,SELL,7593
1640995207594000000,40984.08284278,74.86541509,SELL,7594
1640995207595000000,40988.21273100,13.34262305,BUY,7595
1640995207596000000,40992.50325699,95.84580978,BUY,7596
1640995207597000000,40993.40614871,25.43942520,SELL,7597
1640995207598000000,40987.13925886,88.54905299,SELL,7598
1640995207599000000,40983.63722229,11.25507246,SELL,7599
1640995207600000000,40979.86128169,51.67615562,BUY,7600
1640995207601000000,40984.98200888,58.62448478,SELL,7601
1640995207602000000,40987.14296948,37.11946477,BUY,7602
1640995207603000000,40980.34750069,75.72934308,BUY,7603
1640995207604000000,40982.50125061,29.13752456,SELL,7604
1640995207605000000,40987.72882532,85.91532626,BUY,7605
1640995207606000000,40989.12462841,10.79115661,BUY,7606
1640995207607000000,40990.24099805,60.92266819,BUY,7607
1640995207608000000,40994.70704609,64.91614404,SELL,7608
1640995207609000000,40992.71809686,102.26800565,BUY,7609
1640995207610000000,40992.54864231,46.25497623,BUY,7610
1640995207611000000,40987.60426465,50.69753816,SELL,7611
1640995207612000000,40988.23416900,88.29617904,SELL,7612
1640995207613000000,40982.63231000,11.48310845,SELL,7613
1640995207614000000,40989.94609557,23.23470041,SELL,7614
1640995207615000000,40986.30464561,41.93266547,BUY,7615
1640995207616000000,40985.50312745,97.65619840,SELL,7616
1640995207617000000,40994.35850183,57.87051162,SELL,7617
1640995207618000000,40995.97339317,10.95297262,SELL,7618
1640995207619000000,40992.50549250,43.84872809,SELL,7619
1640995207620000000,40988.24397715,51.30294566,SELL,7620
1640995207621000000,40985.48563952,16.62300420,SELL,7621
1640995207622000000,40988.56145296,84.45904216,SELL,7622
1640995207623000000,40995.86916906,73.13239152,SELL,7623
1640995207624000000,40990.76465416,16.07558553,SELL,7624
1640995207625000000,40995.04426445,71.79172050,BUY,7625
1640995207626000000,41000.97270510,41.73566541,BUY,7626
1640995207627000000,41001.50969202,93.55807279,BUY,7627
1640995207628000000,41000.88350535,10.16220802,BUY,7628
1640995207629000000,41000.70096801,71.97623465,BUY,7629
1640995207630000000,41000.96720428,91.49942821,SELL,7630
1640995207631000000,40998.03173213,74.76528543,BUY,7631
1640995207632000000,40997.78352886,41.70087570,SELL,7632
1640995207633000000,41002.42916277,91.98744363,SELL,7633
1640995207634000000,41002.92238524,60.66409439,SELL,7634
1640995207635000000,41003.28143294,31.44668341,SELL,7635
1640995207636000000,41003.85834608,103.01785455,BUY,7636
1640995207637000000,41007.35206727,40.74505406,SELL,7637
1640995207638000000,41000.84989165,62.22752919,SELL,7638
1640995207639000000,41006.21863046,46.44833682,SELL,7639
1640995207640000000,41011.49546620,64.24137234,BUY,7640
1640995207641000000,41007.87915070,49.35473680,BUY,7641
1640995207642000000,41000.98772238,22.09099333,BUY,7642
1640995207643000000,41006.28349101,86.27672800,BUY,7643
1640995207644000000,40999.74641545,17.93562273,SELL,7644
1640995207645000000,41001.68061154,73.28756144,SELL,7645
1640995207646000000,40997.45998265,52.50683791,BUY,7646
1640995207647000000,40992.44650869,82.80091203,BUY,7647
1640995207648000000,40982.10837704,99.30381198,SELL,7648
1640995207649000000,40982.88096958,71.25814247,SELL,7649
1640995207650000000,40986.07450223,13.12100085,BUY,7650
1640995207651000000,40980.15332499,20.57195720,BUY,7651
1640995207652000000,40969.53778014,93.34780082,BUY,7652
1640995207653000000,40965.81878393,53.06253883,SELL,7653
1640995207654000000,40963.06381175,21.21266435,BUY,7654
1640995207655000000,40963.82574541,21.06793812,BUY,7655
1640995207656000000,40964.75994985,92.82093754,BUY,7656
1640995207657000000,40963.51528152,39.43026280,BUY,7657
1640995207658000000,40963.04048616,82.33692990,SELL,7658
1640995207659000000,40969.76318473,106.68536300,BUY,7659
1640995207660000000,40968.99620323,25.28943246,BUY,7660
1640995207661000000,40970.71891379,96.10943792,BUY,7661
1640995207662000000,40961.56435027,28.28926642,BUY,7662
1640995207663000000,40961.66977547,104.15885840,BUY,7663
1640995207664000000,40959.82346720,41.71050083,BUY,7664
1640995207665000000,40963.22196094,41.78813520,SELL,7665
1640995207666000000,40960.45167280,15.82602745,BUY,7666
1640995207667000000,40970.02783792,104.42968651,BUY,7667
1640995207668000000,40973.19752079,28.35867455,BUY,7668
1640995207669000000,40977.10622366,102.28728361,BUY,7669
1640995207670000000,40975.86992305,71.36907278,BUY,7670
1640995207671000000,40976.53079136,63.34443559,BUY,7671
1640995207672000000,40977.19601740,94.18637144,BUY,7672
1640995207673000000,40983.62503970,55.62332334,BUY,7673
1640995207674000000,40992.49875482,101.74033856,SELL,7674
1640995207675000000,40993.50512630,87.35091742,SELL,7675
1640995207676000000,40993.15102599,24.85093794,BUY,7676
1640995207677000000,40995.01336098,57.99851800,SELL,7677
1640995207678000000,40989.61591425,92.25119411,BUY,7678
1640995207679000000,40993.26430730,105.39601444,SELL,7679
1640995207680000000,40999.62817819,67.67871826,BUY,7680
1640995207681000000,41001.84418883,79.52006863,SELL,7681
1640995207682000000,40177.97024039,46.71671922,BUY,7682
1640995207683000000,40182.96930690,21.55852152,BUY,7683
1640995207684000000,40180.60706815,92.28588997,BUY,7684
1640995207685000000,40180.64434570,105.75321062,BUY,7685
1640995207686000000,40180.94183317,108.16626913,SELL,7686
1640995207687000000,40187.21749605,30.97663671,SELL,7687
1640995207688000000,40183.56197765,90.96604592,SELL,7688
1640995207689000000,40185.78271669,84.08742370,BUY,7689
1640995207690000000,40182.68172791,58.34266585,SELL,7690
1640995207691000000,40187.53623922,46.32307371,SELL,7691
1640995207692000000,40186.59076502,79.82334920,BUY,7692
1640995207693000000,40182.20654402,97.33615334,SELL,7693
1640995207694000000,40181.33860401,48.69613249,BUY,7694
1640995207695000000,40180.49307798,51.61435519,SELL,7695
1640995207696000000,40175.07561098,73.03691921,BUY,7696
1640995207697000000,40174.84433234,34.90656668,SELL,7697
1640995207698000000,40175.48031351,92.73442611,SELL,7698
1640995207699000000,40172.52464697,12.08631075,SELL,7699
1640995207700000000,40168.65675063,21.32034830,BUY,7700
1640995207701000000,40170.05821516,59.65549802,BUY,7701
1640995207702000000,40168.84284887,22.46537800,SELL,7702
1640995207703000000,40167.87646449,33.22707617,BUY,7703
1640995207704000000,40160.20725932,66.21301127,SELL,7704
1640995207705000000,40155.58140486,19.10372024,SELL,7705
1640995207706000000,40154.13931801,25.48095927,BUY,7706
1640995207707000000,40154.17662960,106.93291163,SELL,7707
1640995207708000000,40154.98884235,70.59490902,SELL,7708
1640995207709000000,40154.00352954,53.48369001,SELL,7709
1640995207710000000,40153.52142204,73.49846696,BUY,7710
1640995207711000000,40151.94850828,73.00832632,BUY,7711
1640995207712000000,40154.66120332,15.43846450,SELL,7712
1640995207713000000,40157.07461071,33.19211855,BUY,7713
1640995207714000000,40161.75152111,28.48485193,SELL,7714
1640995207715000000,40160.87867015,42.01059730,BUY,7715
1640995207716000000,40163.01615693,93.84713818,SELL,7716
1640995207717000000,40168.01932456,75.25169213,BUY,7717
1640995207718000000,40164.89974668,36.69622091,SELL,7718
1640995207719000000,40168.32268485,85.62004325,SELL,7719
1640995207720000000,40166.99896325,61.44378009,BUY,7720
1640995207721000000,40167.68612721,13.71601088,BUY,7721
1640995207722000000,40172.79349224,19.88280484,SELL,7722
1640995207723000000,40179.48788140,15.65262944,BUY,7723
1640995207724000000,40177.76885383,41.87155440,BUY,7724
1640995207725000000,40176.64521207,103.95354880,BUY,7725
1640995207726000000,40182.27130499,48.12119147,SELL,7726
1640995207727000000,40187.30600460,105.65498944,SELL,7727
1640995207728000000,40187.55274009,65.85129895,BUY,7728
1640995207729000000,40188.11559379,36.52911872,BUY,7729
1640995207730000000,40186.86854473,107.39132234,BUY,7730
1640995207731000000,40183.09899111,56.49316803,BUY,7731
1640995207732000000,40183.53425235,80.65624164,SELL,7732
1640995207733000000,40181.37398709,100.05487418,BUY,7733
1640995207734000000,40187.58961575,59.31025074,SELL,7734
1640995207735000000,40188.23400960,88.83235739,BUY,7735
1640995207736000000,40185.45991389,54.03021695,SELL,7736
1640995207737000000,40178.12110242,65.92073182,BUY,7737
1640995207738000000,40184.62462385,23.35881062,BUY,7738
1640995207739000000,40185.79945367,77.20824376,SELL,7739
1640995207740000000,40187.08909574,47.29579003,BUY,7740
1640995207741000000,40180.08796381,72.23013102,SELL,7741
1640995207742000000,40180.17344963,11.84331239,BUY,7742
1640995207743000000,40182.11407408,71.91372707,BUY,7743
1640995207744000000,40176.92498905,83.27242899,SELL,7744
1640995207745000000,40177.81634496,105.68752526,SELL,7745
1640995207746000000,40177.07537661,40.84081855,BUY,7746
1640995207747000000,40179.38824399,56.06669019,SELL,7747
1640995207748000000,40178.32130241,68.26676870,BUY,7748
1640995207749000000,40179.41615177,27.05516052,SELL,7749
1640995207750000000,40185.91256494,90.87526688,SELL,7750
1640995207751000000,40191.38388693,54.75107208,BUY,7751
1640995207752000000,40195.96693563,102.36825403,SELL,7752
1640995207753000000,40196.17002248,91.62076176,BUY,7753
1640995207754000000,40199.53526054,74.78980001,BUY,7754
1640995207755000000,40208.95273849,88.72982547,SELL,7755
1640995207756000000,40215.92599793,20.00221234,BUY,7756
1640995207757000000,40212.84206340,60.56861529,BUY,7757
1640995207758000000,40212.32425257,86.53183726,SELL,7758
1640995207759000000,41016.49289143,76.61815415,SELL,7759
1640995207760000000,41005.30910284,101.22891632,BUY,7760
1640995207761000000,41006.99702946,19.33119041,SELL,7761
1640995207762000000,41008.58905896,40.35552450,SELL,7762
1640995207763000000,41017.30190348,71.94371441,BUY,7763
1640995207764000000,41013.80480152,75.07974090,BUY,7764
1640995207765000000,41013.42473296,106.12835407,BUY,7765
1640995207766000000,41019.20006192,25.90475232,SELL,7766
1640995207767000000,41017.73002386,45.70701205,BUY,7767
1640995207768000000,41014.30087654,104.89664294,SELL,7768
1640995207769000000,41018.49462347,47.57436567,SELL,7769
1640995207770000000,41013.86407270,79.05074038,SELL,7770
1640995207771000000,41022.88043009,60.00380392,BUY,7771
1640995207772000000,41025.99799036,29.08351471,SELL,7772
1640995207773000000,41022.55232184,29.75822814,BUY,7773
1640995207774000000,41028.00647168,89.97396495,SELL,7774
1640995207775000000,41024.49824639,86.98129859,BUY,7775
1640995207776000000,41024.85102098,50.81857437,SELL,7776
1640995207777000000,41033.38382129,68.02673820,SELL,7777
1640995207778000000,41030.54512945,51.34554444,SELL,7778
1640995207779000000,41034.30426390,39.87472108,SELL,7779
1640995207780000000,41034.73944066,10.85428656,BUY,7780
1640995207781000000,41036.15829931,80.37052844,BUY,7781
1640995207782000000,41038.46081254,97.06759408,BUY,7782
1640995207783000000,41042.22224789,56.83645556,SELL,7783
1640995207784000000,41041.51432667,89.83185266,BUY,7784
1640995207785000000,41040.16817173,100.56253768,SELL,7785
1640995207786000000,41038.63891947,61.09265215,SELL,7786
1640995207787000000,41042.80759326,102.88831992,SELL,7787
1640995207788000000,41043.31036844,83.68995516,BUY,7788
1640995207789000000,41049.55855693,83.46713463,BUY,7789
1640995207790000000,41048.33019730,80.15438433,SELL,7790
1640995207791000000,41043.39478891,44.13574076,BUY,7791
1640995207792000000,41048.16901745,62.24482547,BUY,7792
1640995207793000000,41047.84093797,52.82293515,SELL,7793
1640995207794000000,41048.08211960,14.02908769,SELL,7794
1640995207795000000,41050.21952572,72.56781700,SELL,7795
1640995207796000000,41040.27477614,75.41895416,BUY,7796
1640995207797000000,41038.20495996,42.88213132,BUY,7797
1640995207798000000,41035.33143589,93.58538139,BUY,7798
1640995207799000000,41030.70510229,101.85844639,BUY,7799
1640995207800000000,41035.57174250,62.51300006,BUY,7800
1640995207801000000,41030.29941766,69.43720332,BUY,7801
1640995207802000000,41026.75822210,54.24691086,BUY,7802
1640995207803000000,41020.61900212,86.38196839,SELL,7803
1640995207804000000,41010.73395139,66.21475101,SELL,7804
1640995207805000000,41011.74168659,88.80925154,BUY,7805
1640995207806000000,41007.96973706,11.70154897,SELL,7806
1640995207807000000,41011.28597666,43.36666619,BUY,7807
1640995207808000000,41017.67983556,20.60430022,SELL,7808
1640995207809000000,41017.06855757,59.26490947,SELL,7809
1640995207810000000,41019.64225614,102.06972046,SELL,7810
1640995207811000000,41018.34064856,63.02197891,BUY,7811
1640995207812000000,41016.80570380,72.88798154,BUY,7812
1640995207813000000,41023.18791879,38.27491790,SELL,7813
1640995207814000000,41025.80880473,66.53542897,BUY,7814
1640995207815000000,41017.53133581,15.83117609,SELL,7815
1640995207816000000,41016.17189883,20.21679761,SELL,7816
1640995207817000000,41011.21381672,95.57820557,BUY,7817
1640995207818000000,41005.23200609,50.90116656,SELL,7818
1640995207819000000,41007.78512986,22.46709790,BUY,7819
1640995207820000000,41008.68107917,32.35317128,BUY,7820
1640995207821000000,41010.85547441,22.16383219,SELL,7821
1640995207822000000,41013.20338917,70.67236448,BUY,7822
1640995207823000000,41012.44186285,13.68797518,SELL,7823
1640995207824000000,41011.91220343,63.40168474,SELL,7824
1640995207825000000,41011.33550119,74.62943922,SELL,7825
1640995207826000000,41016.11626837,61.32645177,BUY,7826
1640995207827000000,41014.22313555,71.46458766,SELL,7827
1640995207828000000,41018.78917686,41.69139108,BUY,7828
1640995207829000000,41020.78791823,85.60186621,BUY,7829
1640995207830000000,41023.24715710,83.87641266,BUY,7830
1640995207831000000,41027.64580478,93.46652519,SELL,7831
1640995207832000000,41025.41947823,31.98724175,BUY,7832
1640995207833000000,41023.60574293,75.95003314,BUY,7833
1640995207834000000,41023.29555463,32.48016516,SELL,7834
1640995207835000000,41024.67014599,27.93209943,BUY,7835
1640995207836000000,41019.25590614,32.43232092,BUY,7836
1640995207837000000,41018.36865969,11.09985474,SELL,7837
1640995207838000000,41016.69727924,103.44900388,SELL,7838
1640995207839000000,41020.19196226,96.98061575,SELL,7839
1640995207840000000,41022.17184521,10.84194071,BUY,7840
1640995207841000000,41015.01596745,41.24606406,SELL,7841
1640995207842000000,41008.14599701,11.70316470,BUY,7842
1640995207843000000,41008.56436160,11.59945226,SELL,7843
1640995207844000000,41010.07315494,23.99255210,SELL,7844
1640995207845000000,41016.36969770,45.92244346,BUY,7845
1640995207846000000,41020.98783668,15.50478036,SELL,7846
1640995207847000000,41018.22733212,44.91325157,SELL,7847
1640995207848000000,41013.45833516,90.18462952,BUY,7848
1640995207849000000,41011.09783041,44.05952995,SELL,7849
1640995207850000000,41005.07046085,27.48543111,SELL,7850
1640995207851000000,41006.86691513,83.77653661,SELL,7851
1640995207852000000,40999.42575431,79.08012922,SELL,7852
1640995207853000000,40996.15765591,76.78922837,BUY,7853
1640995207854000000,40995.38363233,15.15424412,BUY,7854
1640995207855000000,40174.05501451,95.08415975,SELL,7855
1640995207856000000,40170.76505564,10.56188521,BUY,7856
1640995207857000000,40162.28581114,10.56680576,BUY,7857
1640995207858000000,40158.41678269,55.59711724,SELL,7858
1640995207859000000,40152.56831258,30.12130913,BUY,7859
1640995207860000000,40147.73930630,14.17199865,BUY,7860
1640995207861000000,40148.24934303,60.73230491,BUY,7861
1640995207862000000,40153.66583337,83.33610135,BUY,7862
1640995207863000000,40155.33163745,84.85418225,BUY,7863
1640995207864000000,40146.60182743,52.74551725,SELL,7864
1640995207865000000,40143.75670869,76.87021142,SELL,7865
1640995207866000000,40146.00256942,102.36157950,SELL,7866
1640995207867000000,40145.13070039,81.95843180,SELL,7867
1640995207868000000,40142.79343405,96.68076901,BUY,7868
1640995207869000000,40137.75177049,92.82140310,SELL,7869
1640995207870000000,40141.48263971,11.42846245,BUY,7870
1640995207871000000,40149.13548461,45.57409577,SELL,7871
1640995207872000000,40146.24612932,91.17653077,SELL,7872
1640995207873000000,40152.81497877,34.61604014,SELL,7873
1640995207874000000,40156.79688527,31.31450261,BUY,7874
1640995207875000000,40148.85249614,15.92714520,SELL,7875
1640995207876000000,40149.33667429,85.87335877,SELL,7876
1640995207877000000,40150.62135335,35.49903553,BUY,7877
1640995207878000000,40153.71366375,11.90449205,BUY,7878
1640995207879000000,40153.63902965,32.08293531,SELL,7879
1640995207880000000,40155.70200632,64.49423363,BUY,7880
1640995207881000000,40158.71322068,53.93786663,SELL,7881
1640995207882000000,40157.79409045,106.83999059,SELL,7882
1640995207883000000,40157.47357117,15.73661932,BUY,7883
1640995207884000000,40158.45053191,21.99087371,BUY,7884
1640995207885000000,40152.15946498,95.18841113,BUY,7885
1640995207886000000,40155.94859682,26.45272944,SELL,7886
1640995207887000000,40158.19230507,76.58437970,BUY,7887
1640995207888000000,40165.72177375,87.95811809,BUY,7888
1640995207889000000,40155.79182785,74.69963325,SELL,7889
1640995207890000000,40154.49608228,33.82834422,BUY,7890
1640995207891000000,40156.63624378,105.34715334,SELL,7891
1640995207892000000,40152.86748146,24.06630386,BUY,7892
1640995207893000000,40146.53461658,87.41871795,SELL,7893
1640995207894000000,40150.80035093,100.01599140,BUY,7894
1640995207895000000,40153.33655756,22.15240305,SELL,7895
1640995207896000000,40153.94758123,42.55009889,SELL,7896
1640995207897000000,40155.55283099,41.01923225,SELL,7897
1640995207898000000,40156.64441093,30.52484172,SELL,7898
1640995207899000000,40158.11119142,90.95516665,SELL,7899
1640995207900000000,40155.88106425,55.13170736,BUY,7900
1640995207901000000,40158.59494965,35.90973498,BUY,7901
1640995207902000000,40159.24393142,48.04857894,BUY,7902
1640995207903000000,40155.28227658,28.90318206,BUY,7903
1640995207904000000,40153.93799988,13.00031076,SELL,7904
1640995207905000000,40154.28420379,25.73838045,SELL,7905
1640995207906000000,40146.19124992,69.03230728,BUY,7906
1640995207907000000,40141.78284874,36.42374581,SELL,7907
1640995207908000000,40138.91233637,21.20900149,SELL,7908
1640995207909000000,40133.40200049,58.79093355,SELL,7909
1640995207910000000,40135.22623004,87.48862368,BUY,7910
1640995207911000000,40137.68353739,109.77446589,BUY,7911
1640995207912000000,40139.09822378,59.75745047,BUY,7912
1640995207913000000,40140.87935392,95.76792914,BUY,7913
1640995207914000000,40141.60530588,11.72594053,SELL,7914
1640995207915000000,40138.30255376,10.76321398,BUY,7915
1640995207916000000,40132.16669785,67.78483200,BUY,7916
1640995207917000000,40132.87360553,34.85399750,BUY,7917
1640995207918000000,40128.58688164,45.48503592,BUY,7918
1640995207919000000,40130.07408037,106.35660282,SELL,7919
1640995207920000000,40125.62502313,65.85917981,SELL,7920
1640995207921000000,40125.22896346,105.44350576,SELL,7921
1640995207922000000,40131.08914407,36.08283433,BUY,7922
1640995207923000000,40129.24415541,99.74937822,BUY,7923
1640995207924000000,40129.10856249,36.38746075,SELL,7924
1640995207925000000,40133.22413959,106.43827512,SELL,7925
1640995207926000000,40135.85051741,64.45896638,SELL,7926
1640995207927000000,40133.92616119,70.04093403,SELL,7927
1640995207928000000,40135.23175799,51.34747874,BUY,7928
1640995207929000000,40131.05450960,94.22630394,SELL,7929
1640995207930000000,40126.48050493,16.95003258,BUY,7930
1640995207931000000,40133.38928728,26.80753594,BUY,7931
1640995207932000000,40134.35815466,105.44288209,SELL,7932
1640995207933000000,40131.16035399,32.85044788,BUY,7933
1640995207934000000,40134.77835465,74.77064451,BUY,7934
1640995207935000000,40130.66511359,72.93626180,BUY,7935
1640995207936000000,40136.45252820,69.91049118,BUY,7936
1640995207937000000,40137.96554958,14.07719532,BUY,7937
1640995207938000000,40134.03349741,95.36481830,BUY,7938
1640995207939000000,40130.49230839,79.02350597,SELL,7939
1640995207940000000,40126.03809423,37.45162626,SELL,7940
1640995207941000000,40126.16445251,89.19242163,BUY,7941
1640995207942000000,40131.78325434,99.86081827,BUY,7942
1640995207943000000,40128.12106442,44.86317116,BUY,7943
1640995207944000000,40127.60957403,91.86351404,SELL,7944
1640995207945000000,40129.58076183,30.74924490,BUY,7945
1640995207946000000,40125.27022258,99.15387643,BUY,7946
1640995207947000000,40125.25234468,44.92217950,SELL,7947
1640995207948000000,40128.93958566,40.55381813,SELL,7948
1640995207949000000,40136.53104227,97.92683285,SELL,7949
1640995207950000000,40142.46606339,10.97000199,BUY,7950
1640995207951000000,40144.40924407,54.64307946,BUY,7951
1640995207952000000,40144.15646869,40.42977143,BUY,7952
1640995207953000000,40143.24389982,36.48730164,BUY,7953
1640995207954000000,40144.11666655,14.65051472,SELL,7954
1640995207955000000,40149.25738298,99.51490257,SELL,7955
1640995207956000000,40152.25521824,75.36555267,SELL,7956
1640995207957000000,40155.43062383,81.36643386,SELL,7957
1640995207958000000,40160.54340698,61.09373627,BUY,7958
1640995207959000000,40160.34484723,92.29666105,BUY,7959
1640995207960000000,40162.78525794,65.33177243,BUY,7960
1640995207961000000,40162.58570376,42.03419839,SELL,7961
1640995207962000000,40162.74719555,64.20762874,SELL,7962
1640995207963000000,40167.27580083,45.67695167,BUY,7963
1640995207964000000,40161.76724162,53.55802200,BUY,7964
1640995207965000000,40159.38136488,58.32548112,BUY,7965
1640995207966000000,40155.13308823,82.61425737,SELL,7966
1640995207967000000,40162.04418191,97.56492192,SELL,7967
1640995207968000000,40162.62330191,93.65216890,SELL,7968
1640995207969000000,40161.08894642,88.35640731,SELL,7969
1640995207970000000,40160.35103029,30.06742236,BUY,7970
1640995207971000000,40161.16439475,104.47352829,SELL,7971
1640995207972000000,40157.70885827,16.39144589,BUY,7972
1640995207973000000,40155.62387774,23.67725017,SELL,7973
1640995207974000000,40159.41641291,72.11993866,SELL,7974
1640995207975000000,40151.89570262,90.03385501,SELL,7975
1640995207976000000,40155.97456361,39.31292403,SELL,7976
1640995207977000000,40156.45847699,32.26223935,BUY,7977
1640995207978000000,40151.58358475,17.16662722,SELL,7978
1640995207979000000,40149.92433134,71.64927672,BUY,7979
1640995207980000000,40147.54247922,104.82680734,SELL,7980
1640995207981000000,40146.42167814,38.08974763,BUY,7981
1640995207982000000,40150.00584213,35.72289932,SELL,7982
1640995207983000000,40155.25258043,106.39698666,BUY,7983
1640995207984000000,40156.96686681,67.72119020,SELL,7984
1640995207985000000,40156.30395828,84.39141856,BUY,7985
1640995207986000000,40154.95491066,64.22740693,SELL,7986
1640995207987000000,40151.25104909,39.64183085,BUY,7987
1640995207988000000,40151.13156046,54.35075756,SELL,7988
1640995207989000000,40152.28136612,60.97794711,BUY,7989
1640995207990000000,40154.00863553,79.82914517,BUY,7990
1640995207991000000,40151.80201112,93.39291967,BUY,7991
1640995207992000000,40152.53924117,10.67946066,SELL,7992
1640995207993000000,40159.44314507,93.70487569,BUY,7993
1640995207994000000,40164.85490850,86.58965033,SELL,7994
1640995207995000000,40165.55076654,90.25052231,SELL,7995
1640995207996000000,40164.33821585,107.52133567,SELL,7996
1640995207997000000,40163.56789230,15.27294714,SELL,7997
1640995207998000000,40153.66183557,72.01755827,SELL,7998
1640995207999000000,40149.54323335,91.66292342,SELL,7999
1640995208000000000,40150.88542045,12.74541274,SELL,8000
1640995208001000000,40154.83714543,44.12601932,BUY,8001
1640995208002000000,40154.98207995,81.56433040,BUY,8002
1640995208003000000,40159.15808969,38.49445783,SELL,8003
1640995208004000000,40160.42195938,40.49335391,SELL,8004
1640995208005000000,40165.21021834,103.35912347,SELL,8005
1640995208006000000,40169.52949634,80.63919067,SELL,8006
1640995208007000000,40171.65017907,17.14921513,SELL,8007
1640995208008000000,40171.02774298,57.82415523,BUY,8008
1640995208009000000,40177.68290354,60.76199591,SELL,8009
1640995208010000000,40177.13950550,94.45226462,SELL,8010
1640995208011000000,40167.45892588,89.40335084,SELL,8011
1640995208012000000,40164.02942146,32.78194857,BUY,8012
1640995208013000000,40160.25963122,104.68869837,SELL,8013
1640995208014000000,40162.91686597,67.19953173,BUY,8014
1640995208015000000,40162.26488259,79.88552182,SELL,8015
1640995208016000000,40157.46455147,89.88447337,SELL,8016
1640995208017000000,40160.38075175,88.91860213,BUY,8017
1640995208018000000,40160.71541107,107.23369550,SELL,8018
1640995208019000000,40162.13414920,51.30694195,BUY,8019
1640995208020000000,40167.64458644,88.89265507,SELL,8020
1640995208021000000,40167.07651952,36.67811190,BUY,8021
1640995208022000000,40163.74786942,105.37745461,BUY,8022
1640995208023000000,40159.45730156,90.75704211,BUY,8023
1640995208024000000,40154.18601124,63.67309807,BUY,8024
1640995208025000000,40154.50302814,44.10456173,SELL,8025
1640995208026000000,40152.85306202,103.36368099,BUY,8026
1640995208027000000,40145.16733429,74.67313983,BUY,8027
1640995208028000000,40148.12767377,66.09656566,BUY,8028
1640995208029000000,40149.08192506,87.43984090,BUY,8029
1640995208030000000,40151.62198844,43.66105990,SELL,8030
1640995208031000000,40142.67608909,36.84368756,BUY,8031
1640995208032000000,40149.56106323,28.81320173,SELL,8032
1640995208033000000,40146.00758873,79.87329614,SELL,8033
1640995208034000000,40142.23944134,94.14825709,BUY,8034
1640995208035000000,40143.18433695,103.71538443,BUY,8035
1640995208036000000,40142.97468667,87.96027439,SELL,8036
1640995208037000000,40144.90059900,64.34891183,SELL,8037
1640995208038000000,40135.64572243,99.17431192,BUY,8038
1640995208039000000,40138.72605117,20.92916496,SELL,8039
1640995208040000000,40135.98142491,53.67515040,BUY,8040
1640995208041000000,40143.51349771,52.27312688,BUY,8041
1640995208042000000,40141.37669508,57.53675390,SELL,8042
1640995208043000000,40142.21167084,51.60541038,SELL,8043
1640995208044000000,40146.81440135,26.50884364,BUY,8044
1640995208045000000,40159.01509484,95.22471015,BUY,8045
1640995208046000000,40160.81720985,90.77199072,BUY,8046
1640995208047000000,40163.24243697,70.29249681,BUY,8047
1640995208048000000,40164.54494579,66.02566089,SELL,8048
1640995208049000000,40171.85053647,91.54591116,BUY,8049
1640995208050000000,40171.17866369,97.88463512,BUY,8050
1640995208051000000,40167.13589772,102.39207737,BUY,8051
1640995208052000000,40164.67230230,18.45252791,BUY,8052
1640995208053000000,40163.47926595,44.19363924,BUY,8053
1640995208054000000,40164.57047660,17.57066525,BUY,8054
1640995208055000000,40167.45341108,22.06831956,SELL,8055
1640995208056000000,40170.97331943,93.03229707,BUY,8056
1640995208057000000,40167.15305700,102.31124116,BUY,8057
1640995208058000000,40169.80739928,59.89614035,BUY,8058
1640995208059000000,40171.72524247,53.22174474,SELL,8059
1640995208060000000,40174.94867175,81.30047093,BUY,8060
1640995208061000000,40173.68290243,88.13907278,BUY,8061
1640995208062000000,40169.69774446,43.47465528,SELL,8062
1640995208063000000,40171.65047849,58.46785671,BUY,8063
1640995208064000000,40167.23470470,32.67907806,BUY,8064
1640995208065000000,40167.31792277,16.52852509,SELL,8065
1640995208066000000,40164.06149283,71.03967341,SELL,8066
1640995208067000000,40168.16170241,99.31255885,SELL,8067
1640995208068000000,40164.64781729,25.83792319,BUY,8068
1640995208069000000,40159.17063083,99.30900058,BUY,8069
1640995208070000000,40159.59683089,63.33093419,SELL,8070
1640995208071000000,40158.75340037,29.01725401,SELL,8071
1640995208072000000,40158.18577234,28.82635996,BUY,8072
1640995208073000000,40160.64125586,106.83426636,SELL,8073
1640995208074000000,40160.06198171,11.26882385,BUY,8074
1640995208075000000,40163.83581203,62.39655090,BUY,8075
1640995208076000000,40156.97753942,10.53013006,SELL,8076
1640995208077000000,40164.23805483,96.20060152,BUY,8077
1640995208078000000,40159.70907133,109.56995787,BUY,8078
1640995208079000000,40158.59449603,31.64951693,SELL,8079
1640995208080000000,40157.14272450,64.07724939,BUY,8080
1640995208081000000,40157.00504440,109.06221309,SELL,8081
1640995208082000000,40161.73009834,71.95076280,BUY,8082
1640995208083000000,40165.52845423,76.09499606,SELL,8083
1640995208084000000,40164.56349240,56.48867641,BUY,8084
1640995208085000000,40168.09226378,33.43576122,SELL,8085
1640995208086000000,40168.87367687,47.15680011,BUY,8086
1640995208087000000,40168.41092497,39.19305650,BUY,8087
1640995208088000000,40170.55462552,44.76326190,BUY,8088
1640995208089000000,40167.51031773,106.87192282,SELL,8089
1640995208090000000,40168.70553715,103.23050245,SELL,8090
1640995208091000000,40163.33223038,75.79541136,BUY,8091
1640995208092000000,40160.52328399,17.26382887,BUY,8092
1640995208093000000,40168.71517108,30.39233585,SELL,8093
1640995208094000000,40172.82628472,51.33804807,SELL,8094
1640995208095000000,40171.05139311,79.97713352,BUY,8095
1640995208096000000,40171.96469750,84.07595183,BUY,8096
1640995208097000000,40174.00748124,37.14461320,BUY,8097
1640995208098000000,40172.25847626,52.68606826,BUY,8098
1640995208099000000,40174.28527354,16.32815955,SELL,8099
1640995208100000000,40177.76860258,101.75133390,BUY,8100
1640995208101000000,40173.87856586,15.45486157,BUY,8101
1640995208102000000,40171.73841000,71.81543770,SELL,8102
1640995208103000000,40170.90932284,105.25011451,BUY,8103
1640995208104000000,40167.26961439,104.19333998,BUY,8104
1640995208105000000,40174.24999584,32.68867062,SELL,8105
1640995208106000000,40178.99356227,83.33022832,SELL,8106
1640995208107000000,40178.33929691,100.01666050,SELL,8107
1640995208108000000,40182.13378807,12.90612000,BUY,8108
1640995208109000000,40180.45966262,87.44596160,BUY,8109
1640995208110000000,40177.48220993,78.13950626,SELL,8110
1640995208111000000,40187.11233502,65.64878264,BUY,8111
1640995208112000000,40189.12144346,62.81271644,BUY,8112
1640995208113000000,40189.05491345,81.54442909,SELL,8113
1640995208114000000,40188.14332227,33.17293215,BUY,8114
1640995208115000000,40192.06514920,72.43013756,BUY,8115
1640995208116000000,39384.88925777,15.10118762,BUY,8116
1640995208117000000,39384.80605206,16.69760398,SELL,8117
1640995208118000000,39387.47445860,16.26604486,BUY,8118
1640995208119000000,39386.69388695,38.58259420,SELL,8119
1640995208120000000,39389.43496908,62.62771709,BUY,8120
1640995208121000000,40181.75829292,78.64603390,BUY,8121
1640995208122000000,40182.48669275,94.41013374,SELL,8122
1640995208123000000,40189.87950688,36.61308865,SELL,8123
1640995208124000000,40192.45037805,76.42478188,SELL,8124
1640995208125000000,40187.52488131,50.88145674,BUY,8125
1640995208126000000,40185.58877778,94.71341894,SELL,8126
1640995208127000000,40191.44281712,106.24919828,SELL,8127
1640995208128000000,40193.14855428,14.48183289,SELL,8128
1640995208129000000,40193.46555620,50.86747289,BUY,8129
1640995208130000000,40199.52917788,66.52491829,BUY,8130
1640995208131000000,40202.95914104,81.80648228,BUY,8131
1640995208132000000,40205.25158767,37.31791131,BUY,8132
1640995208133000000,40206.91081537,89.78434004,BUY,8133
1640995208134000000,40203.84083414,62.46238352,BUY,8134
1640995208135000000,40203.89287633,84.20524279,BUY,8135
1640995208136000000,40205.60059236,13.58133965,BUY,8136
1640995208137000000,40203.80769209,14.97730177,SELL,8137
1640995208138000000,40204.13421377,81.88023403,BUY,8138
1640995208139000000,40205.69506984,25.80936446,BUY,8139
1640995208140000000,40206.46793511,27.30570713,SELL,8140
1640995208141000000,40209.25830386,95.70568444,BUY,8141
1640995208142000000,40198.71177848,49.80576629,SELL,8142
1640995208143000000,40198.43543693,65.47544918,SELL,8143
1640995208144000000,40200.45203238,57.17585145,BUY,8144
1640995208145000000,40204.68174901,11.61214233,SELL,8145
1640995208146000000,40205.42866134,88.98681691,BUY,8146
1640995208147000000,40200.84848897,78.58967068,BUY,8147
1640995208148000000,40200.55052222,47.61132387,SELL,8148
1640995208149000000,40194.98905939,88.35858416,SELL,8149
1640995208150000000,40200.66696932,106.36682539,SELL,8150
1640995208151000000,40200.22415322,10.31442970,BUY,8151
1640995208152000000,40195.18896418,52.74516710,SELL,8152
1640995208153000000,40187.38870550,21.88008725,SELL,8153
1640995208154000000,40191.20814494,43.66290633,BUY,8154
1640995208155000000,40185.93255504,37.64225383,SELL,8155
1640995208156000000,40187.73996002,62.54589181,SELL,8156
1640995208157000000,40185.92747063,39.02103218,BUY,8157
1640995208158000000,40194.48432858,59.33580969,SELL,8158
1640995208159000000,40188.74538775,22.21066427,BUY,8159
1640995208160000000,40188.18723478,54.84993461,SELL,8160
1640995208161000000,40192.55331673,15.78175981,BUY,8161
1640995208162000000,40184.10606505,52.47623916,SELL,8162
1640995208163000000,40185.26338874,41.21577276,BUY,8163
1640995208164000000,40185.89389608,42.69927150,SELL,8164
1640995208165000000,40182.84681021,81.50511326,SELL,8165
1640995208166000000,40182.99286883,75.96383599,BUY,8166
1640995208167000000,40179.08040529,43.96000432,BUY,8167
1640995208168000000,40176.16902854,79.96585313,SELL,8168
1640995208169000000,40180.11068906,48.01031558,BUY,8169
1640995208170000000,40179.39559562,21.39741020,BUY,8170
1640995208171000000,40181.99784962,105.17817839,SELL,8171
1640995208172000000,40184.44854597,10.54666212,SELL,8172
1640995208173000000,40186.66591124,89.95580813,BUY,8173
1640995208174000000,40187.68415681,88.03622360,BUY,8174
1640995208175000000,40185.33899145,100.72492021,SELL,8175
1640995208176000000,40184.58754068,59.68626085,SELL,8176
1640995208177000000,40186.01410884,62.57696939,SELL,8177
1640995208178000000,40190.53470804,79.62426190,BUY,8178
1640995208179000000,40189.76579713,54.00559760,BUY,8179
1640995208180000000,40190.65622732,97.32113057,BUY,8180
1640995208181000000,40189.46676866,32.42787634,SELL,8181
1640995208182000000,40191.87384499,88.64850026,BUY,8182
1640995208183000000,40192.81731421,57.56158000,BUY,8183
1640995208184000000,40197.10443733,45.66250133,BUY,8184
1640995208185000000,40195.64997545,87.24580873,SELL,8185
1640995208186000000,40196.22792947,59.26537462,SELL,8186
1640995208187000000,40197.04754399,37.95494019,BUY,8187
1640995208188000000,40187.86199882,80.64058030,SELL,8188
1640995208189000000,40187.98319792,23.85255254,BUY,8189
1640995208190000000,40186.85120964,95.43166354,SELL,8190
1640995208191000000,40188.33993436,56.60716257,BUY,8191
1640995208192000000,40181.23605779,11.23987443,BUY,8192
1640995208193000000,40184.35963654,32.58810942,BUY,8193
1640995208194000000,40192.23697355,57.59632631,SELL,8194
1640995208195000000,40199.81611643,109.71388257,BUY,8195
1640995208196000000,40206.93589395,51.34788206,SELL,8196
1640995208197000000,40208.88340468,45.33791741,SELL,8197
1640995208198000000,40205.74071443,57.91661452,BUY,8198
1640995208199000000,40212.49581457,24.75761411,BUY,8199
1640995208200000000,40213.94192861,101.10794342,BUY,8200
1640995208201000000,40221.97457017,33.91177566,SELL,8201
1640995208202000000,40224.56524187,16.91405496,BUY,8202
1640995208203000000,40219.67698232,88.02871497,BUY,8203
1640995208204000000,39416.19129236,34.57659335,BUY,8204
1640995208205000000,39417.46516626,76.77268002,BUY,8205
1640995208206000000,39421.36936807,69.06213743,SELL,8206
1640995208207000000,39420.29643908,88.84447148,BUY,8207
1640995208208000000,39424.99681627,62.05614037,SELL,8208
1640995208209000000,39425.15638149,24.57880589,BUY,8209
1640995208210000000,39426.39027289,19.51642244,BUY,8210
1640995208211000000,39429.58201395,13.13356321,BUY,8211
1640995208212000000,39422.00631069,109.38449768,SELL,8212
1640995208213000000,39423.81887893,64.48602504,BUY,8213
1640995208214000000,39429.63647635,57.63002104,SELL,8214
1640995208215000000,39423.45355673,28.64518445,BUY,8215
1640995208216000000,39426.12338498,29.72252011,SELL,8216
1640995208217000000,39427.47095628,25.70098586,SELL,8217
1640995208218000000,39432.54073605,83.00140458,SELL,8218
1640995208219000000,39428.75885123,23.15531107,BUY,8219
1640995208220000000,39432.94560470,100.96955515,SELL,8220
1640995208221000000,39430.77544023,20.31761580,BUY,8221
1640995208222000000,39429.41931403,13.01665656,SELL,8222
1640995208223000000,39427.91277672,59.83941551,BUY,8223
1640995208224000000,39429.65808714,42.05046059,SELL,8224
1640995208225000000,39429.83563305,47.33940348,BUY,8225
1640995208226000000,39428.48491195,86.77434285,SELL,8226
1640995208227000000,39428.31707344,45.90965244,SELL,8227
1640995208228000000,39424.60157259,24.57236898,BUY,8228
1640995208229000000,39426.91722563,54.12777129,BUY,8229
1640995208230000000,39427.37070465,102.63961928,BUY,8230
1640995208231000000,39425.99446601,70.87930443,BUY,8231
1640995208232000000,39423.71456875,39.49066957,SELL,8232
1640995208233000000,39424.13857310,66.73757420,BUY,8233
1640995208234000000,39429.04747476,103.39397001,SELL,8234
1640995208235000000,39424.05741336,76.78373966,SELL,8235
1640995208236000000,39435.04155173,21.44070200,BUY,8236
1640995208237000000,39432.85143244,71.91984139,BUY,8237
1640995208238000000,39433.66514321,35.70347998,SELL,8238
1640995208239000000,39431.25192935,57.04245057,BUY,8239
1640995208240000000,39432.96194682,23.78265418,SELL,8240
1640995208241000000,39434.01748723,20.94440848,BUY,8241
1640995208242000000,39437.41744379,13.77096171,BUY,8242
1640995208243000000,39440.11490310,95.12015650,SELL,8243
1640995208244000000,39440.57126625,108.07729464,SELL,8244
1640995208245000000,39433.74406163,101.01024116,SELL,8245
1640995208246000000,39434.75328605,71.97579645,BUY,8246
1640995208247000000,39435.70128047,98.07246887,BUY,8247
1640995208248000000,39439.46930370,99.70310838,SELL,8248
1640995208249000000,39438.61626174,10.76425477,SELL,8249
1640995208250000000,39440.30548470,70.24755582,SELL,8250
1640995208251000000,39443.76927486,78.72844648,BUY,8251
1640995208252000000,39444.79290183,96.17759520,SELL,8252
1640995208253000000,39448.39566935,69.38087966,BUY,8253
1640995208254000000,39450.18059693,35.07826587,BUY,8254
1640995208255000000,39457.34783507,53.40912268,BUY,8255
1640995208256000000,39456.34008859,72.81232415,SELL,8256
1640995208257000000,39454.26516805,106.54276154,BUY,8257
1640995208258000000,39457.39893179,19.42903754,BUY,8258
1640995208259000000,39456.17067652,71.93648622,SELL,8259
1640995208260000000,39452.73081273,29.01110842,SELL,8260
1640995208261000000,39458.68953807,82.63616633,BUY,8261
1640995208262000000,39461.79927869,79.17408043,SELL,8262
1640995208263000000,39460.36075458,38.43688557,SELL,8263
1640995208264000000,39458.49479396,73.89411438,BUY,8264
1640995208265000000,39452.54680097,60.10047924,BUY,8265
1640995208266000000,39450.78676760,54.14541272,SELL,8266
1640995208267000000,39447.04853579,19.15255426,BUY,8267
1640995208268000000,39440.58281334,30.65081697,SELL,8268
1640995208269000000,39442.07459594,102.05513866,BUY,8269
1640995208270000000,39439.72671771,31.34110497,BUY,8270
1640995208271000000,39437.71069987,104.58452044,BUY,8271
1640995208272000000,39438.30415265,36.01312632,SELL,8272
1640995208273000000,39438.25057053,29.09954042,BUY,8273
1640995208274000000,39440.30671487,94.16819804,SELL,8274
1640995208275000000,39438.55986859,77.69971889,BUY,8275
1640995208276000000,39442.60784073,98.93233220,SELL,8276
1640995208277000000,39443.69482818,50.75515170,BUY,8277
1640995208278000000,39447.64005325,11.88791735,SELL,8278
1640995208279000000,39454.08309922,102.30262162,BUY,8279
1640995208280000000,39459.31129393,54.68914151,BUY,8280
1640995208281000000,39456.96319545,64.24122463,BUY,8281
1640995208282000000,39465.41372026,99.75807979,BUY,8282
1640995208283000000,39462.37764180,20.68546331,BUY,8283
1640995208284000000,39462.14042025,54.54872372,SELL,8284
1640995208285000000,39463.01629169,71.36795598,SELL,8285
1640995208286000000,39459.36350543,62.74481326,BUY,8286
1640995208287000000,39461.95781720,77.62960175,SELL,8287
1640995208288000000,39463.66670454,41.66939104,BUY,8288
1640995208289000000,39462.47249548,68.29576737,SELL,8289
1640995208290000000,39467.19176919,49.17397978,BUY,8290
1640995208291000000,39469.19526474,23.19798654,BUY,8291
1640995208292000000,39471.52682734,52.61370561,SELL,8292
1640995208293000000,39468.51369560,30.46182630,BUY,8293
1640995208294000000,39473.94652732,41.48224759,SELL,8294
1640995208295000000,39472.75502141,31.41596007,SELL,8295
1640995208296000000,38683.22298829,32.26827467,BUY,8296
1640995208297000000,38683.67469217,98.31937687,BUY,8297
1640995208298000000,38687.11384142,18.19439597,SELL,8298
1640995208299000000,38683.75002316,21.16281090,SELL,8299
1640995208300000000,38681.47554317,71.74433746,BUY,8300
1640995208301000000,38683.17324226,69.60041604,SELL,8301
1640995208302000000,38684.10736952,87.31698256,BUY,8302
1640995208303000000,38682.59684414,86.31592598,SELL,8303
1640995208304000000,38684.96911467,103.73721578,BUY,8304
1640995208305000000,38683.31631697,80.25309618,SELL,8305
1640995208306000000,38690.36811713,59.32582517,BUY,8306
1640995208307000000,38692.81190043,105.59522422,SELL,8307
1640995208308000000,38699.36201421,57.19175382,BUY,8308
1640995208309000000,38696.03965078,86.28927819,BUY,8309
1640995208310000000,38701.68088269,65.87650915,BUY,8310
1640995208311000000,38706.21424352,28.54267515,SELL,8311
1640995208312000000,38697.89922960,69.20895452,SELL,8312
1640995208313000000,38696.09480964,35.93967197,BUY,8313
1640995208314000000,38696.66554073,26.32342308,SELL,8314
1640995208315000000,38696.82649098,60.15122184,SELL,8315
1640995208316000000,38706.67231158,78.07249739,BUY,8316
1640995208317000000,38701.58814774,96.74010826,BUY,8317
1640995208318000000,38700.21765650,82.08811268,SELL,8318
1640995208319000000,38701.20739181,26.87730176,BUY,8319
1640995208320000000,38703.07761594,11.13360685,BUY,8320
1640995208321000000,38709.12036663,49.02466266,SELL,8321
1640995208322000000,38715.42557226,70.63258524,SELL,8322
1640995208323000000,38707.57098221,28.08610278,SELL,8323
1640995208324000000,38710.32749335,37.88174966,BUY,8324
1640995208325000000,38702.45745277,73.40407711,SELL,8325
1640995208326000000,38706.10952990,28.10488771,BUY,8326
1640995208327000000,38712.17488997,106.94654183,SELL,8327
1640995208328000000,38709.90119399,96.44124321,SELL,8328
1640995208329000000,38708.47251719,106.57975438,SELL,8329
1640995208330000000,38699.95466336,59.03857993,BUY,8330
1640995208331000000,38695.99374915,100.48716742,BUY,8331
1640995208332000000,38692.75618807,44.53648726,SELL,8332
1640995208333000000,38692.85580929,83.57378481,SELL,8333
1640995208334000000,38696.21611355,107.46722020,BUY,8334
1640995208335000000,38691.84087349,68.52658069,SELL,8335
1640995208336000000,38700.57059792,42.13055261,SELL,8336
1640995208337000000,38697.90792673,22.06502829,SELL,8337
1640995208338000000,38695.15263315,78.04879367,SELL,8338
1640995208339000000,38697.48787395,69.24760682,BUY,8339
1640995208340000000,38696.05664913,102.61851130,BUY,8340
1640995208341000000,38688.66727145,66.85508331,SELL,8341
1640995208342000000,38689.26963491,43.24499181,SELL,8342
1640995208343000000,38684.27320279,52.26359696,SELL,8343
1640995208344000000,38688.06381657,44.31898423,SELL,8344
1640995208345000000,38696.54649502,62.36371455,SELL,8345
1640995208346000000,38696.48600282,14.78024123,BUY,8346
1640995208347000000,38693.42120856,81.44521982,SELL,8347
1640995208348000000,38696.57245310,97.45638162,SELL,8348
1640995208349000000,38700.25737571,86.28446260,BUY,8349
1640995208350000000,38699.68404498,26.05643745,SELL,8350
1640995208351000000,38699.49596066,60.00935760,BUY,8351
1640995208352000000,38696.79257617,67.05124669,BUY,8352
1640995208353000000,38688.62150051,48.00026038,BUY,8353
1640995208354000000,38685.37877826,47.18717925,BUY,8354
1640995208355000000,38685.64329557,91.55300575,BUY,8355
1640995208356000000,38684.92163326,24.60630728,BUY,8356
1640995208357000000,38685.93117763,40.13573926,SELL,8357
1640995208358000000,38677.71800186,38.84721206,SELL,8358
1640995208359000000,38683.34051128,25.44826066,BUY,8359
1640995208360000000,38685.71214834,84.82080395,BUY,8360
1640995208361000000,38689.60855705,11.17213611,BUY,8361
1640995208362000000,38684.82852549,48.59240217,SELL,8362
1640995208363000000,38683.13654967,54.92625265,SELL,8363
1640995208364000000,38681.51920583,46.63839230,SELL,8364
1640995208365000000,38682.96151941,81.36773835,BUY,8365
1640995208366000000,38686.51839027,48.22977285,BUY,8366
1640995208367000000,38681.74722029,56.84672396,SELL,8367
1640995208368000000,38688.71642030,92.41369955,BUY,8368
1640995208369000000,38685.35755246,61.77327846,BUY,8369
1640995208370000000,38685.34448589,36.66059469,BUY,8370
1640995208371000000,38682.93160795,19.75956243,BUY,8371
1640995208372000000,38688.93612185,53.80641515,SELL,8372
1640995208373000000,38684.88675665,20.28934089,SELL,8373
1640995208374000000,38684.26251350,105.33201578,BUY,8374
1640995208375000000,38686.84473367,79.04535837,SELL,8375
1640995208376000000,38688.96363206,15.51184755,SELL,8376
1640995208377000000,38691.07224813,58.52398820,BUY,8377
1640995208378000000,38694.67163892,47.57218131,SELL,8378
1640995208379000000,38691.74257399,43.31348886,BUY,8379
1640995208380000000,38692.87390198,44.98151212,SELL,8380
1640995208381000000,38685.59745899,31.19971826,BUY,8381
1640995208382000000,38679.62294001,60.50104778,BUY,8382
1640995208383000000,38680.05698786,56.05507552,BUY,8383
1640995208384000000,38680.58749059,64.75051725,SELL,8384
1640995208385000000,38678.05890762,64.61066892,SELL,8385
1640995208386000000,38673.11759810,27.40907309,BUY,8386
1640995208387000000,38666.18475566,43.25101726,BUY,8387
1640995208388000000,38671.39705772,30.43434809,BUY,8388
1640995208389000000,38670.35236330,93.08697470,BUY,8389
1640995208390000000,38669.04408092,39.22542541,BUY,8390
1640995208391000000,38671.36718684,82.24764369,BUY,8391
1640995208392000000,38666.43845439,37.71608350,SELL,8392
1640995208393000000,38672.28643811,87.10197832,BUY,8393
1640995208394000000,38669.79609065,77.50699445,BUY,8394
1640995208395000000,38668.42701356,49.17423524,SELL,8395
1640995208396000000,38670.82119817,82.31609633,SELL,8396
1640995208397000000,38675.40672977,107.83114358,BUY,8397
1640995208398000000,38676.18698935,37.51086592,SELL,8398
1640995208399000000,38677.32177536,54.62167953,SELL,8399
1640995208400000000,38682.26608200,108.03005039,BUY,8400
1640995208401000000,38672.26646742,68.98202826,SELL,8401
1640995208402000000,38674.21955764,26.21190225,SELL,8402
1640995208403000000,38675.57656526,69.91056544,SELL,8403
1640995208404000000,38680.45441065,42.05911193,SELL,8404
1640995208405000000,38679.04537389,99.34153864,SELL,8405
1640995208406000000,38685.49637156,30.19514619,SELL,8406
1640995208407000000,38687.06057927,53.95616366,BUY,8407
1640995208408000000,38684.89426292,105.18507218,SELL,8408
1640995208409000000,38687.39633857,62.54512193,BUY,8409
1640995208410000000,38687.33976559,74.80173133,SELL,8410
1640995208411000000,38684.57817486,74.91622547,SELL,8411
1640995208412000000,38685.97487645,101.78158978,BUY,8412
1640995208413000000,38686.46612899,43.16695383,BUY,8413
1640995208414000000,38688.82927358,96.44451192,SELL,8414
1640995208415000000,38686.92108552,90.56322200,BUY,8415
1640995208416000000,38691.29285592,81.53702802,SELL,8416
1640995208417000000,38695.62644873,13.75682928,SELL,8417
1640995208418000000,38693.34455383,59.64247373,BUY,8418
1640995208419000000,38698.66293112,21.64185903,BUY,8419
1640995208420000000,38697.25515183,86.94052421,BUY,8420
1640995208421000000,38699.94303582,77.92045788,BUY,8421
1640995208422000000,38700.88915354,46.99084475,BUY,8422
1640995208423000000,38700.77158715,48.33219916,SELL,8423
1640995208424000000,38699.34896029,81.29466919,BUY,8424
1640995208425000000,38701.79462596,10.38282758,BUY,8425
1640995208426000000,38697.68047867,83.35786308,SELL,8426
1640995208427000000,38702.79874693,77.76744479,SELL,8427
1640995208428000000,38709.92438955,22.47048308,BUY,8428
1640995208429000000,38714.25696324,31.70636200,SELL,8429
1640995208430000000,38714.26910017,44.59234934,SELL,8430
1640995208431000000,38712.49877065,86.66725528,SELL,8431
1640995208432000000,38712.93088868,62.43899912,SELL,8432
1640995208433000000,38710.98506280,36.82746655,BUY,8433
1640995208434000000,38712.48813021,56.56920548,SELL,8434
1640995208435000000,38709.29504410,108.06592988,SELL,8435
1640995208436000000,38714.85662835,42.98301491,BUY,8436
1640995208437000000,38714.39282497,93.46962790,BUY,8437
1640995208438000000,38706.10450967,52.62676972,BUY,8438
1640995208439000000,38699.87553626,58.93759173,BUY,8439
1640995208440000000,38704.81718419,94.14132813,BUY,8440
1640995208441000000,38694.80361959,87.78042911,BUY,8441
1640995208442000000,38695.52784676,23.27705464,SELL,8442
1640995208443000000,38697.22573147,42.16072050,BUY,8443
1640995208444000000,38697.04945714,33.42840207,SELL,8444
1640995208445000000,38691.97968029,101.96041284,BUY,8445
1640995208446000000,38694.80342656,52.16320209,SELL,8446
1640995208447000000,38698.16449164,60.82066197,BUY,8447
1640995208448000000,38692.00251069,79.11752033,BUY,8448
1640995208449000000,38689.37501909,48.23004736,BUY,8449
1640995208450000000,38687.33307088,13.14527461,SELL,8450
1640995208451000000,38687.59820689,74.66677640,SELL,8451
1640995208452000000,38695.08220663,89.44205982,SELL,8452
1640995208453000000,38693.66396508,25.23195224,BUY,8453
1640995208454000000,38686.21492443,52.21020838,SELL,8454
1640995208455000000,38688.10160961,106.41932260,BUY,8455
1640995208456000000,38685.17406253,71.76528467,SELL,8456
1640995208457000000,38686.48695073,67.85330339,SELL,8457
1640995208458000000,38687.04645928,44.83003211,BUY,8458
1640995208459000000,38683.14024795,69.55276772,BUY,8459
1640995208460000000,38689.47809445,43.11199723,BUY,8460
1640995208461000000,38692.09529956,51.16390853,BUY,8461
1640995208462000000,38693.22659980,86.01502664,SELL,8462
1640995208463000000,38694.80625046,101.86947550,SELL,8463
1640995208464000000,38695.85655535,91.17510867,BUY,8464
1640995208465000000,38699.15057167,27.02516123,SELL,8465
1640995208466000000,38700.93041595,27.71434359,SELL,8466
1640995208467000000,38701.56765786,61.09671813,SELL,8467
1640995208468000000,38697.16578916,14.55025474,BUY,8468
1640995208469000000,38699.76715937,89.41639221,BUY,8469
1640995208470000000,38698.16265412,46.62698165,SELL,8470
1640995208471000000,38697.28737579,57.63046940,SELL,8471
1640995208472000000,38689.29084579,85.79173627,SELL,8472
1640995208473000000,38686.82365309,22.03813268,BUY,8473
1640995208474000000,38686.95465928,49.11923470,SELL,8474
1640995208475000000,38687.25058711,46.45057513,BUY,8475
1640995208476000000,38697.02455895,101.19264260,BUY,8476
1640995208477000000,38695.88956730,29.49373542,BUY,8477
1640995208478000000,38691.99159394,49.60350894,BUY,8478
1640995208479000000,38684.37916740,75.47110491,SELL,8479
1640995208480000000,38680.04232735,55.30030945,BUY,8480
1640995208481000000,38687.85082368,75.11323461,BUY,8481
1640995208482000000,38696.58048192,17.00407896,BUY,8482
1640995208483000000,38692.88576841,82.95242915,SELL,8483
1640995208484000000,38687.49326815,14.81550793,BUY,8484
1640995208485000000,38687.41369518,99.47735244,BUY,8485
1640995208486000000,38691.12084741,79.43312469,BUY,8486
1640995208487000000,38686.89952211,14.72004603,BUY,8487
1640995208488000000,38689.17982719,44.15750309,SELL,8488
1640995208489000000,38684.56030296,64.10434004,BUY,8489
1640995208490000000,38679.72513901,94.94785169,BUY,8490
1640995208491000000,38679.59534344,77.00791942,BUY,8491
1640995208492000000,38681.28798942,24.39970012,BUY,8492
1640995208493000000,38686.85112262,20.59993901,BUY,8493
1640995208494000000,38697.47996230,102.62446068,BUY,8494
1640995208495000000,38702.72586150,43.49253116,BUY,8495
1640995208496000000,38702.80907474,104.57113926,SELL,8496
1640995208497000000,38708.14557271,50.57530205,SELL,8497
1640995208498000000,38708.43667748,35.30642250,BUY,8498
1640995208499000000,38706.83395280,49.55526630,SELL,8499
1640995208500000000,38706.83295732,39.34037750,BUY,8500
1640995208501000000,38706.09729834,54.31910529,BUY,8501
1640995208502000000,38700.69003828,70.65793322,BUY,8502
1640995208503000000,38697.95267190,87.93607356,SELL,8503
1640995208504000000,38693.19336210,43.38490930,BUY,8504
1640995208505000000,38691.51487887,91.42913560,SELL,8505
1640995208506000000,38689.75981356,53.51967545,BUY,8506
1640995208507000000,38685.49700372,90.13997140,BUY,8507
1640995208508000000,38689.12662926,16.75747116,SELL,8508
1640995208509000000,38691.07877228,14.64631616,SELL,8509
1640995208510000000,38691.07603094,90.53992025,SELL,8510
1640995208511000000,38693.44728883,93.88883175,SELL,8511
1640995208512000000,38688.07233249,66.55901757,SELL,8512
1640995208513000000,38688.91558510,31.41063564,BUY,8513
1640995208514000000,38687.07216376,62.76619875,BUY,8514
1640995208515000000,38686.46246894,50.25917291,BUY,8515
1640995208516000000,38692.15181359,81.29508965,SELL,8516
1640995208517000000,38701.28653319,20.75116988,BUY,8517
1640995208518000000,38706.35782930,56.54614108,SELL,8518
1640995208519000000,38712.92919866,26.68080292,SELL,8519
1640995208520000000,38717.54110064,17.42218800,BUY,8520
1640995208521000000,38718.28812194,62.49300457,BUY,8521
1640995208522000000,38720.74139051,103.68892339,SELL,8522
1640995208523000000,38723.56592784,27.51909380,BUY,8523
1640995208524000000,38722.87983783,50.44317246,SELL,8524
1640995208525000000,38718.48646820,79.08859750,SELL,8525
1640995208526000000,38716.85968309,101.82639333,BUY,8526
1640995208527000000,38717.97518316,69.69631889,SELL,8527
1640995208528000000,38721.83637235,29.40939282,BUY,8528
1640995208529000000,38720.04605412,47.61533199,SELL,8529
1640995208530000000,38719.91141673,57.24141181,BUY,8530
1640995208531000000,38720.17252386,18.61122187,SELL,8531
1640995208532000000,38722.94131231,21.64727860,SELL,8532
1640995208533000000,38719.50611702,37.79225505,SELL,8533
1640995208534000000,38725.69109664,13.08492631,BUY,8534
1640995208535000000,38724.52473544,104.46382191,SELL,8535
1640995208536000000,38730.95597626,44.09638731,BUY,8536
1640995208537000000,38725.37382525,98.25343766,SELL,8537
1640995208538000000,38725.29393680,71.32722055,BUY,8538
1640995208539000000,38722.35223042,39.26368308,SELL,8539
1640995208540000000,38720.51093293,95.54863269,SELL,8540
1640995208541000000,38725.16331823,10.69423851,SELL,8541
1640995208542000000,38722.51733986,12.56517185,BUY,8542
1640995208543000000,38720.88598376,83.61098891,BUY,8543
1640995208544000000,38719.39398389,33.64825383,BUY,8544
1640995208545000000,38716.66896967,84.71960470,SELL,8545
1640995208546000000,38711.11258521,65.93595945,SELL,8546
1640995208547000000,38707.26874125,94.38445783,BUY,8547
1640995208548000000,38703.90636287,89.49938874,BUY,8548
1640995208549000000,38705.24072424,62.72398629,SELL,8549
1640995208550000000,38701.77749153,106.31777818,BUY,8550
1640995208551000000,38703.88783363,70.16978362,SELL,8551
1640995208552000000,38700.42635222,83.04119960,SELL,8552
1640995208553000000,38696.77031753,38.75431010,BUY,8553
1640995208554000000,38693.50839662,45.62904043,BUY,8554
1640995208555000000,38695.98270734,28.75465901,SELL,8555
1640995208556000000,38701.73680406,78.23599702,SELL,8556
1640995208557000000,38703.61202634,22.55098667,BUY,8557
1640995208558000000,38704.13730564,26.87869637,SELL,8558
1640995208559000000,38708.40261768,10.08688388,SELL,8559
1640995208560000000,38707.94033782,46.74322463,SELL,8560
1640995208561000000,38702.03842713,35.08651490,BUY,8561
1640995208562000000,38696.92586749,96.61385592,SELL,8562
1640995208563000000,38697.80600927,43.20455394,BUY,8563
1640995208564000000,38702.48515960,14.73779854,SELL,8564
1640995208565000000,38693.35720407,39.56677048,SELL,8565
1640995208566000000,38697.28454585,81.59858420,SELL,8566
1640995208567000000,38697.87339340,49.10368617,SELL,8567
1640995208568000000,38695.23777384,51.04729581,SELL,8568
1640995208569000000,38697.91966930,109.52838800,SELL,8569
1640995208570000000,38700.56253507,84.97405646,SELL,8570
1640995208571000000,38707.32375352,103.08103746,BUY,8571
1640995208572000000,38705.71016258,82.10805930,BUY,8572
1640995208573000000,38700.11852900,30.18660744,SELL,8573
1640995208574000000,38700.95834818,108.76064339,BUY,8574
1640995208575000000,38707.06854140,58.42665851,SELL,8575
1640995208576000000,38709.40705409,38.10164157,SELL,8576
1640995208577000000,38708.19416793,50.62101633,BUY,8577
1640995208578000000,38701.68088045,76.25786657,SELL,8578
1640995208579000000,38699.42877620,40.19227469,BUY,8579
1640995208580000000,38698.37765217,32.78587501,SELL,8580
1640995208581000000,38696.58699826,29.63144929,BUY,8581
1640995208582000000,38698.99616036,97.15184531,SELL,8582
1640995208583000000,38698.69546256,107.54290617,SELL,8583
1640995208584000000,38702.45481790,85.29950972,SELL,8584
1640995208585000000,38698.77412430,21.79584517,BUY,8585
1640995208586000000,38698.25152701,35.00609826,BUY,8586
1640995208587000000,38701.13731668,102.32961108,SELL,8587
1640995208588000000,38701.53961214,99.43532208,BUY,8588
1640995208589000000,38701.00746979,45.52716607,SELL,8589
1640995208590000000,38697.39499854,48.86017631,BUY,8590
1640995208591000000,38697.45530792,106.45326530,SELL,8591
1640995208592000000,38694.65792840,68.33379386,SELL,8592
1640995208593000000,38693.35809089,72.00275625,SELL,8593
1640995208594000000,38691.54532789,62.90727637,BUY,8594
1640995208595000000,38685.39847535,77.88518616,SELL,8595
1640995208596000000,38686.13827988,41.57905195,BUY,8596
1640995208597000000,38681.85454363,101.37818076,SELL,8597
1640995208598000000,38686.77496328,97.60044922,BUY,8598
1640995208599000000,38686.26424779,29.59124441,SELL,8599
1640995208600000000,38688.27940274,19.24827585,BUY,8600
1640995208601000000,38684.21569798,59.50460202,SELL,8601
1640995208602000000,38680.20921642,97.34931617,SELL,8602
1640995208603000000,38686.31790655,13.43999579,SELL,8603
1640995208604000000,38688.01733933,45.18215919,SELL,8604
1640995208605000000,38691.84002750,61.59518894,SELL,8605
1640995208606000000,38694.25809156,86.65344240,BUY,8606
1640995208607000000,38692.07225863,106.03824539,SELL,8607
1640995208608000000,38691.91649043,17.33491740,SELL,8608
1640995208609000000,38690.14995437,50.62880082,BUY,8609
1640995208610000000,38692.78852632,99.72743525,SELL,8610
1640995208611000000,38692.44412876,34.41482442,BUY,8611
1640995208612000000,38693.91525839,16.32636408,BUY,8612
1640995208613000000,38691.93820776,68.82798262,SELL,8613
1640995208614000000,38687.25677788,65.19738456,BUY,8614
1640995208615000000,38686.63467505,53.15000790,BUY,8615
1640995208616000000,38689.56792529,83.54609129,SELL,8616
1640995208617000000,38691.68570091,20.43991577,SELL,8617
1640995208618000000,38694.19004499,15.88487239,BUY,8618
1640995208619000000,38695.55474001,109.47606035,BUY,8619
1640995208620000000,38705.33731794,31.99835289,BUY,8620
1640995208621000000,38709.64804376,59.98849657,SELL,8621
1640995208622000000,38710.72596943,34.55516779,SELL,8622
1640995208623000000,38706.61204084,93.10096720,SELL,8623
1640995208624000000,38708.49384753,26.72805962,SELL,8624
1640995208625000000,38701.04881018,45.52501888,BUY,8625
1640995208626000000,38701.72182689,99.11891250,SELL,8626
1640995208627000000,38702.30765581,99.08157246,BUY,8627
1640995208628000000,38704.81546043,94.25910168,SELL,8628
1640995208629000000,38699.91130012,95.07987491,SELL,8629
1640995208630000000,38703.43973341,23.33136756,SELL,8630
1640995208631000000,38699.78729604,101.83059253,SELL,8631
1640995208632000000,38709.29049807,26.55515570,BUY,8632
1640995208633000000,38713.43940159,51.25693154,SELL,8633
1640995208634000000,38714.96687670,53.54772238,BUY,8634
1640995208635000000,38712.30612364,43.62831352,SELL,8635
1640995208636000000,38720.19399392,73.79093654,SELL,8636
1640995208637000000,38722.46451952,107.72040700,SELL,8637
1640995208638000000,38723.42237956,36.97399179,SELL,8638
1640995208639000000,38723.52597913,28.73262268,BUY,8639
1640995208640000000,38724.55601442,15.97544305,BUY,8640
1640995208641000000,38722.95271725,49.91118726,BUY,8641
1640995208642000000,38717.60087602,31.46653066,BUY,8642
1640995208643000000,38721.29257328,84.60378379,SELL,8643
1640995208644000000,38719.86522406,101.83230990,SELL,8644
1640995208645000000,38718.03094905,83.55798224,SELL,8645
1640995208646000000,38721.84412352,35.45410356,BUY,8646
1640995208647000000,38720.89715339,24.51905673,SELL,8647
1640995208648000000,38727.46486005,97.91193636,SELL,8648
1640995208649000000,38728.67087774,39.23683960,BUY,8649
1640995208650000000,38727.48006930,92.67807029,SELL,8650
1640995208651000000,37952.00941763,65.48306279,BUY,8651
1640995208652000000,37948.88100792,32.57709215,SELL,8652
1640995208653000000,37947.28483866,13.51875675,SELL,8653
1640995208654000000,37946.37724244,64.49897959,SELL,8654
1640995208655000000,37948.94933454,89.46814591,BUY,8655
1640995208656000000,37950.22902355,76.47309294,SELL,8656
1640995208657000000,37954.40666148,80.76088853,BUY,8657
1640995208658000000,37953.65216778,78.74741201,BUY,8658
1640995208659000000,37953.52366532,17.49900065,SELL,8659
1640995208660000000,37950.75054912,72.10552382,BUY,8660
1640995208661000000,37948.11139062,47.58763183,SELL,8661
1640995208662000000,37946.38286024,37.58577014,SELL,8662
1640995208663000000,37950.90738783,27.86832133,BUY,8663
1640995208664000000,37952.01966579,108.89568128,BUY,8664
1640995208665000000,37954.72769174,51.19207108,SELL,8665
1640995208666000000,37954.14748556,54.37837055,SELL,8666
1640995208667000000,37957.10530390,105.39779912,SELL,8667
1640995208668000000,37961.83234470,66.40997608,SELL,8668
1640995208669000000,37963.90129049,75.03053042,BUY,8669
1640995208670000000,37967.35745149,101.07281602,SELL,8670
1640995208671000000,37963.40543328,32.54712498,BUY,8671
1640995208672000000,37962.14619975,97.93834245,SELL,8672
1640995208673000000,37966.49169424,85.49491609,BUY,8673
1640995208674000000,37963.31688166,20.34587745,SELL,8674
1640995208675000000,37962.49127471,56.09469491,BUY,8675
1640995208676000000,37966.92307280,65.85393415,SELL,8676
1640995208677000000,37965.25973129,20.26382306,SELL,8677
1640995208678000000,37963.74763723,40.26429239,BUY,8678
1640995208679000000,37960.94451601,31.32887650,SELL,8679
1640995208680000000,37964.27062947,96.12703963,BUY,8680
1640995208681000000,37967.54549110,59.95588433,BUY,8681
1640995208682000000,37964.69466863,106.43494594,SELL,8682
1640995208683000000,37959.83458442,13.30779320,BUY,8683
1640995208684000000,37960.60471451,51.26896392,BUY,8684
1640995208685000000,37962.59966976,60.29810783,BUY,8685
1640995208686000000,37962.95700649,109.18938909,BUY,8686
1640995208687000000,37967.72181166,16.40764302,SELL,8687
1640995208688000000,37964.91352101,44.62633382,SELL,8688
1640995208689000000,37964.64175296,21.19393702,BUY,8689
1640995208690000000,37965.79415110,69.90684776,BUY,8690
1640995208691000000,37967.06906306,13.38515312,BUY,8691
1640995208692000000,37969.66223036,25.50783715,SELL,8692
1640995208693000000,37966.50890919,65.63476997,SELL,8693
1640995208694000000,37963.04884174,16.38838678,SELL,8694
1640995208695000000,37963.26333299,30.78096599,SELL,8695
1640995208696000000,37962.87443991,41.45633530,SELL,8696
1640995208697000000,37963.56552807,40.35962408,SELL,8697
1640995208698000000,37961.20558170,21.20429209,SELL,8698
1640995208699000000,37964.97573501,80.36010424,SELL,8699
1640995208700000000,37964.84839438,29.67787875,SELL,8700
1640995208701000000,37968.92291015,31.79525463,SELL,8701
1640995208702000000,37967.88159108,102.02287775,SELL,8702
1640995208703000000,37962.03025030,52.59919665,BUY,8703
1640995208704000000,37963.55385853,42.15118554,SELL,8704
1640995208705000000,37957.35879345,70.70231977,SELL,8705
1640995208706000000,37958.88095839,36.58822413,BUY,8706
1640995208707000000,37961.41494922,21.88501850,SELL,8707
1640995208708000000,37960.46781013,63.58391048,BUY,8708
1640995208709000000,37961.60300484,29.48662753,SELL,8709
1640995208710000000,37960.03891454,43.16618313,BUY,8710
1640995208711000000,37955.45732923,40.37247320,BUY,8711
1640995208712000000,37953.86380750,59.64795227,BUY,8712
1640995208713000000,37953.59620186,63.02572175,SELL,8713
1640995208714000000,37955.33093441,78.51250123,SELL,8714
1640995208715000000,37957.98343487,104.51250718,SELL,8715
1640995208716000000,37960.83647682,90.02065779,SELL,8716
1640995208717000000,37962.20940073,54.07279191,SELL,8717
1640995208718000000,37965.17394287,17.09853590,SELL,8718
1640995208719000000,37960.07077417,95.34149298,BUY,8719
1640995208720000000,37954.70518333,86.45108120,SELL,8720
1640995208721000000,37956.04092892,29.53786952,SELL,8721
1640995208722000000,37954.92286108,15.71838306,BUY,8722
1640995208723000000,37952.03383478,11.86578691,SELL,8723
1640995208724000000,37946.87273490,97.46375343,BUY,8724
1640995208725000000,37949.11350874,31.03573702,SELL,8725
1640995208726000000,37950.56812653,49.70569503,BUY,8726
1640995208727000000,37950.32563379,11.29456407,SELL,8727
1640995208728000000,37955.00971440,68.78242625,BUY,8728
1640995208729000000,37960.06144428,68.00325703,SELL,8729
1640995208730000000,37958.24005419,67.68252666,SELL,8730
1640995208731000000,37959.77225432,92.31501192,BUY,8731
1640995208732000000,37961.67833079,45.20985687,SELL,8732
1640995208733000000,37961.93331367,90.35818385,BUY,8733
1640995208734000000,37966.70372460,100.58054586,BUY,8734
1640995208735000000,37968.40803418,104.19096092,BUY,8735
1640995208736000000,37972.85521894,89.07046443,BUY,8736
1640995208737000000,37974.08787053,15.68215061,BUY,8737
1640995208738000000,37976.09601026,68.55307186,BUY,8738
1640995208739000000,37978.63214147,23.06819926,SELL,8739
1640995208740000000,37968.06184553,12.74916617,SELL,8740
1640995208741000000,37974.00700492,29.22169117,SELL,8741
1640995208742000000,37976.58533757,90.59261946,BUY,8742
1640995208743000000,37980.49440759,88.07411907,BUY,8743
1640995208744000000,37984.09834908,101.76103165,SELL,8744
1640995208745000000,37985.25835857,10.87337603,SELL,8745
1640995208746000000,37984.44985797,25.63640874,BUY,8746
1640995208747000000,37983.33344002,52.57965992,BUY,8747
1640995208748000000,37976.73208729,54.35203988,SELL,8748
1640995208749000000,37972.09275669,90.47490238,SELL,8749
1640995208750000000,37977.42259665,96.11735984,BUY,8750
1640995208751000000,37978.38464219,19.45383575,BUY,8751
1640995208752000000,37978.62156193,85.26669635,BUY,8752
1640995208753000000,37984.85652044,33.90496185,BUY,8753
1640995208754000000,37980.07242395,71.32220552,BUY,8754
1640995208755000000,37986.12806473,108.66353731,SELL,8755
1640995208756000000,37992.23656453,104.86248799,SELL,8756
1640995208757000000,37993.23932333,49.93459478,SELL,8757
1640995208758000000,37991.72627788,74.84308080,SELL,8758
1640995208759000000,37996.63225643,35.64117402,SELL,8759
1640995208760000000,37994.32607258,96.03726296,BUY,8760
1640995208761000000,37997.36888174,27.02001477,BUY,8761
1640995208762000000,37996.90980667,70.51646520,SELL,8762
1640995208763000000,37996.01429953,44.04190155,BUY,8763
1640995208764000000,37998.70243897,93.42268780,BUY,8764
1640995208765000000,37995.75911548,94.43435731,BUY,8765
1640995208766000000,38001.48966449,86.83230235,BUY,8766
1640995208767000000,38002.99367861,67.02641044,BUY,8767
1640995208768000000,38002.19654816,100.08063708,SELL,8768
1640995208769000000,38007.17333282,52.66514640,SELL,8769
1640995208770000000,38014.05766275,85.76587209,SELL,8770
1640995208771000000,38013.56484177,37.17451913,BUY,8771
1640995208772000000,38014.66075559,108.03797978,BUY,8772
1640995208773000000,38009.37293173,53.85811030,BUY,8773
1640995208774000000,38010.35787552,55.89494840,SELL,8774
1640995208775000000,37253.36404208,42.30955050,BUY,8775
1640995208776000000,37251.47696017,61.80862864,SELL,8776
1640995208777000000,37252.67128719,23.98924334,BUY,8777
1640995208778000000,37256.48627538,60.10593842,BUY,8778
1640995208779000000,37256.17921665,56.49015229,SELL,8779
1640995208780000000,37253.44888950,105.12152948,SELL,8780
1640995208781000000,37253.61317720,103.11225347,SELL,8781
1640995208782000000,37254.77650688,22.45626811,SELL,8782
1640995208783000000,37255.54628345,17.98981286,BUY,8783
1640995208784000000,37258.46436624,75.07168522,BUY,8784
1640995208785000000,37258.25534726,42.40664398,BUY,8785
1640995208786000000,37262.88880396,99.28262544,BUY,8786
1640995208787000000,37257.14936305,32.92072158,BUY,8787
1640995208788000000,37258.44485333,99.11195328,BUY,8788
1640995208789000000,37265.56628350,48.74525860,BUY,8789
1640995208790000000,37260.23673861,91.52567402,BUY,8790
1640995208791000000,37260.69777096,71.28866632,SELL,8791
1640995208792000000,37263.25778506,92.80474768,SELL,8792
1640995208793000000,37268.15171884,97.19569322,SELL,8793
1640995208794000000,37262.71123275,92.23253313,BUY,8794
1640995208795000000,37261.70506873,75.66565147,BUY,8795
1640995208796000000,37261.68240735,17.61427036,BUY,8796
1640995208797000000,37272.21298431,96.16690747,SELL,8797
1640995208798000000,37264.54752651,43.57386280,BUY,8798
1640995208799000000,37264.87941563,11.21283586,BUY,8799
1640995208800000000,37265.16488002,107.12666279,SELL,8800
1640995208801000000,37266.54522687,103.40851944,BUY,8801
1640995208802000000,37271.21833139,63.38873762,BUY,8802
1640995208803000000,37272.09931968,105.91106884,SELL,8803
1640995208804000000,37274.07345566,72.14702832,SELL,8804
1640995208805000000,37270.64261240,52.06372188,BUY,8805
1640995208806000000,37273.04989108,87.33165780,BUY,8806
1640995208807000000,37273.19329368,89.08498179,BUY,8807
1640995208808000000,37278.97740041,17.33248357,SELL,8808
1640995208809000000,37285.00720812,94.71003763,SELL,8809
1640995208810000000,37285.65008986,36.70545659,SELL,8810
1640995208811000000,37280.71239946,53.96605091,SELL,8811
1640995208812000000,37276.75924206,16.21162267,SELL,8812
1640995208813000000,37279.19568812,98.63077404,SELL,8813
1640995208814000000,37280.67322593,44.25320363,BUY,8814
1640995208815000000,37280.25593575,48.73306397,SELL,8815
1640995208816000000,37277.66962968,70.48298669,BUY,8816
1640995208817000000,37282.05745498,108.01726161,BUY,8817
1640995208818000000,37280.74787597,95.19029293,SELL,8818
1640995208819000000,37282.12803048,69.71371756,BUY,8819
1640995208820000000,37279.64984471,84.83665655,SELL,8820
1640995208821000000,37280.01115968,98.04510105,SELL,8821
1640995208822000000,37268.44684188,27.50392273,SELL,8822
1640995208823000000,37267.68170010,97.25825857,SELL,8823
1640995208824000000,37263.84100685,63.90943736,SELL,8824
1640995208825000000,37260.02792155,32.51650121,BUY,8825
1640995208826000000,37266.60474575,87.05532430,SELL,8826
1640995208827000000,37268.63582828,32.14349971,BUY,8827
1640995208828000000,37272.76466941,86.69648267,SELL,8828
1640995208829000000,37273.15905717,50.63175872,BUY,8829
1640995208830000000,37277.95994594,71.28817547,BUY,8830
1640995208831000000,37269.31749608,103.75009614,BUY,8831
1640995208832000000,37262.51315976,81.64604344,SELL,8832
1640995208833000000,37263.49793016,104.16598856,SELL,8833
1640995208834000000,37262.48847752,75.61845712,SELL,8834
1640995208835000000,37261.36230276,49.89686163,BUY,8835
1640995208836000000,37258.58202869,24.66415758,BUY,8836
1640995208837000000,37259.01860742,22.42431780,BUY,8837
1640995208838000000,37256.41222513,62.94046802,SELL,8838
1640995208839000000,37254.16401055,70.24718657,SELL,8839
1640995208840000000,37248.36720844,93.45373094,BUY,8840
1640995208841000000,37254.07800611,43.78209753,BUY,8841
1640995208842000000,37252.26860376,107.09299369,SELL,8842
1640995208843000000,37253.69893195,12.16012401,SELL,8843
1640995208844000000,37245.67387161,84.32621006,SELL,8844
1640995208845000000,37243.01274621,48.47465426,SELL,8845
1640995208846000000,37241.38414112,93.77518377,BUY,8846
1640995208847000000,37241.18700716,105.34081440,BUY,8847
1640995208848000000,37243.87558587,88.05134372,SELL,8848
1640995208849000000,37242.60542885,30.28125544,SELL,8849
1640995208850000000,37243.51490152,73.49485620,SELL,8850
1640995208851000000,37238.81479716,37.49494025,BUY,8851
1640995208852000000,37242.10790367,107.97863526,SELL,8852
1640995208853000000,37242.89665630,78.94530390,SELL,8853
1640995208854000000,37244.73905277,94.44534929,BUY,8854
1640995208855000000,37243.87478170,52.59305820,BUY,8855
1640995208856000000,37244.35841243,53.39664539,BUY,8856
1640995208857000000,37243.44930164,13.79735345,BUY,8857
1640995208858000000,37244.91615619,28.96284911,BUY,8858
1640995208859000000,37251.80558215,94.22710470,BUY,8859
1640995208860000000,37255.47169681,95.93099902,BUY,8860
1640995208861000000,37256.88321533,106.26546738,SELL,8861
1640995208862000000,37261.53670811,49.64505921,BUY,8862
1640995208863000000,37262.59507385,28.79744413,BUY,8863
1640995208864000000,37261.21392336,78.30000047,SELL,8864
1640995208865000000,37263.27159358,68.51023803,BUY,8865
1640995208866000000,37260.34912384,18.16684736,BUY,8866
1640995208867000000,37260.32868468,11.87028603,BUY,8867
1640995208868000000,37261.93932246,77.91968642,BUY,8868
1640995208869000000,37260.80842879,21.85719737,BUY,8869
1640995208870000000,37265.53477039,39.77401255,SELL,8870
1640995208871000000,37265.69924866,100.75391996,BUY,8871
1640995208872000000,37263.48350394,103.11820979,SELL,8872
1640995208873000000,37267.71110050,18.43102387,BUY,8873
1640995208874000000,37269.40364465,63.70566612,BUY,8874
1640995208875000000,37266.52602545,22.88347502,SELL,8875
1640995208876000000,37262.93498768,34.39411292,SELL,8876
1640995208877000000,37261.70300158,44.98006630,BUY,8877
1640995208878000000,37263.08946915,19.39407475,BUY,8878
1640995208879000000,37261.40615452,84.84995453,BUY,8879
1640995208880000000,37262.85866841,93.94448821,BUY,8880
1640995208881000000,37259.89598312,36.94815261,BUY,8881
1640995208882000000,37259.78824947,98.90467702,SELL,8882
1640995208883000000,37262.37144679,32.50878743,SELL,8883
1640995208884000000,37264.94777505,60.80229030,BUY,8884
1640995208885000000,37270.32129779,89.57328534,SELL,8885
1640995208886000000,37271.30002730,28.44216387,BUY,8886
1640995208887000000,37274.38112258,17.70636319,SELL,8887
1640995208888000000,37275.52128405,78.09894186,SELL,8888
1640995208889000000,37269.19983319,97.09399751,SELL,8889
1640995208890000000,37273.47482341,39.69663006,BUY,8890
1640995208891000000,37268.16859114,68.70399856,SELL,8891
1640995208892000000,37268.75579941,98.97056604,SELL,8892
1640995208893000000,37274.97118112,16.08446406,SELL,8893
1640995208894000000,37266.91378647,31.71900839,SELL,8894
1640995208895000000,37268.75984914,90.51467008,BUY,8895
1640995208896000000,37266.83582189,88.31296382,SELL,8896
1640995208897000000,37261.55609068,13.37885484,BUY,8897
1640995208898000000,37265.75377636,27.81317203,BUY,8898
1640995208899000000,37259.90908994,95.40802757,BUY,8899
1640995208900000000,37257.81285245,11.93824196,SELL,8900
1640995208901000000,37263.32766151,18.57177825,BUY,8901
1640995208902000000,37261.96207679,76.11898446,SELL,8902
1640995208903000000,37262.98044629,28.96582852,BUY,8903
1640995208904000000,37264.59038199,67.08725423,BUY,8904
1640995208905000000,37258.80210661,104.54135499,BUY,8905
1640995208906000000,37253.33631256,65.38750118,BUY,8906
1640995208907000000,37256.56358826,26.32210303,SELL,8907
1640995208908000000,37262.57435482,62.15139369,SELL,8908
1640995208909000000,37258.12987545,95.00510729,BUY,8909
1640995208910000000,37256.40335810,38.71157736,SELL,8910
1640995208911000000,37251.21230709,14.59358648,BUY,8911
1640995208912000000,37249.53766464,40.20480449,BUY,8912
1640995208913000000,37244.54802996,10.17321535,BUY,8913
1640995208914000000,37244.72563710,88.07845272,SELL,8914
1640995208915000000,37244.15715834,96.49856318,SELL,8915
1640995208916000000,37247.62126279,41.12118098,SELL,8916
1640995208917000000,37246.09332227,66.89758221,SELL,8917
1640995208918000000,37242.95245677,29.78219225,BUY,8918
1640995208919000000,37245.37159984,15.39248982,BUY,8919
1640995208920000000,37248.31897967,42.66917323,SELL,8920
1640995208921000000,37253.39116603,40.21170698,BUY,8921
1640995208922000000,37262.24284827,55.79283972,SELL,8922
1640995208923000000,37263.29651045,26.73688275,SELL,8923
1640995208924000000,37255.67144071,78.93348230,SELL,8924
1640995208925000000,37257.24005169,52.72172477,SELL,8925
1640995208926000000,37256.54719920,82.71726037,BUY,8926
1640995208927000000,37262.15597485,49.48791024,BUY,8927
1640995208928000000,37264.52392997,79.78221798,SELL,8928
1640995208929000000,37267.20835634,10.84450145,BUY,8929
1640995208930000000,37267.70677759,72.78999701,BUY,8930
1640995208931000000,37262.24454305,66.08206113,BUY,8931
1640995208932000000,37260.03164941,94.26359055,SELL,8932
1640995208933000000,37261.30331341,107.03956290,BUY,8933
1640995208934000000,37254.73211280,28.31456270,BUY,8934
1640995208935000000,37254.06005040,101.10635719,BUY,8935
1640995208936000000,37256.22260492,44.20855221,BUY,8936
1640995208937000000,37250.98411154,103.61216872,BUY,8937
1640995208938000000,37256.04009585,57.87246653,SELL,8938
1640995208939000000,37260.98349102,85.38203804,SELL,8939
1640995208940000000,37257.85981387,62.49842949,BUY,8940
1640995208941000000,37257.78630298,13.42187722,BUY,8941
1640995208942000000,37256.70103444,71.73820276,BUY,8942
1640995208943000000,37249.63958586,101.75933766,BUY,8943
1640995208944000000,37246.57961761,46.69649067,BUY,8944
1640995208945000000,37244.14060281,11.05704768,SELL,8945
1640995208946000000,37248.65133207,11.89907230,BUY,8946
1640995208947000000,37252.89720539,74.35021705,SELL,8947
1640995208948000000,37249.97928303,101.34088069,SELL,8948
1640995208949000000,37250.11522760,11.68596730,BUY,8949
1640995208950000000,37253.15813409,105.16063820,SELL,8950
1640995208951000000,37250.26170418,92.79997567,BUY,8951
1640995208952000000,37254.30662584,11.29465150,BUY,8952
1640995208953000000,37250.74105253,68.44984107,SELL,8953
1640995208954000000,37251.53867460,108.06984091,BUY,8954
1640995208955000000,37249.94383205,49.10614523,BUY,8955
1640995208956000000,37241.93059268,30.38922002,BUY,8956
1640995208957000000,37238.65501975,38.47217028,SELL,8957
1640995208958000000,37230.23840127,49.79192624,BUY,8958
1640995208959000000,37226.91114121,78.79030399,BUY,8959
1640995208960000000,37228.23121331,99.79538658,SELL,8960
1640995208961000000,37223.48405309,76.50304924,SELL,8961
1640995208962000000,37219.52744939,66.16193449,SELL,8962
1640995208963000000,37219.67109582,59.71190864,BUY,8963
1640995208964000000,37227.14221212,68.18352513,BUY,8964
1640995208965000000,37227.92338686,17.39131666,BUY,8965
1640995208966000000,37227.26382627,93.67255506,SELL,8966
1640995208967000000,37231.49894732,37.91490313,SELL,8967
1640995208968000000,37227.13167588,77.02102597,BUY,8968
1640995208969000000,37223.35341379,79.75876403,BUY,8969
1640995208970000000,37225.11944049,36.06622044,SELL,8970
1640995208971000000,37228.70397640,72.01568834,BUY,8971
1640995208972000000,37222.35426931,11.73221851,BUY,8972
1640995208973000000,37216.32367636,42.67086960,BUY,8973
1640995208974000000,37218.98967219,43.03134951,BUY,8974
1640995208975000000,37221.17709960,15.88074471,BUY,8975
1640995208976000000,37219.53267087,54.05572350,BUY,8976
1640995208977000000,37221.70774913,24.17429706,SELL,8977
1640995208978000000,37215.32987045,33.19854814,BUY,8978
1640995208979000000,37217.89213412,92.72886266,SELL,8979
1640995208980000000,37218.75832474,99.79464601,SELL,8980
1640995208981000000,37219.08141717,38.79235655,BUY,8981
1640995208982000000,37220.38345884,61.01689164,BUY,8982
1640995208983000000,37225.07447985,100.53710419,BUY,8983
1640995208984000000,37217.63623003,49.88050961,BUY,8984
1640995208985000000,37211.49779300,106.79120758,SELL,8985
1640995208986000000,37210.53736868,17.91351942,SELL,8986
1640995208987000000,37214.46987734,46.88403915,BUY,8987
1640995208988000000,37211.96928090,72.24065848,SELL,8988
1640995208989000000,37215.48797561,33.48101904,BUY,8989
1640995208990000000,37214.09979906,17.83908447,SELL,8990
1640995208991000000,37211.11390298,87.62246484,BUY,8991
1640995208992000000,37207.35342185,40.13679917,SELL,8992
1640995208993000000,37209.98386418,88.92702640,SELL,8993
1640995208994000000,37209.83246345,49.06514252,SELL,8994
1640995208995000000,37209.23633739,22.99875251,SELL,8995
1640995208996000000,37207.12238996,48.15390270,BUY,8996
1640995208997000000,37207.98551133,17.96761364,SELL,8997
1640995208998000000,37208.37346244,109.29696535,BUY,8998
1640995208999000000,37212.98814850,42.92405960,SELL,8999
1640995209000000000,37213.16370962,22.57023892,SELL,9000
1640995209001000000,37210.40326371,72.15868026,BUY,9001
1640995209002000000,37206.45901435,72.32300848,BUY,9002
1640995209003000000,37208.07877045,10.44997107,SELL,9003
1640995209004000000,37208.30091874,78.02244602,SELL,9004
1640995209005000000,37211.92614842,79.22248227,SELL,9005
1640995209006000000,37209.83694350,101.82099169,SELL,9006
1640995209007000000,37208.10090808,109.59044919,SELL,9007
1640995209008000000,37211.35403740,45.51089250,SELL,9008
1640995209009000000,37207.01384454,61.43348529,BUY,9009
1640995209010000000,37196.49813056,14.06532288,SELL,9010
1640995209011000000,37197.40991085,51.50046415,SELL,9011
1640995209012000000,37201.63927078,61.97534395,BUY,9012
1640995209013000000,37200.54875572,97.86882695,SELL,9013
1640995209014000000,37201.63275820,102.06443075,SELL,9014
1640995209015000000,37195.43389152,87.51327403,BUY,9015
1640995209016000000,37192.68588349,39.75180247,BUY,9016
1640995209017000000,37196.00421892,53.56330035,BUY,9017
1640995209018000000,37195.29571556,18.68693781,SELL,9018
1640995209019000000,37199.00849997,76.94021605,SELL,9019
1640995209020000000,37197.51655573,27.99378285,SELL,9020
1640995209021000000,37196.40329162,97.75357012,SELL,9021
1640995209022000000,37195.98514952,28.67009207,BUY,9022
1640995209023000000,37201.96264082,82.02086420,SELL,9023
1640995209024000000,37201.77502690,37.78946989,SELL,9024
1640995209025000000,37204.58618384,95.32054709,BUY,9025
1640995209026000000,37197.83893068,10.58802692,BUY,9026
1640995209027000000,37195.85062767,30.80585103,BUY,9027
1640995209028000000,37195.98871826,31.91481327,SELL,9028
1640995209029000000,37201.21897432,16.85042393,SELL,9029
1640995209030000000,37202.60137086,50.89110815,SELL,9030
1640995209031000000,37206.21598249,48.69593511,SELL,9031
1640995209032000000,37205.57702099,33.88631806,BUY,9032
1640995209033000000,37206.34527861,32.25291549,SELL,9033
1640995209034000000,37198.77323290,66.57383650,BUY,9034
1640995209035000000,37193.35057555,35.74332089,SELL,9035
1640995209036000000,37188.22111095,82.07407602,SELL,9036
1640995209037000000,37183.50366601,90.65715818,SELL,9037
1640995209038000000,37182.47574449,38.02572262,SELL,9038
1640995209039000000,37182.39752120,23.46444283,SELL,9039
1640995209040000000,37183.83810158,37.02137540,BUY,9040
1640995209041000000,37183.30734412,55.96122958,BUY,9041
1640995209042000000,37180.70705019,63.82645120,BUY,9042
1640995209043000000,37182.13750722,36.44481234,BUY,9043
1640995209044000000,37178.71463244,106.92831806,BUY,9044
1640995209045000000,37177.07444649,16.26044422,SELL,9045
1640995209046000000,37177.54098495,47.79165293,BUY,9046
1640995209047000000,37176.43970206,12.87017210,BUY,9047
1640995209048000000,37176.01446618,100.03275289,SELL,9048
1640995209049000000,37176.58508404,22.53922599,BUY,9049
1640995209050000000,37174.72127441,21.53653402,SELL,9050
1640995209051000000,37175.76547943,28.31998070,SELL,9051
1640995209052000000,37175.39533600,73.20672975,SELL,9052
1640995209053000000,37172.94103177,95.10351155,BUY,9053
1640995209054000000,37171.90685056,66.46333083,SELL,9054
1640995209055000000,37173.94792042,13.97372000,BUY,9055
1640995209056000000,37174.89779359,48.64483166,SELL,9056
1640995209057000000,37178.46137770,47.88435469,BUY,9057
1640995209058000000,37178.74128588,98.54829649,BUY,9058
1640995209059000000,37176.90677939,64.93236816,SELL,9059
1640995209060000000,37180.16947979,61.58555746,SELL,9060
1640995209061000000,37184.32556445,15.41976178,SELL,9061
1640995209062000000,37185.00774662,29.58824672,SELL,9062
1640995209063000000,37179.34302653,89.86540404,BUY,9063
1640995209064000000,37179.22273075,107.93568524,BUY,9064
1640995209065000000,37175.47143479,63.86021034,BUY,9065
1640995209066000000,37177.49310053,42.78509193,BUY,9066
1640995209067000000,37177.65236840,76.96116193,SELL,9067
1640995209068000000,37170.00718885,34.10824923,BUY,9068
1640995209069000000,37178.01581510,58.44517452,SELL,9069
1640995209070000000,37176.96581368,54.87747053,SELL,9070
1640995209071000000,37175.57131418,66.87549527,SELL,9071
1640995209072000000,37167.39021624,83.64202461,BUY,9072
1640995209073000000,37167.25548674,100.07488513,SELL,9073
1640995209074000000,37169.72538975,53.11540194,SELL,9074
1640995209075000000,37177.65617512,81.21954586,BUY,9075
1640995209076000000,37180.81258762,33.92836284,BUY,9076
1640995209077000000,37181.50355087,29.64748051,BUY,9077
1640995209078000000,37171.55995879,53.70980214,BUY,9078
1640995209079000000,37171.68547476,65.17628901,BUY,9079
1640995209080000000,37171.19469929,86.80343499,BUY,9080
1640995209081000000,37175.43283882,74.20649489,BUY,9081
1640995209082000000,37180.20534125,13.40233583,BUY,9082
1640995209083000000,37170.33046478,67.30702764,SELL,9083
1640995209084000000,37170.04359253,84.12019892,BUY,9084
1640995209085000000,37168.21461026,23.02518679,SELL,9085
1640995209086000000,37167.21898502,48.38512041,BUY,9086
1640995209087000000,37166.00805934,12.82102606,BUY,9087
1640995209088000000,37168.30717536,65.50178373,SELL,9088
1640995209089000000,37161.56563476,13.47085801,BUY,9089
1640995209090000000,37155.64529571,62.31674312,BUY,9090
1640995209091000000,37157.34125266,25.58593297,SELL,9091
1640995209092000000,37158.06056776,13.94259824,BUY,9092
1640995209093000000,37157.75697730,65.02385170,SELL,9093
1640995209094000000,37159.03443755,96.25264191,BUY,9094
1640995209095000000,37155.98752655,15.14318818,BUY,9095
1640995209096000000,37163.65777884,98.33618050,BUY,9096
1640995209097000000,37165.16694769,72.31266236,SELL,9097
1640995209098000000,37165.24990815,33.56039529,SELL,9098
1640995209099000000,37163.55468628,84.38131159,SELL,9099
1640995209100000000,37167.60187036,103.19273598,BUY,9100
1640995209101000000,37171.51361823,15.96457838,BUY,9101
1640995209102000000,37174.02877807,30.01407900,SELL,9102
1640995209103000000,37165.00068059,100.56632142,SELL,9103
1640995209104000000,37166.43991912,61.34466449,SELL,9104
1640995209105000000,37169.78825474,26.29695176,BUY,9105
1640995209106000000,37176.85526165,37.64830483,SELL,9106
1640995209107000000,37182.77463519,13.44492113,BUY,9107
1640995209108000000,37180.47287662,72.66102801,BUY,9108
1640995209109000000,37182.48783467,109.02604288,BUY,9109
1640995209110000000,37189.65845859,52.65841405,SELL,9110
1640995209111000000,37187.48415971,92.15195594,BUY,9111
1640995209112000000,37187.53918577,90.60934686,BUY,9112
1640995209113000000,37187.84033543,63.71897920,SELL,9113
1640995209114000000,37193.40174432,90.24556661,BUY,9114
1640995209115000000,37196.03643508,24.23438224,SELL,9115
1640995209116000000,37197.03993818,107.10496238,BUY,9116
1640995209117000000,37196.05598240,49.43864381,BUY,9117
1640995209118000000,37197.53658736,63.56818207,BUY,9118
1640995209119000000,37206.76144505,22.09514925,SELL,9119
1640995209120000000,37202.40129467,87.38216307,SELL,9120
1640995209121000000,37197.18510820,27.91289966,SELL,9121
1640995209122000000,37199.40115184,84.37248359,SELL,9122
1640995209123000000,37193.06064927,91.24779040,SELL,9123
1640995209124000000,37190.95760462,58.92133641,SELL,9124
1640995209125000000,37194.21653066,99.88309447,BUY,9125
1640995209126000000,37196.19969451,21.16517512,BUY,9126
1640995209127000000,37188.66442032,102.05708405,BUY,9127
1640995209128000000,37184.18098745,91.08016310,BUY,9128
1640995209129000000,37185.39802487,81.04033287,BUY,9129
1640995209130000000,37188.51527086,79.13165081,BUY,9130
1640995209131000000,37180.64321679,99.15394122,SELL,9131
1640995209132000000,37187.35430844,46.88855810,BUY,9132
1640995209133000000,37182.99583108,80.73967410,SELL,9133
1640995209134000000,37183.08664352,53.76312755,SELL,9134
1640995209135000000,37181.52370326,12.33790291,BUY,9135
1640995209136000000,37187.04702407,59.35441861,SELL,9136
1640995209137000000,37184.87809267,57.20988966,BUY,9137
1640995209138000000,37191.49487038,59.50232059,BUY,9138
1640995209139000000,37185.06997046,107.66451600,BUY,9139
1640995209140000000,37185.83176380,90.85818175,BUY,9140
1640995209141000000,37184.80433906,23.66092707,SELL,9141
1640995209142000000,37184.86765422,68.81279720,SELL,9142
1640995209143000000,37182.18806047,62.55615246,SELL,9143
1640995209144000000,37180.55305975,29.94699780,BUY,9144
1640995209145000000,37185.23141283,26.38591517,BUY,9145
1640995209146000000,37191.37701554,21.09387109,BUY,9146
1640995209147000000,37191.90349168,19.07445579,BUY,9147
1640995209148000000,37193.25852315,91.56517001,BUY,9148
1640995209149000000,37191.34654179,108.10255911,SELL,9149
1640995209150000000,37192.29543452,54.10772294,SELL,9150
1640995209151000000,37190.42733103,65.77364495,BUY,9151
1640995209152000000,37189.99950498,63.37618599,BUY,9152
1640995209153000000,37190.59341313,99.19277411,SELL,9153
1640995209154000000,37184.04715760,18.97281976,SELL,9154
1640995209155000000,37179.95432830,34.87310545,SELL,9155
1640995209156000000,37177.75269176,69.20627328,BUY,9156
1640995209157000000,37175.28843085,109.69149738,BUY,9157
1640995209158000000,37181.59512182,98.81463315,BUY,9158
1640995209159000000,37176.66008430,46.82165117,BUY,9159
1640995209160000000,37181.51930725,55.66191518,BUY,9160
1640995209161000000,37187.60673752,16.16598263,BUY,9161
1640995209162000000,37192.15596329,59.27330977,SELL,9162
1640995209163000000,37192.76820155,61.86948594,SELL,9163
1640995209164000000,37201.34550681,32.32050729,SELL,9164
1640995209165000000,37202.62120288,65.52744667,BUY,9165
1640995209166000000,37205.81975658,23.11599674,BUY,9166
1640995209167000000,37203.82745129,97.45342520,SELL,9167
1640995209168000000,37206.72750088,19.57813007,BUY,9168
1640995209169000000,37203.54249744,53.75401376,BUY,9169
1640995209170000000,37203.05836955,104.10017530,SELL,9170
1640995209171000000,37200.30543999,50.05125193,BUY,9171
1640995209172000000,37201.89070903,72.78954674,BUY,9172
1640995209173000000,37197.66524924,69.88913436,SELL,9173
1640995209174000000,37199.42626186,18.13555844,BUY,9174
1640995209175000000,37204.99061179,91.58940659,BUY,9175
1640995209176000000,37200.01973414,89.90279519,SELL,9176
1640995209177000000,37202.57529667,49.98214583,SELL,9177
1640995209178000000,37201.12790365,75.30061856,BUY,9178
1640995209179000000,37202.75597436,85.86603095,BUY,9179
1640995209180000000,37196.83855988,58.31267033,BUY,9180
1640995209181000000,37196.57701661,43.78379228,BUY,9181
1640995209182000000,37200.46319704,99.27477004,SELL,9182
1640995209183000000,37202.48474247,75.89565606,BUY,9183
1640995209184000000,37200.26805887,91.80493767,BUY,9184
1640995209185000000,37197.87442804,23.18729180,BUY,9185
1640995209186000000,37191.70188263,94.20818932,BUY,9186
1640995209187000000,37197.65744881,65.08460454,SELL,9187
1640995209188000000,37191.72678523,102.37597812,BUY,9188
1640995209189000000,37198.65700448,76.11246727,BUY,9189
1640995209190000000,37195.13718825,83.92717412,SELL,9190
1640995209191000000,37194.05897433,106.21772535,BUY,9191
1640995209192000000,37193.30771684,97.50290284,SELL,9192
1640995209193000000,37190.28846753,24.74638217,SELL,9193
1640995209194000000,37186.72783067,83.05389101,SELL,9194
1640995209195000000,37181.95045135,61.82594682,SELL,9195
1640995209196000000,37186.72518749,85.14862280,BUY,9196
1640995209197000000,37191.57406807,69.53546958,SELL,9197
1640995209198000000,37194.89392406,80.59499144,BUY,9198
1640995209199000000,37194.69977537,98.72663094,BUY,9199
1640995209200000000,37200.56092278,67.09631753,BUY,9200
1640995209201000000,37196.18704961,34.33233748,BUY,9201
1640995209202000000,37184.19781186,83.30431706,SELL,9202
1640995209203000000,37186.30829071,31.38502881,SELL,9203
1640995209204000000,37186.07023577,31.51528977,SELL,9204
1640995209205000000,37186.06315927,80.94201617,BUY,9205
1640995209206000000,37184.75444219,41.72160583,BUY,9206
1640995209207000000,37187.74809677,24.55777464,BUY,9207
1640995209208000000,37193.25225763,82.49008853,BUY,9208
1640995209209000000,37200.07056339,21.87101707,BUY,9209
1640995209210000000,37196.48158214,92.83471165,SELL,9210
1640995209211000000,37196.69511227,102.61048955,BUY,9211
1640995209212000000,37194.86856231,52.72168375,SELL,9212
1640995209213000000,37194.66643646,58.33621462,BUY,9213
1640995209214000000,37193.74576773,85.02095363,BUY,9214
1640995209215000000,37191.11161343,80.79629180,BUY,9215
1640995209216000000,37188.63367863,62.94593894,SELL,9216
1640995209217000000,37181.92490773,31.54846438,SELL,9217
1640995209218000000,37181.30320000,60.23393097,SELL,9218
1640995209219000000,37173.91305861,42.12848742,BUY,9219
1640995209220000000,37171.79240985,27.14272494,SELL,9220
1640995209221000000,37172.85809638,50.05494814,SELL,9221
1640995209222000000,37176.47609846,95.05609704,BUY,9222
1640995209223000000,37179.47087922,37.94927703,BUY,9223
1640995209224000000,37175.44287532,58.38670015,SELL,9224
1640995209225000000,37173.21685319,18.27331280,SELL,9225
1640995209226000000,37170.44461732,63.16201744,SELL,9226
1640995209227000000,37169.11731695,78.97204172,BUY,9227
1640995209228000000,37173.02547263,80.61732556,BUY,9228
1640995209229000000,37171.42947168,73.86830138,SELL,9229
1640995209230000000,37178.43138800,46.20985931,SELL,9230
1640995209231000000,37176.01971803,99.35910165,SELL,9231
1640995209232000000,37178.21157571,34.53618157,BUY,9232
1640995209233000000,37173.08106771,65.89891647,SELL,9233
1640995209234000000,37172.53482747,70.34227031,SELL,9234
1640995209235000000,37168.84668315,70.87105651,SELL,9235
1640995209236000000,37166.88945953,45.15561072,SELL,9236
1640995209237000000,37170.37804971,55.26302463,SELL,9237
1640995209238000000,37170.20244654,89.87157086,SELL,9238
1640995209239000000,37174.00717381,52.73856480,BUY,9239
1640995209240000000,37173.34041564,86.93726353,SELL,9240
1640995209241000000,37172.90763776,41.86710414,SELL,9241
1640995209242000000,37174.28400246,79.32887819,BUY,9242
1640995209243000000,37176.13725315,90.20143625,BUY,9243
1640995209244000000,37179.04923013,109.01260262,SELL,9244
1640995209245000000,37177.58821888,98.50122991,BUY,9245
1640995209246000000,37178.73107686,47.23724325,BUY,9246
1640995209247000000,37178.75934380,77.07278130,SELL,9247
1640995209248000000,37186.03718942,53.22145888,SELL,9248
1640995209249000000,37189.91727871,93.55586394,BUY,9249
1640995209250000000,37185.92246046,55.46563364,SELL,9250
1640995209251000000,37189.77415346,48.94601252,BUY,9251
1640995209252000000,37190.63833804,44.70603160,SELL,9252
1640995209253000000,37189.84378634,37.87516343,BUY,9253
1640995209254000000,37189.15122049,64.46819805,BUY,9254
1640995209255000000,37187.20585594,109.37034329,SELL,9255
1640995209256000000,37187.18253729,37.50075654,BUY,9256
1640995209257000000,37184.83235322,17.69695407,BUY,9257
1640995209258000000,37185.56338316,39.12411857,BUY,9258
1640995209259000000,37189.05820247,85.47591615,SELL,9259
1640995209260000000,37185.33485758,35.17440074,BUY,9260
1640995209261000000,37186.05468737,67.92529940,SELL,9261
1640995209262000000,37188.73944887,24.20103804,BUY,9262
1640995209263000000,37183.34676726,106.61486000,SELL,9263
1640995209264000000,37181.56328369,83.59799718,BUY,9264
1640995209265000000,37180.31359397,87.94536750,SELL,9265
1640995209266000000,37178.97946428,89.20244327,SELL,9266
1640995209267000000,37175.61790760,29.60956899,SELL,9267
1640995209268000000,37174.02225459,102.75629908,SELL,9268
1640995209269000000,37172.24743128,79.36721471,SELL,9269
1640995209270000000,37170.42370680,30.78161131,BUY,9270
1640995209271000000,37166.65930866,107.90409207,SELL,9271
1640995209272000000,37160.73193238,67.85825642,SELL,9272
1640995209273000000,37164.37795501,71.43215642,SELL,9273
1640995209274000000,37167.71474879,101.45647479,SELL,9274
1640995209275000000,37164.81561089,90.53475402,SELL,9275
1640995209276000000,37162.80221969,81.40376130,SELL,9276
1640995209277000000,37160.27151228,28.60127971,SELL,9277
1640995209278000000,37158.13216676,106.07538538,BUY,9278
1640995209279000000,37158.22723483,109.58682145,SELL,9279
1640995209280000000,37159.07390697,86.45360769,BUY,9280
1640995209281000000,37158.11755619,62.30740849,SELL,9281
1640995209282000000,37162.01584843,60.28408887,BUY,9282
1640995209283000000,37161.42886479,105.54315751,BUY,9283
1640995209284000000,37163.37758271,56.71518170,SELL,9284
1640995209285000000,37162.42341919,39.44963750,BUY,9285
1640995209286000000,37162.96341334,40.89429187,BUY,9286
1640995209287000000,37161.08653767,61.87954235,BUY,9287
1640995209288000000,37161.71253924,102.86861593,SELL,9288
1640995209289000000,37165.63956887,100.05760943,BUY,9289
1640995209290000000,37161.65897904,63.43909057,BUY,9290
1640995209291000000,37165.03775670,74.74501008,SELL,9291
1640995209292000000,37163.36799312,37.47471680,BUY,9292
1640995209293000000,37166.01053346,24.42851037,BUY,9293
1640995209294000000,37168.69535634,28.45621120,BUY,9294
1640995209295000000,37172.73919393,55.97547546,SELL,9295
1640995209296000000,37169.82670119,31.54237975,SELL,9296
1640995209297000000,37165.15521053,38.55694781,BUY,9297
1640995209298000000,37165.45043558,10.84381192,SELL,9298
1640995209299000000,37161.97437777,17.68094474,SELL,9299
1640995209300000000,37162.91028571,62.17692081,SELL,9300
1640995209301000000,37168.38872054,96.80580635,SELL,9301
1640995209302000000,37174.13149193,14.09678480,BUY,9302
1640995209303000000,37173.98120257,104.67976532,SELL,9303
1640995209304000000,37172.46631074,64.22889638,BUY,9304
1640995209305000000,37168.87302751,48.31746563,BUY,9305
1640995209306000000,37170.17105309,70.43324304,BUY,9306
1640995209307000000,37170.76213510,92.30871755,BUY,9307
1640995209308000000,37171.96866481,78.50244794,SELL,9308
1640995209309000000,37172.48453702,41.19372174,SELL,9309
1640995209310000000,37173.51084270,64.72300028,SELL,9310
1640995209311000000,37170.15564548,33.54960798,SELL,9311
1640995209312000000,37172.26871302,27.60477649,BUY,9312
1640995209313000000,37177.38121955,87.77570792,SELL,9313
1640995209314000000,37173.07845388,82.88047773,BUY,9314
1640995209315000000,37172.05034915,42.01101911,BUY,9315
1640995209316000000,37170.84031513,75.48893928,SELL,9316
1640995209317000000,37168.44570680,54.29966477,SELL,9317
1640995209318000000,37173.86276456,77.80810535,BUY,9318
1640995209319000000,37171.82407410,55.72220241,SELL,9319
1640995209320000000,37172.97345567,53.56058905,SELL,9320
1640995209321000000,37173.17752102,56.20815175,SELL,9321
1640995209322000000,37170.99960802,105.86571722,SELL,9322
1640995209323000000,37168.16528208,31.22603102,SELL,9323
1640995209324000000,37171.37629413,43.13344972,BUY,9324
1640995209325000000,37174.38157388,62.14960785,BUY,9325
1640995209326000000,37174.03552353,67.06931443,BUY,9326
1640995209327000000,37178.10171545,76.08366963,BUY,9327
1640995209328000000,37176.82172672,41.28058002,SELL,9328
1640995209329000000,37183.19148894,62.18067358,SELL,9329
1640995209330000000,37183.78263513,83.76030124,BUY,9330
1640995209331000000,37188.03168635,75.76267667,SELL,9331
1640995209332000000,37183.53556185,46.77376687,BUY,9332
1640995209333000000,37179.32196443,34.57730980,SELL,9333
1640995209334000000,37182.48346325,81.73995928,BUY,9334
1640995209335000000,37180.76074484,86.55003377,BUY,9335
1640995209336000000,37175.53195630,12.25811883,SELL,9336
1640995209337000000,37178.35658200,30.43546079,SELL,9337
1640995209338000000,37176.88634100,80.11410788,SELL,9338
1640995209339000000,37173.97058740,57.95016769,SELL,9339
1640995209340000000,37170.54476997,21.36702308,BUY,9340
1640995209341000000,37171.68391184,48.40001399,BUY,9341
1640995209342000000,37165.34606929,89.50941645,BUY,9342
1640995209343000000,37159.58570328,88.84817257,BUY,9343
1640995209344000000,37165.90838679,74.40782172,SELL,9344
1640995209345000000,37162.97065270,83.72020194,BUY,9345
1640995209346000000,37168.82093104,94.59359170,SELL,9346
1640995209347000000,37167.03158582,79.76550771,BUY,9347
1640995209348000000,37171.97535237,37.14903925,BUY,9348
1640995209349000000,37177.66162176,58.11853230,BUY,9349
1640995209350000000,37178.38519415,76.06393382,SELL,9350
1640995209351000000,37175.32301600,57.93079924,BUY,9351
1640995209352000000,37178.27158384,56.01811828,SELL,9352
1640995209353000000,37179.91181145,74.50338053,SELL,9353
1640995209354000000,37175.70083303,96.71083879,SELL,9354
1640995209355000000,37163.20746803,40.86933706,SELL,9355
1640995209356000000,37156.26844281,48.44136571,BUY,9356
1640995209357000000,37156.50966807,30.33154116,SELL,9357
1640995209358000000,37157.06870532,40.18896082,BUY,9358
1640995209359000000,37155.96189682,14.61699152,BUY,9359
1640995209360000000,37154.94409166,74.55759140,SELL,9360
1640995209361000000,37153.13149997,32.60114696,SELL,9361
1640995209362000000,37153.23147696,55.06184875,SELL,9362
1640995209363000000,37155.88215134,24.85259687,SELL,9363
1640995209364000000,37155.46781496,88.47010487,SELL,9364
1640995209365000000,37155.39931014,65.20292451,BUY,9365
1640995209366000000,37158.07554630,50.86732562,SELL,9366
1640995209367000000,37162.26768429,34.52806657,SELL,9367
1640995209368000000,37152.67466148,22.22621139,BUY,9368
1640995209369000000,37152.78839964,17.49121756,BUY,9369
1640995209370000000,37152.24452247,56.98017268,BUY,9370
1640995209371000000,37152.23915913,19.93714357,SELL,9371
1640995209372000000,37151.98677900,55.05041705,BUY,9372
1640995209373000000,37154.71053887,68.10677025,SELL,9373
1640995209374000000,37155.71212672,37.51768127,SELL,9374
1640995209375000000,37156.02236905,40.63049862,SELL,9375
1640995209376000000,37154.27370477,38.14201660,BUY,9376
1640995209377000000,37150.25139831,46.92235871,SELL,9377
1640995209378000000,37156.77035032,39.41265324,BUY,9378
1640995209379000000,37153.75102780,107.15083204,SELL,9379
1640995209380000000,37155.46689251,42.16419323,SELL,9380
1640995209381000000,37155.84869183,58.60896516,BUY,9381
1640995209382000000,37156.29342562,11.96920064,SELL,9382
1640995209383000000,37156.52564934,91.44220247,SELL,9383
1640995209384000000,37153.98731795,17.40389179,BUY,9384
1640995209385000000,37154.69450914,96.47764753,SELL,9385
1640995209386000000,37156.40207300,59.22441326,BUY,9386
1640995209387000000,37151.25757189,68.58086222,BUY,9387
1640995209388000000,37163.76545292,41.63791399,SELL,9388
1640995209389000000,37170.46250381,56.10703142,BUY,9389
1640995209390000000,37174.52030897,74.30227607,SELL,9390
1640995209391000000,37176.29285458,50.38388255,SELL,9391
1640995209392000000,37181.36675069,43.88512503,SELL,9392
1640995209393000000,37178.58661027,109.97395406,BUY,9393
1640995209394000000,37181.05928419,38.49756566,BUY,9394
1640995209395000000,37181.97806093,101.06155453,SELL,9395
1640995209396000000,37182.88206969,61.54544652,BUY,9396
1640995209397000000,37190.00020944,85.54028962,BUY,9397
1640995209398000000,37182.00929166,40.55447041,BUY,9398
1640995209399000000,37177.74090081,48.89998381,BUY,9399
1640995209400000000,37177.38790021,91.89734226,SELL,9400
1640995209401000000,37169.93734260,60.96874971,SELL,9401
1640995209402000000,37168.15448528,95.41740526,SELL,9402
1640995209403000000,37168.14138029,14.64804823,SELL,9403
1640995209404000000,37167.62374236,77.27361285,SELL,9404
1640995209405000000,37166.09850614,80.00609791,SELL,9405
1640995209406000000,37157.78343355,67.94550391,SELL,9406
1640995209407000000,37158.61131082,85.88758171,SELL,9407
1640995209408000000,37161.12587740,84.21919991,SELL,9408
1640995209409000000,37158.90750796,55.71766764,SELL,9409
1640995209410000000,37164.65782171,92.05180011,SELL,9410
1640995209411000000,37162.33686409,32.34517074,SELL,9411
1640995209412000000,37166.19583853,38.66957210,SELL,9412
1640995209413000000,37166.87056770,49.56696349,BUY,9413
1640995209414000000,37170.66798286,103.40299512,SELL,9414
1640995209415000000,37174.32483026,25.62124839,SELL,9415
1640995209416000000,37165.64616425,44.71360383,BUY,9416
1640995209417000000,37165.05072433,51.54989422,SELL,9417
1640995209418000000,37165.91562484,77.17773687,BUY,9418
1640995209419000000,37166.78243271,64.65826777,BUY,9419
1640995209420000000,37170.85845262,62.14913535,SELL,9420
1640995209421000000,37169.32852578,16.49641473,BUY,9421
1640995209422000000,37172.35819369,83.41875679,BUY,9422
1640995209423000000,37172.77315478,69.15315360,SELL,9423
1640995209424000000,37173.42882093,102.73955029,BUY,9424
1640995209425000000,37167.45395216,99.05580990,SELL,9425
1640995209426000000,37168.82466175,52.04576503,SELL,9426
1640995209427000000,37171.37462878,73.68445632,BUY,9427
1640995209428000000,37167.06172169,11.87230832,SELL,9428
1640995209429000000,37162.98471712,44.25640903,BUY,9429
1640995209430000000,37164.40182848,26.60218521,SELL,9430
1640995209431000000,37165.11192163,24.43454461,SELL,9431
1640995209432000000,37164.15709175,75.83647822,BUY,9432
1640995209433000000,37165.58142864,105.75729197,SELL,9433
1640995209434000000,37167.53927095,45.18368873,SELL,9434
1640995209435000000,37164.86963550,31.30488260,BUY,9435
1640995209436000000,37166.01163704,42.22687043,SELL,9436
1640995209437000000,37164.82714557,47.91053830,BUY,9437
1640995209438000000,37158.47936168,62.81372547,BUY,9438
1640995209439000000,37897.86822925,10.96534525,BUY,9439
1640995209440000000,37900.67470076,71.88000926,SELL,9440
1640995209441000000,37903.08138345,57.10764688,SELL,9441
1640995209442000000,37906.76043363,64.02206718,SELL,9442
1640995209443000000,37904.81781541,15.29835828,SELL,9443
1640995209444000000,37909.76890944,18.65940874,BUY,9444
1640995209445000000,37912.35785650,85.77561444,BUY,9445
1640995209446000000,37909.42261964,54.14262532,BUY,9446
1640995209447000000,37910.33291215,59.59635747,SELL,9447
1640995209448000000,37910.40931676,86.46945672,BUY,9448
1640995209449000000,37915.78113511,59.15910114,BUY,9449
1640995209450000000,37919.62235809,30.32149123,SELL,9450
1640995209451000000,37917.24348700,15.65605354,SELL,9451
1640995209452000000,37909.62389806,11.37317583,SELL,9452
1640995209453000000,37902.14904368,104.71434592,SELL,9453
1640995209454000000,37900.54309658,15.61027061,BUY,9454
1640995209455000000,37899.43089832,13.88486290,BUY,9455
1640995209456000000,37896.07665056,38.73854412,SELL,9456
1640995209457000000,37890.75326064,106.50182071,SELL,9457
1640995209458000000,37884.05788104,109.74657673,SELL,9458
1640995209459000000,37888.42179163,31.68828670,BUY,9459
1640995209460000000,37887.17447024,71.51711240,SELL,9460
1640995209461000000,37887.15455387,73.47471160,BUY,9461
1640995209462000000,37884.21020878,99.87433715,BUY,9462
1640995209463000000,37888.59380718,24.28420618,BUY,9463
1640995209464000000,37887.15282916,50.68899352,BUY,9464
1640995209465000000,37885.17378217,12.59419203,BUY,9465
1640995209466000000,37883.84719092,40.54909554,SELL,9466
1640995209467000000,37888.27427256,76.31218188,BUY,9467
1640995209468000000,37888.05075045,71.55033697,SELL,9468
1640995209469000000,37884.69691557,63.63628613,SELL,9469
1640995209470000000,37883.55753592,57.13534393,BUY,9470
1640995209471000000,37884.66445584,32.96882484,BUY,9471
1640995209472000000,37887.68125592,44.96168239,SELL,9472
1640995209473000000,37883.33177546,20.46264925,SELL,9473
1640995209474000000,37889.37841044,71.19519384,BUY,9474
1640995209475000000,37889.28032527,30.44593762,BUY,9475
1640995209476000000,37893.32171715,15.64502541,SELL,9476
1640995209477000000,37896.88105082,104.04308552,BUY,9477
1640995209478000000,37896.73613289,18.51443155,SELL,9478
1640995209479000000,37894.11112837,80.96392544,BUY,9479
1640995209480000000,37896.57181461,70.65880990,SELL,9480
1640995209481000000,37889.70711804,75.19361383,BUY,9481
1640995209482000000,37891.13265782,93.24558414,SELL,9482
1640995209483000000,37893.55992380,69.78246729,BUY,9483
1640995209484000000,37890.82518651,54.49673231,SELL,9484
1640995209485000000,37894.79724482,87.22956327,BUY,9485
1640995209486000000,37898.30060939,51.81615521,BUY,9486
1640995209487000000,37895.41037605,97.35743272,BUY,9487
1640995209488000000,37895.02219270,15.16409507,SELL,9488
1640995209489000000,37893.58611666,100.12285713,BUY,9489
1640995209490000000,37896.51162633,61.51423523,BUY,9490
1640995209491000000,37898.01941228,92.29151863,BUY,9491
1640995209492000000,37902.67901080,90.14077100,SELL,9492
1640995209493000000,37905.56696774,63.27221345,BUY,9493
1640995209494000000,37905.87716299,87.94185235,BUY,9494
1640995209495000000,37912.15540965,24.08098841,SELL,9495
1640995209496000000,37908.90813472,16.79972905,SELL,9496
1640995209497000000,37915.83299507,51.74677291,BUY,9497
1640995209498000000,37921.25854474,37.82567258,BUY,9498
1640995209499000000,37924.79198807,82.54202649,BUY,9499
1640995209500000000,37929.38232782,107.75914253,BUY,9500
1640995209501000000,37922.27024643,92.33221136,SELL,9501
1640995209502000000,37921.30558729,52.21308168,BUY,9502
1640995209503000000,37915.09354726,10.02412992,SELL,9503
1640995209504000000,37917.27063426,85.97310830,BUY,9504
1640995209505000000,37920.24955117,107.18885388,SELL,9505
1640995209506000000,37917.34170535,39.98202273,SELL,9506
1640995209507000000,37916.78006503,78.07736057,SELL,9507
1640995209508000000,37921.06283963,69.38481462,SELL,9508
1640995209509000000,37920.93002768,98.00182972,SELL,9509
1640995209510000000,37915.73313683,19.66610887,BUY,9510
1640995209511000000,37919.69635764,17.42796107,BUY,9511
1640995209512000000,37924.95348436,52.67234581,SELL,9512
1640995209513000000,37924.60559249,71.79659348,BUY,9513
1640995209514000000,37922.01008521,69.40793071,SELL,9514
1640995209515000000,37924.78066889,44.71587309,BUY,9515
1640995209516000000,37930.37570683,30.29115852,BUY,9516
1640995209517000000,37922.27461442,38.68241898,BUY,9517
1640995209518000000,37922.11669598,69.26792870,BUY,9518
1640995209519000000,37920.09294021,91.95693798,BUY,9519
1640995209520000000,37919.99223661,107.79013957,BUY,9520
1640995209521000000,37917.00396937,80.75379546,BUY,9521
1640995209522000000,37920.06327573,76.95705713,BUY,9522
1640995209523000000,37926.74522423,13.50534624,BUY,9523
1640995209524000000,37928.70434978,36.65068120,SELL,9524
1640995209525000000,37930.32441703,41.24859252,BUY,9525
1640995209526000000,37933.67070216,74.78509454,BUY,9526
1640995209527000000,37929.90455228,45.42331810,BUY,9527
1640995209528000000,37930.14989408,85.96708893,BUY,9528
1640995209529000000,37930.74761381,99.12489301,SELL,9529
1640995209530000000,37934.44640658,67.04119879,SELL,9530
1640995209531000000,37932.64013449,14.05472702,BUY,9531
1640995209532000000,37925.65631571,100.88896936,SELL,9532
1640995209533000000,37924.42733748,53.87645934,BUY,9533
1640995209534000000,37920.49113070,61.78156361,BUY,9534
1640995209535000000,37915.58721274,42.63030504,SELL,9535
1640995209536000000,37909.06218999,30.53860383,BUY,9536
1640995209537000000,37904.71445284,20.43426841,BUY,9537
1640995209538000000,37900.49392446,104.15735620,SELL,9538
1640995209539000000,37899.20179037,12.91994632,SELL,9539
1640995209540000000,37902.29041157,25.93690753,BUY,9540
1640995209541000000,37900.24310107,15.96631108,SELL,9541
1640995209542000000,37897.22102394,37.75861022,BUY,9542
1640995209543000000,37883.19314186,89.83111421,SELL,9543
1640995209544000000,37888.75728744,70.41511640,BUY,9544
1640995209545000000,37886.19733868,78.28883526,BUY,9545
1640995209546000000,37879.87755936,20.43392526,SELL,9546
1640995209547000000,37875.27869586,21.38298625,BUY,9547
1640995209548000000,37873.75264963,103.02479972,BUY,9548
1640995209549000000,37877.32875410,20.96511518,BUY,9549
1640995209550000000,37871.71963941,50.11704674,BUY,9550
1640995209551000000,37867.60391039,21.74602193,BUY,9551
1640995209552000000,37870.08722104,58.32112069,BUY,9552
1640995209553000000,37867.71878236,51.86261675,SELL,9553
1640995209554000000,37875.32038951,25.28688499,SELL,9554
1640995209555000000,37874.69705251,41.33078934,SELL,9555
1640995209556000000,37874.44108269,41.05268102,SELL,9556
1640995209557000000,37874.08547803,83.97254412,SELL,9557
1640995209558000000,37874.36738233,84.42413820,BUY,9558
1640995209559000000,37880.86322409,80.58099223,SELL,9559
1640995209560000000,37876.00347600,17.84230452,BUY,9560
1640995209561000000,37872.29677101,82.59516343,BUY,9561
1640995209562000000,37875.23761580,51.79477934,BUY,9562
1640995209563000000,37880.79121340,47.90134496,SELL,9563
1640995209564000000,37882.30463946,99.05323351,SELL,9564
1640995209565000000,37878.58025301,52.93689941,SELL,9565
1640995209566000000,37872.90254810,69.95160357,SELL,9566
1640995209567000000,37868.52647623,23.68201773,SELL,9567
1640995209568000000,37867.59747792,79.65021524,BUY,9568
1640995209569000000,37864.46714664,61.84794878,SELL,9569
1640995209570000000,37863.22138628,16.17383282,SELL,9570
1640995209571000000,37863.35760170,31.17377276,BUY,9571
1640995209572000000,37861.40779133,17.05888763,BUY,9572
1640995209573000000,37866.96457658,62.03369833,SELL,9573
1640995209574000000,37864.41271004,93.98063918,BUY,9574
1640995209575000000,37866.73152899,82.31586585,SELL,9575
1640995209576000000,37865.98700736,75.63198446,SELL,9576
1640995209577000000,37865.73962033,65.95474911,SELL,9577
1640995209578000000,37866.93848994,78.10747504,SELL,9578
1640995209579000000,37868.14259397,69.30362386,SELL,9579
1640995209580000000,37873.35718238,86.23238944,SELL,9580
1640995209581000000,37874.58083015,42.14779018,SELL,9581
1640995209582000000,37873.10076865,15.85452101,SELL,9582
1640995209583000000,37872.32396457,12.07359061,SELL,9583
1640995209584000000,37871.24822647,97.94685512,SELL,9584
1640995209585000000,37871.89743526,74.15266145,SELL,9585
1640995209586000000,37876.94353595,49.77763851,BUY,9586
1640995209587000000,37880.14628871,45.40030493,BUY,9587
1640995209588000000,37881.22144194,90.08982409,SELL,9588
1640995209589000000,37879.22607426,102.89340835,BUY,9589
1640995209590000000,37877.22130167,94.10775408,BUY,9590
1640995209591000000,37871.41663561,44.47615451,SELL,9591
1640995209592000000,37871.11014879,87.74451593,SELL,9592
1640995209593000000,37870.13744623,20.98023400,SELL,9593
1640995209594000000,37868.67366132,92.43280510,BUY,9594
1640995209595000000,37868.80871869,28.28199661,BUY,9595
1640995209596000000,37867.62853211,19.30840641,SELL,9596
1640995209597000000,37870.39886647,14.43318351,SELL,9597
1640995209598000000,37863.94765657,59.29689196,SELL,9598
1640995209599000000,37862.32910078,31.15677336,BUY,9599
1640995209600000000,37862.00039242,45.12898284,BUY,9600
1640995209601000000,37865.75524475,68.20855286,SELL,9601
1640995209602000000,37871.75328283,96.90219926,BUY,9602
1640995209603000000,37867.21805332,104.12620027,SELL,9603
1640995209604000000,37864.87431181,106.78963863,SELL,9604
1640995209605000000,37859.41264456,76.43971018,SELL,9605
1640995209606000000,37855.20137115,96.53675585,SELL,9606
1640995209607000000,37848.53607014,55.96748933,SELL,9607
1640995209608000000,37841.70819189,82.41638370,SELL,9608
1640995209609000000,37844.16748532,61.55260032,SELL,9609
1640995209610000000,37843.87709413,81.30061805,BUY,9610
1640995209611000000,37852.23875925,96.92028987,SELL,9611
1640995209612000000,37851.21190159,88.92211619,BUY,9612
1640995209613000000,37845.34358277,97.67278468,SELL,9613
1640995209614000000,37843.01927040,105.31472497,SELL,9614
1640995209615000000,37847.58705152,21.31999257,BUY,9615
1640995209616000000,37846.47282752,54.56173141,BUY,9616
1640995209617000000,37847.54368625,53.19991920,SELL,9617
1640995209618000000,37850.73947598,31.88813781,SELL,9618
1640995209619000000,37854.64346506,81.98677069,BUY,9619
1640995209620000000,37856.20844033,101.70425293,SELL,9620
1640995209621000000,37859.69774734,60.00148766,BUY,9621
1640995209622000000,37858.73497311,36.38476475,BUY,9622
1640995209623000000,37858.70192984,59.81402662,BUY,9623
1640995209624000000,37856.61803201,102.29944674,BUY,9624
1640995209625000000,37858.70571019,21.40938959,BUY,9625
1640995209626000000,37858.31556923,85.26531253,SELL,9626
1640995209627000000,37853.38752901,94.10067301,SELL,9627
1640995209628000000,37851.86825352,50.36555277,BUY,9628
1640995209629000000,37849.96429326,46.39043447,BUY,9629
1640995209630000000,37848.49343624,92.24979885,SELL,9630
1640995209631000000,37846.22234647,20.38275294,BUY,9631
1640995209632000000,37843.62049573,33.30672318,BUY,9632
1640995209633000000,37846.34952358,19.48952684,SELL,9633
1640995209634000000,37851.27589846,100.55338079,SELL,9634
1640995209635000000,37849.18458284,94.10380032,SELL,9635
1640995209636000000,37848.11576041,66.24253237,BUY,9636
1640995209637000000,37845.80461153,80.46651893,SELL,9637
1640995209638000000,37843.98260863,47.94606424,BUY,9638
1640995209639000000,37841.24912993,108.41548176,SELL,9639
1640995209640000000,37843.83459297,109.11956416,SELL,9640
1640995209641000000,37851.18839110,78.78254421,BUY,9641
1640995209642000000,37856.24651002,73.84635722,BUY,9642
1640995209643000000,37857.94587936,30.87236152,SELL,9643
1640995209644000000,37858.21210946,102.67409902,SELL,9644
1640995209645000000,37860.17005918,47.58403925,BUY,9645
1640995209646000000,37862.41434046,21.47172284,SELL,9646
1640995209647000000,37858.80455203,87.18478295,SELL,9647
1640995209648000000,37856.48938587,84.05102687,SELL,9648
1640995209649000000,37855.47994990,66.32854613,SELL,9649
1640995209650000000,37853.44081286,12.17665284,SELL,9650
1640995209651000000,37850.40790288,93.69778702,BUY,9651
1640995209652000000,37854.76328708,97.55931140,BUY,9652
1640995209653000000,37852.50470430,103.18407466,BUY,9653
1640995209654000000,37855.51299181,93.47844398,SELL,9654
1640995209655000000,37859.57359605,103.95791439,SELL,9655
1640995209656000000,37863.69387211,103.36016489,BUY,9656
1640995209657000000,37866.59141812,15.74535646,SELL,9657
1640995209658000000,37867.36927866,62.60573317,SELL,9658
1640995209659000000,37871.62383507,66.33250513,BUY,9659
1640995209660000000,37877.18718070,90.43372584,BUY,9660
1640995209661000000,37873.62142162,12.42769634,BUY,9661
1640995209662000000,37869.05535050,91.36269095,BUY,9662
1640995209663000000,37872.05211596,104.32878094,SELL,9663
1640995209664000000,37883.43047767,105.36694124,SELL,9664
1640995209665000000,37884.27083641,100.50716611,SELL,9665
1640995209666000000,37893.74098763,55.28559231,BUY,9666
1640995209667000000,37893.32975450,69.70954533,SELL,9667
1640995209668000000,37895.32753170,48.06718048,BUY,9668
1640995209669000000,37890.79652861,75.97935968,SELL,9669
1640995209670000000,37890.88917937,11.85432646,SELL,9670
1640995209671000000,37890.16631581,38.14515926,BUY,9671
1640995209672000000,37894.58869899,36.39401682,SELL,9672
1640995209673000000,37896.29925450,67.32390079,SELL,9673
1640995209674000000,37898.45499990,18.63556804,SELL,9674
1640995209675000000,37899.95979522,69.00110439,BUY,9675
1640995209676000000,37897.65704112,19.61563278,SELL,9676
1640995209677000000,37900.84186375,101.53419889,BUY,9677
1640995209678000000,37904.45466250,59.60553931,BUY,9678
1640995209679000000,37898.28843220,91.81842026,BUY,9679
1640995209680000000,37901.18016025,65.45255057,BUY,9680
1640995209681000000,37901.95334509,101.91541985,SELL,9681
1640995209682000000,37897.86122269,89.28037641,BUY,9682
1640995209683000000,37898.79355082,49.02978280,SELL,9683
1640995209684000000,37896.66985710,17.32173589,SELL,9684
1640995209685000000,37891.27775131,22.97729452,BUY,9685
1640995209686000000,37895.44569173,24.98218278,SELL,9686
1640995209687000000,37897.41906776,54.76217556,BUY,9687
1640995209688000000,37893.95848102,105.71067509,SELL,9688
1640995209689000000,37896.76848544,57.41880258,SELL,9689
1640995209690000000,37903.66370123,85.97389286,BUY,9690
1640995209691000000,37904.46853350,81.65054611,SELL,9691
1640995209692000000,37902.54220297,67.49166728,SELL,9692
1640995209693000000,37896.03135607,25.97367333,BUY,9693
1640995209694000000,37901.54259430,69.60874371,BUY,9694
1640995209695000000,37910.18310372,26.90384406,SELL,9695
1640995209696000000,37910.35377817,49.35943282,SELL,9696
1640995209697000000,37914.53172691,75.42185956,BUY,9697
1640995209698000000,37912.50525700,38.42786270,SELL,9698
1640995209699000000,37909.67331085,32.83319431,BUY,9699
1640995209700000000,37909.68172172,13.45112185,SELL,9700
1640995209701000000,37912.24291103,86.64645180,SELL,9701
1640995209702000000,37911.25738224,81.00144674,SELL,9702
1640995209703000000,37910.64467952,59.88994525,SELL,9703
1640995209704000000,37909.55496590,77.79796973,SELL,9704
1640995209705000000,37906.60910658,60.81928182,SELL,9705
1640995209706000000,37908.01925941,45.79236758,BUY,9706
1640995209707000000,37907.72510995,96.92025743,SELL,9707
1640995209708000000,37900.72184155,31.96926869,SELL,9708
1640995209709000000,37904.36042402,67.09011963,SELL,9709
1640995209710000000,37909.42723203,87.18024262,SELL,9710
1640995209711000000,37915.33158163,74.74273018,BUY,9711
1640995209712000000,37911.83562776,26.13232670,SELL,9712
1640995209713000000,37908.66891822,20.93294482,BUY,9713
1640995209714000000,37915.83653445,80.02504221,BUY,9714
1640995209715000000,37922.07474910,81.85134142,SELL,9715
1640995209716000000,37920.07391545,26.57206689,SELL,9716
1640995209717000000,37919.02712225,47.08725462,BUY,9717
1640995209718000000,37916.49775673,66.43167369,BUY,9718
1640995209719000000,37912.55996218,68.84553113,SELL,9719
1640995209720000000,37913.23262710,89.87992841,SELL,9720
1640995209721000000,37913.89215616,55.94159158,SELL,9721
1640995209722000000,37919.79772911,105.13488994,SELL,9722
1640995209723000000,37922.95106971,103.13671219,SELL,9723
1640995209724000000,37925.23047253,31.61352503,SELL,9724
1640995209725000000,37928.84989206,100.51153523,BUY,9725
1640995209726000000,37925.79299976,78.08075825,SELL,9726
1640995209727000000,37924.41262223,30.67064324,BUY,9727
1640995209728000000,37921.91240813,27.85023600,BUY,9728
1640995209729000000,37921.80538958,92.20497417,BUY,9729
1640995209730000000,37923.04057791,48.63734916,SELL,9730
1640995209731000000,37927.20003793,93.80374346,SELL,9731
1640995209732000000,37925.85075183,22.42962019,SELL,9732
1640995209733000000,37932.50877669,28.45766442,BUY,9733
1640995209734000000,37932.25210028,21.65840793,SELL,9734
1640995209735000000,37932.39058401,66.43723906,BUY,9735
1640995209736000000,37931.07192983,17.86807443,BUY,9736
1640995209737000000,37929.85618060,13.38091627,BUY,9737
1640995209738000000,37932.54297656,84.14129495,BUY,9738
1640995209739000000,37935.50993747,17.51058113,SELL,9739
1640995209740000000,37934.52686932,66.57484906,BUY,9740
1640995209741000000,37930.01351666,66.79662945,SELL,9741
1640995209742000000,37930.18288601,95.16172838,SELL,9742
1640995209743000000,37930.41383216,88.95630240,SELL,9743
1640995209744000000,37927.47588162,95.19656321,BUY,9744
1640995209745000000,37927.06430320,51.99319616,SELL,9745
1640995209746000000,37930.14616866,62.49268775,BUY,9746
1640995209747000000,37930.53316911,46.39765059,BUY,9747
1640995209748000000,37938.13494616,80.32887186,BUY,9748
1640995209749000000,37942.98171058,23.16837238,BUY,9749
1640995209750000000,37945.77339647,18.34986574,BUY,9750
1640995209751000000,37943.82379486,38.27913218,SELL,9751
1640995209752000000,37945.15786062,37.89903597,SELL,9752
1640995209753000000,37940.22991675,66.89718773,SELL,9753
1640995209754000000,38692.13816566,57.38311371,BUY,9754
1640995209755000000,38691.69792153,70.59951207,BUY,9755
1640995209756000000,38691.17582484,73.51758698,BUY,9756
1640995209757000000,38695.14145485,90.15733432,BUY,9757
1640995209758000000,38706.84663478,87.20192604,SELL,9758
1640995209759000000,38705.99433338,109.78220523,BUY,9759
1640995209760000000,38697.64179626,38.44411306,BUY,9760
1640995209761000000,38697.25859883,24.09639032,SELL,9761
1640995209762000000,38696.71505897,11.90832468,BUY,9762
1640995209763000000,38698.96960953,68.54709633,BUY,9763
1640995209764000000,38692.71955911,69.15919794,SELL,9764
1640995209765000000,38691.54608780,105.42637496,BUY,9765
1640995209766000000,38693.20505115,14.64355558,SELL,9766
1640995209767000000,38689.90998553,82.25105271,SELL,9767
1640995209768000000,38689.18652276,19.12840168,SELL,9768
1640995209769000000,38693.14277703,43.63024894,SELL,9769
1640995209770000000,38690.46646870,18.61114425,SELL,9770
1640995209771000000,38687.72580187,44.52212294,BUY,9771
1640995209772000000,38687.24703934,108.56453064,SELL,9772
1640995209773000000,38689.88274094,104.72201263,SELL,9773
1640995209774000000,38694.22516053,104.62458710,BUY,9774
1640995209775000000,38698.26932893,40.85409876,BUY,9775
1640995209776000000,38700.64146877,63.46774527,SELL,9776
1640995209777000000,38708.34803055,12.30263287,BUY,9777
1640995209778000000,38711.48123982,85.85098445,SELL,9778
1640995209779000000,38712.69575850,93.60726710,SELL,9779
1640995209780000000,38711.22455561,79.97714371,SELL,9780
1640995209781000000,38716.66982496,97.65629581,BUY,9781
1640995209782000000,38718.93007377,31.98963840,BUY,9782
1640995209783000000,38722.91259659,63.25418461,SELL,9783
1640995209784000000,38716.82727295,88.86644911,SELL,9784
1640995209785000000,38720.20402301,72.76835616,SELL,9785
1640995209786000000,38716.42598678,41.69317267,BUY,9786
1640995209787000000,38714.13962000,53.83005773,SELL,9787
1640995209788000000,38717.14040336,39.16190093,BUY,9788
1640995209789000000,38721.54297709,72.42016058,BUY,9789
1640995209790000000,38727.51645911,34.99745626,SELL,9790
1640995209791000000,38730.78308700,53.23105060,BUY,9791
1640995209792000000,38728.04933975,41.62991540,BUY,9792
1640995209793000000,38723.14889763,83.32239485,BUY,9793
1640995209794000000,38723.23245678,108.48109730,BUY,9794
1640995209795000000,38723.60294825,40.67623859,SELL,9795
1640995209796000000,38718.54255504,38.72560143,BUY,9796
1640995209797000000,38719.03107447,61.87188862,BUY,9797
1640995209798000000,38715.67838245,99.30536144,SELL,9798
1640995209799000000,38717.03585653,109.88806731,BUY,9799
1640995209800000000,38711.24081616,35.85398691,SELL,9800
1640995209801000000,38711.87796112,51.07516141,SELL,9801
1640995209802000000,38717.07809592,35.33465139,SELL,9802
1640995209803000000,38715.21432101,19.28082051,SELL,9803
1640995209804000000,38713.18209826,40.16464657,BUY,9804
1640995209805000000,38711.97302296,70.44147381,BUY,9805
1640995209806000000,38716.17924491,94.50293491,BUY,9806
1640995209807000000,38712.26454582,93.82319283,BUY,9807
1640995209808000000,38711.62423980,97.24662356,BUY,9808
1640995209809000000,38712.25237148,98.57716999,BUY,9809
1640995209810000000,38712.98628498,20.84638448,SELL,9810
1640995209811000000,38712.74094063,102.64190842,BUY,9811
1640995209812000000,38709.61778159,29.47803269,SELL,9812
1640995209813000000,38708.32847861,95.10487360,SELL,9813
1640995209814000000,38707.88296850,107.49974071,SELL,9814
1640995209815000000,38704.92487275,73.71760850,BUY,9815
1640995209816000000,38702.06686832,106.25890529,BUY,9816
1640995209817000000,38704.71632240,15.98681697,BUY,9817
1640995209818000000,38708.91226475,54.42905150,BUY,9818
1640995209819000000,38701.99967335,76.67300040,BUY,9819
1640995209820000000,38700.59139681,53.72639261,SELL,9820
1640995209821000000,38700.52808005,78.56085180,BUY,9821
1640995209822000000,38699.94551962,49.90235739,BUY,9822
1640995209823000000,38693.85981831,22.03030005,SELL,9823
1640995209824000000,38690.12555710,27.53396989,BUY,9824
1640995209825000000,38686.96803030,73.94896099,BUY,9825
1640995209826000000,38685.24287300,44.50937428,SELL,9826
1640995209827000000,38679.89370539,47.93767830,BUY,9827
1640995209828000000,38684.23217818,67.00047143,BUY,9828
1640995209829000000,38689.41172005,70.78086797,SELL,9829
1640995209830000000,38688.70718904,77.50708601,SELL,9830
1640995209831000000,38688.28350300,58.98540433,BUY,9831
1640995209832000000,38685.74606272,40.05192911,SELL,9832
1640995209833000000,38690.29765786,28.78183631,SELL,9833
1640995209834000000,38689.07244848,60.08902998,SELL,9834
1640995209835000000,38688.23367369,89.27197255,SELL,9835
1640995209836000000,38684.06504612,62.66411413,SELL,9836
1640995209837000000,38686.93561648,71.52948807,SELL,9837
1640995209838000000,38685.79074043,73.59644203,SELL,9838
1640995209839000000,38685.82066424,15.30080891,BUY,9839
1640995209840000000,38679.78505358,50.49406133,BUY,9840
1640995209841000000,38673.26807813,38.15559553,SELL,9841
1640995209842000000,38668.85253029,96.58658605,BUY,9842
1640995209843000000,38666.92587396,44.39458273,SELL,9843
1640995209844000000,38669.47201773,37.82278007,SELL,9844
1640995209845000000,38665.99673992,98.03702503,BUY,9845
1640995209846000000,38662.57996714,99.09666137,BUY,9846
1640995209847000000,38657.22708277,77.69898183,BUY,9847
1640995209848000000,38655.10024376,97.43401672,BUY,9848
1640995209849000000,38650.72937518,50.34433416,SELL,9849
1640995209850000000,38643.81793797,47.62174616,SELL,9850
1640995209851000000,38641.14496175,51.87823435,BUY,9851
1640995209852000000,38636.85499221,78.02759946,SELL,9852
1640995209853000000,38633.78959952,30.18970403,BUY,9853
1640995209854000000,38634.10724154,36.38711599,BUY,9854
1640995209855000000,38639.08711170,85.47012486,BUY,9855
1640995209856000000,38636.73004887,84.44038639,SELL,9856
1640995209857000000,38632.78515001,33.28058679,SELL,9857
1640995209858000000,38628.10150000,23.21898983,BUY,9858
1640995209859000000,38628.77669488,81.20508857,BUY,9859
1640995209860000000,38630.69410857,31.24959071,SELL,9860
1640995209861000000,38629.82688075,38.20676238,SELL,9861
1640995209862000000,38623.89016099,30.03746726,SELL,9862
1640995209863000000,38629.02085994,11.55508983,SELL,9863
1640995209864000000,38628.17382588,77.36048981,BUY,9864
1640995209865000000,38624.17256958,77.68406045,SELL,9865
1640995209866000000,38625.23507109,51.62338080,SELL,9866
1640995209867000000,38632.34606459,50.01108788,SELL,9867
1640995209868000000,38632.83104661,19.75496681,SELL,9868
1640995209869000000,38628.81073611,46.64308483,SELL,9869
1640995209870000000,38627.80502825,72.18805675,BUY,9870
1640995209871000000,38630.96415562,27.96398518,SELL,9871
1640995209872000000,38633.65025391,67.32216702,SELL,9872
1640995209873000000,38628.78922787,76.02271750,BUY,9873
1640995209874000000,38631.04817411,103.50254359,SELL,9874
1640995209875000000,38630.93271684,19.29690240,SELL,9875
1640995209876000000,38637.04535444,24.82386933,BUY,9876
1640995209877000000,38633.52761473,101.49686634,SELL,9877
1640995209878000000,38631.71830153,15.72366459,SELL,9878
1640995209879000000,38622.19699142,15.38836555,SELL,9879
1640995209880000000,38624.60898955,17.78110743,BUY,9880
1640995209881000000,38624.29695074,84.06270060,SELL,9881
1640995209882000000,38626.20371384,65.13203721,BUY,9882
1640995209883000000,38623.81219145,79.63808870,SELL,9883
1640995209884000000,38624.59931344,108.31940949,BUY,9884
1640995209885000000,38627.77810965,74.04453698,SELL,9885
1640995209886000000,38627.28829037,81.24721162,BUY,9886
1640995209887000000,38626.03628766,42.47983787,BUY,9887
1640995209888000000,38625.90429371,17.00077741,BUY,9888
1640995209889000000,38635.13530126,61.91455285,BUY,9889
1640995209890000000,38638.01132622,61.59632548,BUY,9890
1640995209891000000,38633.12811902,100.97471158,SELL,9891
1640995209892000000,38631.17520009,81.80635041,BUY,9892
1640995209893000000,38630.21405358,13.71883073,BUY,9893
1640995209894000000,38630.73073075,52.73970271,SELL,9894
1640995209895000000,38633.96712407,13.21985333,BUY,9895
1640995209896000000,38631.51169604,70.35709547,SELL,9896
1640995209897000000,38631.86059451,65.53422213,SELL,9897
1640995209898000000,38632.11235110,91.01860911,SELL,9898
1640995209899000000,38623.68886433,73.25238609,SELL,9899
1640995209900000000,38621.77504519,60.18827999,BUY,9900
1640995209901000000,38619.97613701,72.86052926,BUY,9901
1640995209902000000,38616.58576801,99.32398308,BUY,9902
1640995209903000000,38611.64512274,56.53092668,SELL,9903
1640995209904000000,38604.52198998,68.57325322,SELL,9904
1640995209905000000,38608.33169222,30.27479815,SELL,9905
1640995209906000000,38606.76179441,77.74222824,BUY,9906
1640995209907000000,38601.31756115,82.59440068,SELL,9907
1640995209908000000,38601.25923536,53.69216902,SELL,9908
1640995209909000000,38604.01617298,30.89518360,SELL,9909
1640995209910000000,38603.27623840,11.35701157,BUY,9910
1640995209911000000,38599.52565485,34.32072979,SELL,9911
1640995209912000000,38598.57523495,105.29324447,SELL,9912
1640995209913000000,38598.83082831,47.72296993,BUY,9913
1640995209914000000,38597.83014758,107.23433954,BUY,9914
1640995209915000000,38599.09727286,29.35577427,BUY,9915
1640995209916000000,38599.05779409,96.92958856,BUY,9916
1640995209917000000,39379.13139454,35.07934474,SELL,9917
1640995209918000000,39374.51283347,23.06992871,BUY,9918
1640995209919000000,39376.29535213,72.24219288,SELL,9919
1640995209920000000,39373.02842004,93.10899538,SELL,9920
1640995209921000000,39373.44841474,78.23215232,BUY,9921
1640995209922000000,39367.15515837,32.19585198,SELL,9922
1640995209923000000,39359.71920029,106.40842378,BUY,9923
1640995209924000000,39358.59491284,100.73642380,SELL,9924
1640995209925000000,39355.13404964,74.43335308,SELL,9925
1640995209926000000,39361.56898215,66.62908487,SELL,9926
1640995209927000000,39356.01329154,101.89794000,BUY,9927
1640995209928000000,39360.10709797,41.30130202,SELL,9928
1640995209929000000,39351.57489178,79.11867818,BUY,9929
1640995209930000000,39354.59414455,49.90493878,SELL,9930
1640995209931000000,39354.21361751,11.73623368,BUY,9931
1640995209932000000,39356.88537219,69.43093673,BUY,9932
1640995209933000000,39359.89673634,55.10389879,SELL,9933
1640995209934000000,39357.04842304,104.25680926,BUY,9934
1640995209935000000,39357.07796715,64.66203382,SELL,9935
1640995209936000000,39358.85587280,32.42005414,SELL,9936
1640995209937000000,39361.61871945,105.49123994,BUY,9937
1640995209938000000,39366.10561084,97.61805878,BUY,9938
1640995209939000000,39366.68879095,14.77990190,BUY,9939
1640995209940000000,39364.53524479,36.21311766,BUY,9940
1640995209941000000,39363.36921402,58.48297965,SELL,9941
1640995209942000000,39362.48012591,97.41400127,BUY,9942
1640995209943000000,39356.29044384,76.71291696,BUY,9943
1640995209944000000,39356.54617891,24.44241463,BUY,9944
1640995209945000000,39350.23275422,11.97534277,SELL,9945
1640995209946000000,39351.15453982,77.37345954,SELL,9946
1640995209947000000,39352.52371707,45.20126423,SELL,9947
1640995209948000000,39352.27463459,76.72203068,BUY,9948
1640995209949000000,39342.19914775,30.88491401,BUY,9949
1640995209950000000,39340.41303520,52.49517959,BUY,9950
1640995209951000000,39335.92312572,49.00363659,BUY,9951
1640995209952000000,39337.08758079,72.75431024,BUY,9952
1640995209953000000,39338.04584657,84.71220390,SELL,9953
1640995209954000000,39342.37008439,86.61491811,SELL,9954
1640995209955000000,39343.97161818,72.43405351,BUY,9955
1640995209956000000,39345.20902251,11.65301068,SELL,9956
1640995209957000000,39343.18429346,41.92759190,SELL,9957
1640995209958000000,39349.51488763,107.16888089,BUY,9958
1640995209959000000,39347.50774209,85.33006666,SELL,9959
1640995209960000000,39348.64417640,31.94588189,BUY,9960
1640995209961000000,39348.84461836,45.25716801,SELL,9961
1640995209962000000,39348.64578827,90.41093494,BUY,9962
1640995209963000000,39355.37582581,75.09857445,SELL,9963
1640995209964000000,39351.82678769,18.57050436,SELL,9964
1640995209965000000,39349.06022694,97.48799876,BUY,9965
1640995209966000000,39350.70845550,39.89512663,BUY,9966
1640995209967000000,39348.86447355,38.06895501,BUY,9967
1640995209968000000,39351.89728672,31.50981675,SELL,9968
1640995209969000000,39345.13323069,52.65877784,BUY,9969
1640995209970000000,39344.23920261,21.53878974,SELL,9970
1640995209971000000,39339.13943154,26.12309904,SELL,9971
1640995209972000000,39339.91206437,109.84851723,SELL,9972
1640995209973000000,39339.48974398,68.62435725,SELL,9973
1640995209974000000,39343.49425537,32.39333608,BUY,9974
1640995209975000000,39344.95050180,24.47755052,SELL,9975
1640995209976000000,39339.21434230,83.95764855,BUY,9976
1640995209977000000,39345.94407169,66.44508017,SELL,9977
1640995209978000000,39347.48802974,50.80965062,SELL,9978
1640995209979000000,39340.63142675,33.57506718,SELL,9979
1640995209980000000,39337.12921586,16.05329990,SELL,9980
1640995209981000000,39335.35677399,79.45891794,BUY,9981
1640995209982000000,39330.13827682,109.11067509,SELL,9982
1640995209983000000,39334.97294580,71.27496501,BUY,9983
1640995209984000000,39331.45086624,64.29375934,SELL,9984
1640995209985000000,39328.00536907,68.34951176,BUY,9985
1640995209986000000,39331.40477530,40.10076525,BUY,9986
1640995209987000000,39327.11802246,91.33873029,BUY,9987
1640995209988000000,39323.48659554,92.28777349,SELL,9988
1640995209989000000,39317.24520395,94.70837577,SELL,9989
1640995209990000000,39319.74393363,63.31319412,BUY,9990
1640995209991000000,39325.37414446,73.00047754,SELL,9991
1640995209992000000,39329.10159589,33.99205402,SELL,9992
1640995209993000000,39329.48022544,14.95639609,BUY,9993
1640995209994000000,39326.57306134,57.73008142,BUY,9994
1640995209995000000,39331.07166588,48.62544471,BUY,9995
1640995209996000000,39333.00582900,71.66772706,SELL,9996
1640995209997000000,39325.75611797,18.76332241,SELL,9997
1640995209998000000,39320.32943644,25.04173151,BUY,9998
1640995209999000000,39321.94816719,26.40620890,SELL,9999
